{"type":"FeatureCollection", "features": [
{"type":"Feature","geometry":{"type":"Polygon","coordinates":[[[31.28789,-22.40205],[31.42949,-22.29883],[32.37109,-21.33486],[32.42979,-21.29707],[32.35361,-21.13652],[32.47617,-20.9501],[32.47764,-20.71299],[32.5293,-20.61309],[32.67256,-20.51611],[32.86963,-20.21719],[32.99277,-19.98486],[33.00674,-19.87383],[32.83076,-19.5582],[32.77764,-19.38877],[32.84981,-19.10439],[32.7165,-19.00185],[32.72197,-18.82842],[32.85449,-18.76367],[32.99307,-18.35957],[32.95557,-18.08291],[32.95469,-17.76543],[32.98076,-17.4375],[32.96934,-17.25156],[32.88438,-17.03779],[32.87627,-16.88359],[32.94805,-16.7123],[32.7418,-16.67764],[32.63584,-16.58945],[32.24326,-16.44873],[31.93984,-16.42881],[31.6876,-16.21416],[31.48984,-16.17969],[31.23623,-16.02363],[30.43779,-15.99531],[30.40938,-15.97822],[30.39609,-15.64307],[29.72959,-15.64463],[29.48731,-15.69678],[29.28789,-15.77646],[28.91309,-15.98779],[28.85674,-16.14228],[28.83272,-16.42412],[28.76065,-16.53193],[28.39981,-16.66279],[27.93223,-16.89619],[27.75654,-17.06035],[27.63672,-17.26211],[27.43789,-17.51191],[27.0208,-17.9584],[26.77988,-18.0415],[26.57754,-18.02256],[26.3334,-17.9293],[26.13955,-17.91172],[25.9959,-17.96982],[25.86328,-17.95195],[25.63965,-17.82412],[25.45176,-17.84512],[25.25879,-17.79356],[25.22402,-17.91523],[25.28242,-18.04121],[25.38438,-18.14199],[25.48926,-18.35127],[25.76123,-18.64922],[25.81191,-18.79707],[25.93936,-18.93867],[25.95068,-19.08174],[26.16807,-19.53828],[26.24102,-19.56934],[26.67822,-19.89277],[27.0918,-20.0542],[27.22148,-20.1458],[27.28076,-20.47871],[27.62461,-20.48359],[27.69961,-20.53066],[27.7043,-20.76641],[27.66943,-21.06426],[27.84414,-21.26152],[27.97461,-21.50674],[28.04561,-21.57305],[28.53203,-21.65127],[29.03731,-21.81133],[29.01582,-21.93994],[29.10684,-22.06572],[29.23721,-22.07949],[29.36484,-22.19394],[29.66309,-22.14629],[29.90234,-22.18418],[30.19043,-22.29111],[30.46016,-22.329],[30.71162,-22.29785],[31.07344,-22.30781],[31.28789,-22.40205]]]},"properties":{"ADMIN":"Zimbabwe","NAME_EN":"Zimbabwe","ISO_A2_EH":"ZW","ISO_A2":"ZW","LABEL_X":29.925444,"LABEL_Y":-18.91164,"MIN_LABEL":2.5,"LABELRANK":3,"TINY":-99,"TYPE":"Sovereign country"}},
{"type":"Feature","geometry":{"type":"Polygon","coordinates":[[[30.39609,-15.64307],[30.35059,-15.34971],[30.25215,-15.1832],[30.23184,-14.99033],[30.67334,-14.81914],[31.53789,-14.57715],[31.72891,-14.49609],[32.27285,-14.32305],[33.20176,-14.01338],[33.14805,-13.94092],[32.99209,-14.02217],[32.86719,-13.81738],[32.76514,-13.76103],[32.77178,-13.65654],[32.67207,-13.61035],[32.85186,-13.45703],[32.96758,-13.225],[33,-12.89961],[32.94561,-12.80439],[33.02158,-12.63047],[33.39795,-12.48984],[33.49141,-12.33105],[33.34014,-12.3083],[33.25234,-12.1126],[33.30098,-11.88818],[33.28828,-11.61113],[33.22637,-11.53486],[33.37979,-11.15791],[33.26133,-10.89336],[33.34492,-10.81269],[33.46475,-10.7831],[33.65908,-10.59053],[33.55371,-10.39131],[33.52891,-10.23467],[33.31152,-10.03799],[33.35098,-9.86221],[33.25,-9.75957],[33.1957,-9.62617],[32.996,-9.62285],[32.91992,-9.40742],[32.48711,-9.21269],[32.4332,-9.15635],[32.2209,-9.12559],[32.12979,-9.07334],[31.94258,-9.054],[31.91865,-8.94219],[31.67363,-8.90879],[31.55625,-8.80547],[31.53486,-8.71328],[31.35059,-8.60703],[31.07637,-8.61191],[30.96836,-8.55098],[30.83066,-8.38555],[30.75117,-8.19365],[29.76621,-8.34375],[28.97227,-8.46494],[28.91777,-8.70059],[28.79356,-8.89102],[28.6165,-9.07227],[28.40068,-9.2248],[28.4002,-9.275],[28.54053,-9.51006],[28.63008,-9.83125],[28.60742,-10.39736],[28.63887,-10.66924],[28.54424,-10.80234],[28.4042,-11.35439],[28.35723,-11.48301],[28.48252,-11.81211],[28.57461,-11.9081],[28.85,-12.12051],[29.06436,-12.34883],[29.42754,-12.43125],[29.50488,-12.38613],[29.49199,-12.26689],[29.55977,-12.20244],[29.79512,-12.15547],[29.79531,-13.39277],[29.65176,-13.41435],[29.63027,-13.29853],[29.5542,-13.24893],[29.20186,-13.39834],[29.01426,-13.36885],[28.77315,-12.98193],[28.67295,-12.86133],[28.55088,-12.83613],[28.47441,-12.62334],[28.35772,-12.48203],[27.85742,-12.28486],[27.64434,-12.2668],[27.5334,-12.19531],[27.42363,-11.94453],[27.23809,-11.7835],[27.19639,-11.60508],[27.04609,-11.61592],[26.94961,-11.89883],[26.89043,-11.94355],[26.59639,-11.97207],[26.02598,-11.89014],[25.61885,-11.74414],[25.51191,-11.75342],[25.34941,-11.62305],[25.28262,-11.40498],[25.31934,-11.23691],[25.18486,-11.24297],[24.66826,-11.35293],[24.51856,-11.43848],[24.33516,-11.37129],[24.39629,-11.25518],[24.31992,-11.07178],[24.13652,-11.02598],[24.07842,-10.8915],[23.9665,-10.87178],[24.04668,-11.40537],[23.971,-11.63584],[23.98389,-11.725],[23.95889,-12.11777],[23.99131,-12.42217],[23.90938,-12.63613],[23.88242,-12.79902],[23.96807,-12.95693],[23.84316,-13.00098],[23.0415,-13.00098],[21.97891,-13.00098],[21.9793,-14.11963],[21.97949,-14.76143],[21.97979,-15.95557],[22.04023,-16.26279],[22.15068,-16.59717],[22.30508,-16.68955],[22.95586,-17.28574],[23.38066,-17.64062],[24.2749,-17.48106],[24.93242,-17.54346],[25.09219,-17.63437],[25.25879,-17.79356],[25.45176,-17.84512],[25.63965,-17.82412],[25.86328,-17.95195],[25.9959,-17.96982],[26.13955,-17.91172],[26.3334,-17.9293],[26.57754,-18.02256],[26.77988,-18.0415],[27.0208,-17.9584],[27.43789,-17.51191],[27.63672,-17.26211],[27.75654,-17.06035],[27.93223,-16.89619],[28.39981,-16.66279],[28.76065,-16.53193],[28.83272,-16.42412],[28.85674,-16.14228],[28.91309,-15.98779],[29.28789,-15.77646],[29.48731,-15.69678],[29.72959,-15.64463],[30.39609,-15.64307]]]},"properties":{"ADMIN":"Zambia","NAME_EN":"Zambia","ISO_A2_EH":"ZM","ISO_A2":"ZM","LABEL_X":26.395298,"LABEL_Y":-14.660804,"MIN_LABEL":3,"LABELRANK":3,"TINY":-99,"TYPE":"Sovereign country"}},
{"type":"Feature","geometry":{"type":"MultiPolygon","coordinates":[[[[53.08565,16.64839],[52.80059,17.26792],[52.7292,17.30039],[52.46455,17.89741],[51.97764,18.99614],[51.2584,18.89937],[50.35527,18.77778],[49.19238,18.62134],[49.04199,18.58179],[48.17217,18.15693],[47.57959,17.44834],[47.4418,17.11187],[47.14356,16.94668],[46.97568,16.95347],[46.77852,17.21211],[46.68203,17.26856],[46.31035,17.2313],[45.40654,17.31978],[45.14805,17.42744],[44.74678,17.43169],[44.54648,17.40435],[44.15596,17.39854],[43.91699,17.32471],[43.71299,17.36553],[43.59727,17.47144],[43.41797,17.51626],[43.19092,17.35938],[43.23691,17.26646],[43.15596,17.20503],[43.1165,16.94199],[43.18447,16.81182],[43.16504,16.6894],[43.03359,16.55039],[42.79932,16.37178],[42.83965,16.03203],[42.71719,15.65464],[42.7999,15.37163],[42.69785,15.32632],[42.65781,15.23281],[42.85566,15.13296],[42.93643,14.93857],[42.91299,14.86309],[43.02109,14.55488],[43.00625,14.48311],[43.09336,14.20366],[43.08906,14.01099],[43.23408,13.85894],[43.28262,13.63984],[43.23193,13.26709],[43.47529,12.83901],[43.4876,12.69883],[43.63438,12.74448],[43.92979,12.6165],[44.3585,12.66914],[44.61777,12.81724],[44.75527,12.76377],[45.03867,12.81587],[45.16387,12.99829],[45.39356,13.06704],[45.65732,13.33872],[45.91973,13.39429],[46.20313,13.42383],[46.50195,13.41558],[46.78887,13.46558],[46.97568,13.54746],[47.40772,13.66162],[47.6334,13.85845],[47.85508,13.95693],[47.98994,14.0481],[48.27783,13.99766],[48.66836,14.05015],[48.77998,14.12388],[49.00469,14.35503],[49.04805,14.45645],[49.3499,14.63779],[49.54863,14.72241],[49.90635,14.82813],[50.1669,14.85103],[50.52705,15.03818],[51.01514,15.14077],[51.32246,15.22627],[51.60371,15.33682],[52.21748,15.65552],[52.17402,15.95684],[52.23731,16.17139],[52.32773,16.29356],[52.58145,16.47036],[53.08565,16.64839]]],[[[53.76318,12.63682],[53.63848,12.70737],[53.43096,12.66357],[53.31582,12.53315],[53.59834,12.34229],[53.71885,12.31899],[54.12949,12.36065],[54.51113,12.55278],[54.1874,12.66401],[53.76318,12.63682]]]]},"properties":{"ADMIN":"Yemen","NAME_EN":"Yemen","ISO_A2_EH":"YE","ISO_A2":"YE","LABEL_X":45.874383,"LABEL_Y":15.328226,"MIN_LABEL":3,"LABELRANK":3,"TINY":-99,"TYPE":"Sovereign country"}},
{"type":"Feature","geometry":{"type":"MultiPolygon","coordinates":[[[[104.06397,10.39082],[103.98584,10.42695],[103.86797,10.3354],[103.95215,10.24292],[104.07578,10.22485],[104.06397,10.39082]]],[[[107.97266,21.50796],[107.80205,21.64517],[107.47139,21.59834],[107.35117,21.60889],[107.27207,21.71065],[107.17852,21.71709],[107.01982,21.83486],[107.00645,21.89341],[106.72949,22.00034],[106.66357,21.97891],[106.6542,22.24146],[106.53633,22.39541],[106.58242,22.57324],[106.70156,22.63774],[106.78027,22.77891],[106.5418,22.90835],[106.24941,22.86943],[106.14844,22.97007],[106.00098,22.97476],[105.84297,22.9228],[105.69121,23.02993],[105.54815,23.07266],[105.49453,23.18086],[105.27539,23.34522],[105.18906,23.28106],[104.86475,23.13638],[104.7957,22.91113],[104.68731,22.82222],[104.52686,22.8041],[104.37178,22.70405],[104.2125,22.80942],[104.05391,22.7523],[103.97139,22.55049],[103.91504,22.53823],[103.62022,22.78203],[103.52539,22.61157],[103.471,22.59741],[103.35606,22.75469],[103.1376,22.59297],[103.00537,22.45298],[102.83008,22.58716],[102.51719,22.74102],[102.42793,22.73281],[102.23701,22.46602],[102.12744,22.3792],[102.18301,22.28403],[102.58252,21.9043],[102.64082,21.71143],[102.69531,21.66211],[102.84522,21.73477],[102.94961,21.68135],[102.94863,21.56978],[102.85117,21.26592],[103.10449,20.89165],[103.46357,20.77983],[103.63506,20.69707],[103.79053,20.80952],[104.05205,20.94121],[104.19531,20.91397],[104.5832,20.64668],[104.39219,20.42476],[104.61885,20.37451],[104.69873,20.20532],[104.88867,20.16909],[104.92793,20.01812],[104.81514,19.904],[104.74316,19.75474],[104.54629,19.61055],[104.25986,19.6855],[104.03203,19.67515],[104.06289,19.48257],[103.89639,19.33999],[103.91836,19.26851],[104.10859,19.19556],[104.7165,18.80342],[105.11514,18.67886],[105.14541,18.6168],[105.08584,18.4501],[105.16328,18.33872],[105.3335,18.18965],[105.4582,18.1543],[105.58848,17.98369],[105.69141,17.73784],[106.00625,17.41528],[106.26953,17.2168],[106.42598,17.00254],[106.50225,16.9541],[106.54619,16.65073],[106.69609,16.45898],[106.83242,16.52627],[106.93066,16.35312],[107.06973,16.27983],[107.21738,16.13633],[107.39639,16.04302],[107.36065,15.92173],[107.18887,15.83862],[107.18955,15.74727],[107.33877,15.5605],[107.56426,15.3916],[107.65313,15.25523],[107.55527,15.05703],[107.48037,14.97988],[107.52451,14.87183],[107.51943,14.70508],[107.53525,14.64995],[107.44844,14.45122],[107.36445,14.3687],[107.33145,14.12661],[107.60547,13.43779],[107.47539,13.03037],[107.54356,12.70591],[107.55547,12.53999],[107.50645,12.36455],[107.39336,12.2605],[107.33008,12.31904],[107.15898,12.27705],[106.93066,12.07749],[106.76465,12.05234],[106.7001,11.9793],[106.41387,11.94844],[106.41074,11.73838],[106.33984,11.68184],[106.00606,11.75801],[105.85147,11.63501],[105.85606,11.29429],[106.16797,11.01231],[106.09883,10.79727],[105.93818,10.88516],[105.85332,10.86357],[105.75508,10.98999],[105.38652,10.94009],[105.31465,10.84517],[105.15947,10.89756],[105.02227,10.88687],[105.06113,10.73379],[104.85059,10.53447],[104.56426,10.51597],[104.42637,10.41123],[104.66348,10.16992],[104.80195,10.20273],[104.87324,10.1148],[105.02783,10.06743],[105.09258,9.90098],[104.90322,9.81626],[104.84522,9.60615],[104.81465,9.1855],[104.81856,8.80186],[104.89629,8.74663],[104.77041,8.59766],[104.8919,8.58325],[105.11436,8.6292],[105.32227,8.80112],[105.50098,9.09321],[106.16836,9.39673],[106.20615,9.50234],[106.1125,9.67358],[106.204,9.67544],[106.37803,9.5561],[106.48408,9.55942],[106.57246,9.64111],[106.44912,9.93965],[106.59561,9.85986],[106.65918,9.99141],[106.78525,10.11646],[106.64356,10.28892],[106.75742,10.2958],[106.8127,10.4333],[106.96611,10.44072],[107.08779,10.49834],[107.26152,10.39839],[107.47031,10.48584],[107.84512,10.7001],[108.00137,10.72036],[108.09492,10.89727],[108.27168,10.93428],[108.55127,11.15596],[108.70029,11.19927],[108.8208,11.31543],[108.98672,11.33638],[109.03965,11.59268],[109.13252,11.60107],[109.19863,11.72485],[109.15752,11.83711],[109.21572,12.0729],[109.20684,12.41538],[109.30469,12.39116],[109.21895,12.6458],[109.33555,12.7519],[109.42002,12.71904],[109.42393,12.95596],[109.27188,13.27935],[109.28809,13.45078],[109.25205,13.59053],[109.24707,13.85474],[109.30332,13.85645],[109.19141,14.27046],[109.08701,14.55259],[109.08486,14.71616],[108.93994,15.00147],[108.82129,15.37793],[108.67422,15.48359],[108.28604,15.98906],[108.26738,16.08979],[108.0294,16.3311],[107.83379,16.32246],[107.72412,16.48784],[107.35508,16.79375],[107.18037,16.89795],[107.11992,17.05552],[106.73574,17.36719],[106.47891,17.71958],[106.45938,17.87368],[106.49902,17.94644],[106.23955,18.2207],[106.06563,18.31636],[105.88828,18.50249],[105.62178,18.96631],[105.79111,19.29419],[105.81397,19.58745],[105.98408,19.93906],[106.16572,19.99204],[106.39551,20.20591],[106.51797,20.28887],[106.57285,20.39219],[106.55078,20.52656],[106.75342,20.73506],[106.67549,20.9605],[106.88623,20.95],[107.0752,20.99927],[107.16475,20.94873],[107.3543,21.05518],[107.40996,21.28481],[107.70723,21.40586],[107.80908,21.49712],[107.97266,21.50796]]]]},"properties":{"ADMIN":"Vietnam","NAME_EN":"Vietnam","ISO_A2_EH":"VN","ISO_A2":"VN","LABEL_X":105.387292,"LABEL_Y":21.715416,"MIN_LABEL":2,"LABELRANK":2,"TINY":2,"TYPE":"Sovereign country"}},
{"type":"Feature","geometry":{"type":"MultiPolygon","coordinates":[[[[-63.84936,11.13101],[-63.89311,11.16724],[-64.11279,11.00566],[-64.21367,11.08613],[-64.34863,11.0519],[-64.3625,10.96152],[-64.16089,10.95879],[-64.05469,10.88433],[-63.91763,10.88755],[-63.81728,11.00034],[-63.84936,11.13101]]],[[[-60.9979,8.86733],[-60.84917,8.9957],[-60.91582,9.07031],[-61.06919,8.94731],[-60.9979,8.86733]]],[[[-60.01753,8.54932],[-60.16748,8.61699],[-60.34023,8.62876],[-60.48149,8.54727],[-60.80098,8.59214],[-61.03599,8.49312],[-61.19375,8.4876],[-61.304,8.4104],[-61.6187,8.59746],[-61.24727,8.60034],[-61.12236,8.84336],[-61.05308,9.09512],[-60.97104,9.21519],[-60.84097,9.26367],[-60.79248,9.36074],[-61.01338,9.55645],[-61.30937,9.63306],[-61.5123,9.84751],[-61.76592,9.81382],[-61.83115,9.73306],[-61.90859,9.86992],[-62.11963,9.98486],[-62.19043,9.84219],[-62.32041,9.78306],[-62.51514,10.17612],[-62.66162,10.19858],[-62.7063,10.33306],[-62.84302,10.41792],[-62.84297,10.50723],[-62.69355,10.56299],[-62.37998,10.54688],[-62.23291,10.63398],[-62.24228,10.69956],[-62.70234,10.74981],[-62.94673,10.70708],[-63.18989,10.70918],[-63.49678,10.64326],[-63.87344,10.66377],[-64.20195,10.63267],[-64.15791,10.57925],[-63.86269,10.55815],[-63.83369,10.44854],[-64.18833,10.45781],[-64.85049,10.0981],[-65.1291,10.07007],[-65.48935,10.15942],[-65.65586,10.22847],[-65.85176,10.25776],[-66.09048,10.47295],[-66.10586,10.57461],[-66.24722,10.63223],[-66.98906,10.61065],[-67.1333,10.57041],[-67.58135,10.52373],[-67.87163,10.47207],[-68.13994,10.49273],[-68.23408,10.56914],[-68.32471,10.80874],[-68.3248,10.94932],[-68.39863,11.16099],[-68.82798,11.43174],[-69.05459,11.46104],[-69.23257,11.51846],[-69.63159,11.47993],[-69.71191,11.56421],[-69.81055,11.83687],[-69.83061,11.99561],[-70.00396,12.17788],[-70.20278,12.09839],[-70.28652,11.88604],[-70.19258,11.62461],[-69.81733,11.67207],[-69.7729,11.54131],[-69.88535,11.44434],[-70.04853,11.53032],[-70.23252,11.373],[-70.5456,11.26138],[-70.82051,11.20845],[-71.26435,10.99951],[-71.46953,10.96416],[-71.46113,10.83565],[-71.54463,10.77871],[-71.51787,10.62183],[-71.38662,10.26377],[-71.26221,10.1436],[-71.08174,9.8332],[-71.05269,9.70581],[-71.08584,9.34824],[-71.29795,9.12564],[-71.53662,9.04829],[-71.68672,9.07251],[-71.78135,9.25],[-71.76074,9.33574],[-71.97627,9.55322],[-71.99326,9.6415],[-72.11284,9.81558],[-71.95571,10.10806],[-71.66484,10.44375],[-71.59434,10.65737],[-71.69043,10.8355],[-71.73091,10.99468],[-71.6416,11.01353],[-71.83511,11.19033],[-71.94697,11.41445],[-71.95693,11.56992],[-71.86865,11.62734],[-71.48838,11.71875],[-71.31973,11.86191],[-71.53608,11.77407],[-71.9581,11.66641],[-72.0123,11.60195],[-72.24849,11.19644],[-72.44609,11.11426],[-72.69009,10.83584],[-72.86934,10.49126],[-72.94038,10.19575],[-73.00654,9.78916],[-73.06406,9.66821],[-73.35635,9.22686],[-73.19316,9.19414],[-73.0584,9.25957],[-72.96016,9.13516],[-72.79639,9.10898],[-72.66543,8.62759],[-72.41655,8.38198],[-72.35762,8.08731],[-72.44604,7.96611],[-72.47895,7.61323],[-72.44297,7.45488],[-72.20771,7.37026],[-72.08428,7.09688],[-71.89268,6.99033],[-71.6209,7.03291],[-71.21782,6.98521],[-71.01328,6.99443],[-70.81069,7.07759],[-70.65508,7.08276],[-70.3875,6.97261],[-70.09502,6.93794],[-69.43926,6.13491],[-69.26816,6.09971],[-69.08994,6.18438],[-68.93721,6.19819],[-68.73647,6.15679],[-68.47178,6.15654],[-68.14307,6.19751],[-67.85918,6.28989],[-67.56807,6.2418],[-67.48198,6.18027],[-67.43936,6.02554],[-67.63135,5.70938],[-67.64228,5.55879],[-67.69463,5.44751],[-67.78843,5.37549],[-67.8249,5.27046],[-67.81431,4.93081],[-67.85527,4.66548],[-67.85527,4.50688],[-67.79541,4.38071],[-67.7832,4.19824],[-67.66162,3.86426],[-67.49868,3.69111],[-67.31113,3.41587],[-67.35361,3.32266],[-67.83477,2.89282],[-67.59668,2.76934],[-67.48643,2.64365],[-67.21084,2.39014],[-67.21523,2.27549],[-67.11382,2.05059],[-66.88447,1.35825],[-66.87602,1.22305],[-66.42925,0.82168],[-66.30166,0.75195],[-66.06006,0.78535],[-65.81133,0.93726],[-65.68144,0.98345],[-65.56602,0.92607],[-65.47339,0.69126],[-65.36084,0.86865],[-65.26396,0.93189],[-65.10376,1.1081],[-64.81797,1.25713],[-64.73154,1.25332],[-64.48603,1.45278],[-64.3042,1.45527],[-64.11484,1.61929],[-64.03545,1.90444],[-63.84448,1.97671],[-63.57026,2.12051],[-63.46392,2.13604],[-63.39394,2.22251],[-63.38926,2.41191],[-63.92417,2.45244],[-64.04883,2.5251],[-64.00903,2.67188],[-64.03779,2.80151],[-64.21885,3.20469],[-64.22109,3.5874],[-64.27529,3.6627],[-64.56792,3.89981],[-64.81787,4.23227],[-64.72227,4.27441],[-64.57637,4.13989],[-64.25566,4.14033],[-64.12173,4.06699],[-64.02148,3.9291],[-63.65293,3.94082],[-63.52681,3.8937],[-63.37978,3.94287],[-63.29473,3.92227],[-62.96865,3.59395],[-62.85698,3.59346],[-62.7646,3.67295],[-62.71211,4.01792],[-62.60977,4.04228],[-62.41064,4.15674],[-62.15312,4.09839],[-61.55425,4.28779],[-61.47939,4.40225],[-61.36753,4.43301],[-61.28008,4.5169],[-61.10244,4.50469],[-61.00283,4.53525],[-60.90625,4.68682],[-60.74175,4.77412],[-60.62759,4.89253],[-60.60449,4.99458],[-60.67197,5.16435],[-60.74214,5.20205],[-61.37681,5.90698],[-61.30312,6.04951],[-61.12871,6.21431],[-61.15102,6.44653],[-61.20361,6.58838],[-61.1456,6.69453],[-60.93799,6.73276],[-60.87334,6.78691],[-60.71792,6.76831],[-60.39502,6.94536],[-60.32549,7.13398],[-60.52319,7.1437],[-60.6333,7.21108],[-60.60654,7.32085],[-60.71924,7.49868],[-60.51362,7.81318],[-60.38061,7.82764],[-60.17817,7.99404],[-60.03242,8.05356],[-59.96484,8.1916],[-59.83164,8.30596],[-60.01753,8.54932]]]]},"properties":{"ADMIN":"Venezuela","NAME_EN":"Venezuela","ISO_A2_EH":"VE","ISO_A2":"VE","LABEL_X":-64.599381,"LABEL_Y":7.182476,"MIN_LABEL":2.5,"LABELRANK":3,"TINY":-99,"TYPE":"Sovereign country"}},
{"type":"Feature","geometry":{"type":"Polygon","coordinates":[[[12.43916,41.89839],[12.43838,41.9062],[12.43057,41.90547],[12.43057,41.89756],[12.43916,41.89839]]]},"properties":{"ADMIN":"Vatican","NAME_EN":"Vatican City","ISO_A2_EH":"VA","ISO_A2":"VA","LABEL_X":12.453418,"LABEL_Y":41.903323,"MIN_LABEL":5,"LABELRANK":6,"TINY":4,"TYPE":"Sovereign country"}},
{"type":"Feature","geometry":{"type":"MultiPolygon","coordinates":[[[[166.7458,-14.82685],[166.60781,-14.63652],[166.52607,-14.75977],[166.52725,-14.8501],[166.64785,-15.21152],[166.63106,-15.40605],[166.82578,-15.63486],[166.93662,-15.57803],[167.09395,-15.58086],[167.19961,-15.48574],[167.13164,-15.13535],[167.0543,-14.97441],[166.98731,-14.94004],[166.92344,-15.13916],[166.81016,-15.15742],[166.7458,-14.82685]]],[[[167.4125,-16.0959],[167.33574,-15.9167],[167.19951,-15.88506],[167.15147,-16.08047],[167.21807,-16.15527],[167.31563,-16.11553],[167.38027,-16.2457],[167.44932,-16.55498],[167.61143,-16.49863],[167.75977,-16.51641],[167.83662,-16.44971],[167.71445,-16.31367],[167.4125,-16.0959]]],[[[168.44678,-16.77881],[168.36602,-16.75879],[168.19922,-16.59385],[168.12432,-16.69004],[168.18145,-16.804],[168.44678,-16.77881]]],[[[168.29668,-16.33652],[168.16387,-16.08164],[168.06426,-16.18125],[167.929,-16.22871],[168.02168,-16.31562],[168.29668,-16.33652]]],[[[168.4458,-17.54219],[168.27315,-17.55225],[168.1582,-17.71055],[168.25166,-17.78076],[168.52461,-17.79805],[168.54541,-17.68467],[168.4458,-17.54219]]],[[[167.91133,-15.43594],[168.00254,-15.2832],[167.82627,-15.31201],[167.67422,-15.45156],[167.84424,-15.48184],[167.91133,-15.43594]]],[[[168.21289,-15.97041],[168.26777,-15.89228],[168.1835,-15.5082],[168.12285,-15.68086],[168.21289,-15.97041]]],[[[167.58486,-14.26094],[167.50645,-14.14219],[167.40352,-14.28154],[167.58486,-14.26094]]],[[[167.48887,-13.90723],[167.54727,-13.77666],[167.48106,-13.70947],[167.3918,-13.78838],[167.48887,-13.90723]]],[[[169.49131,-19.54014],[169.35996,-19.45781],[169.33672,-19.3293],[169.24746,-19.34473],[169.21748,-19.47637],[169.34727,-19.62353],[169.43848,-19.64883],[169.49131,-19.54014]]],[[[169.33438,-18.94023],[169.20117,-18.7957],[169.14385,-18.63105],[169.01582,-18.64375],[168.98691,-18.87129],[169.24805,-18.9833],[169.33438,-18.94023]]]]},"properties":{"ADMIN":"Vanuatu","NAME_EN":"Vanuatu","ISO_A2_EH":"VU","ISO_A2":"VU","LABEL_X":166.908762,"LABEL_Y":-15.37153,"MIN_LABEL":4,"LABELRANK":4,"TINY":2,"TYPE":"Sovereign country"}},
{"type":"Feature","geometry":{"type":"MultiPolygon","coordinates":[[[[70.94678,42.24868],[70.71523,42.16865],[70.61328,42.05474],[70.41602,42.07856],[70.09561,41.82051],[69.95996,41.75405],[69.66387,41.67212],[69.40098,41.54189],[69.36836,41.49058],[69.06494,41.36694],[68.98691,41.20503],[68.73711,41.04189],[68.58408,40.87627],[68.60068,40.65996],[68.4957,40.60864],[68.2919,40.6561],[68.04766,40.80928],[68.11309,41.02861],[67.93574,41.19658],[66.81426,41.14238],[66.66865,41.27075],[66.53789,41.74126],[66.49863,41.99487],[66.00957,42.00488],[66.01553,42.3148],[66.04981,42.47275],[66.10029,42.99082],[65.80303,42.87695],[65.49619,43.31055],[65.27051,43.41753],[64.90547,43.7147],[64.44316,43.55117],[63.20703,43.62798],[62.07197,43.48936],[61.99023,43.49214],[61.16074,44.1686],[61.00791,44.3938],[60.18848,44.78398],[59.35957,45.17861],[58.55527,45.55537],[58.44941,45.54292],[57.47734,45.33745],[55.97568,44.99492],[55.97637,43.61763],[55.97686,42.46997],[55.97744,41.32222],[56.77363,41.28799],[57.01797,41.26348],[57.11885,41.35029],[57.01816,41.45059],[56.96406,41.85654],[57.22881,42.08447],[57.38174,42.1563],[57.81426,42.18984],[58.02891,42.48765],[58.23408,42.44771],[58.28867,42.5273],[58.15156,42.62808],[58.25967,42.68809],[58.47715,42.66284],[58.58906,42.77847],[58.87695,42.56148],[59.12315,42.52378],[59.27656,42.35615],[59.45107,42.29951],[59.8583,42.29517],[60.00606,42.19082],[59.9626,41.9544],[60.10693,41.90742],[60.07559,41.70054],[60.13799,41.59414],[60.08965,41.39941],[60.45498,41.22163],[60.75488,41.24575],[61.32891,41.19512],[61.49697,41.27607],[61.7999,41.16343],[61.95352,41.03061],[62.09502,40.6833],[62.18848,40.54121],[62.29805,40.46748],[62.375,40.33208],[62.4416,40.03623],[62.65068,39.8585],[63.50606,39.3771],[63.7208,39.18814],[64.16279,38.95361],[64.30996,38.9773],[64.65996,38.73604],[65.07666,38.53945],[65.61289,38.23857],[65.85713,38.26875],[66.17315,38.1667],[66.38975,38.05093],[66.57451,38.01079],[66.6293,37.93203],[66.52559,37.78574],[66.52227,37.34849],[66.82773,37.37129],[67.06885,37.33481],[67.19551,37.23521],[67.31973,37.20957],[67.51729,37.26665],[67.75898,37.17222],[67.79805,37.24497],[67.81436,37.48701],[68.0876,37.83545],[68.29404,38.03291],[68.33311,38.23779],[68.14414,38.38311],[68.04785,38.66929],[68.14854,38.89063],[68.10352,38.96201],[67.67656,39.0085],[67.6165,39.15029],[67.34961,39.24209],[67.42617,39.46558],[67.54248,39.55762],[67.71904,39.62139],[68.07715,39.56416],[68.46328,39.53672],[68.58613,39.63496],[68.63897,39.83887],[68.86875,39.90747],[68.80469,40.05034],[68.65254,40.18267],[68.95176,40.22261],[69.22832,40.1876],[69.3042,40.32739],[69.20625,40.56655],[69.31397,40.63477],[69.30938,40.72393],[69.41387,40.79717],[69.71289,40.65698],[70.29209,40.8917],[70.4415,41.02344],[70.75098,40.7396],[70.71201,40.66909],[70.38262,40.45352],[70.39824,40.36138],[70.53359,40.32451],[70.65313,40.20117],[70.95801,40.23887],[71.30469,40.28691],[71.69248,40.15234],[71.95566,40.25859],[72.13125,40.43862],[72.35772,40.40166],[72.40205,40.57808],[72.56748,40.52437],[72.77383,40.65039],[73.11289,40.78604],[72.99004,40.86011],[72.62041,40.88379],[72.36406,41.04346],[72.1873,41.02593],[72.16426,41.17373],[71.87861,41.19502],[71.79248,41.41313],[71.60225,41.50327],[71.60625,41.36743],[71.4209,41.3419],[71.4084,41.13604],[71.11074,41.15264],[70.78242,41.2625],[70.73438,41.40054],[70.6459,41.46035],[70.47139,41.41265],[70.18096,41.57144],[70.45498,41.72505],[70.63086,41.87549],[70.80332,41.92266],[70.84189,42.01963],[71.22852,42.16289],[71.03604,42.28467],[70.94678,42.24868]]],[[[71.20615,39.89258],[71.22871,40.04815],[71.08037,40.07988],[71.01172,39.89512],[71.20615,39.89258]]]]},"properties":{"ADMIN":"Uzbekistan","NAME_EN":"Uzbekistan","ISO_A2_EH":"UZ","ISO_A2":"UZ","LABEL_X":64.005429,"LABEL_Y":41.693603,"MIN_LABEL":3,"LABELRANK":3,"TINY":5,"TYPE":"Sovereign country"}},
{"type":"Feature","geometry":{"type":"Polygon","coordinates":[[[-53.3706,-33.74219],[-53.53765,-33.62285],[-53.53135,-33.1709],[-53.12559,-32.73672],[-53.23125,-32.62539],[-53.36274,-32.58115],[-53.60171,-32.40303],[-53.76172,-32.05684],[-53.9206,-31.95234],[-54.22056,-31.85518],[-54.36992,-31.74502],[-54.58765,-31.48516],[-54.896,-31.39121],[-55.03603,-31.279],[-55.09116,-31.31396],[-55.25464,-31.22559],[-55.36606,-31.04619],[-55.55732,-30.87598],[-55.87368,-31.06963],[-56.00469,-31.0792],[-55.99897,-30.83721],[-56.17617,-30.62842],[-56.83271,-30.10723],[-57.12051,-30.14443],[-57.21445,-30.2834],[-57.55229,-30.26123],[-57.60889,-30.18779],[-57.71269,-30.38447],[-57.87251,-30.59102],[-57.8106,-30.85859],[-57.89829,-30.97519],[-57.86841,-31.10439],[-58.05386,-31.49492],[-57.98799,-31.57617],[-58.04233,-31.76924],[-58.18901,-31.92422],[-58.16479,-32.18486],[-58.12305,-32.32187],[-58.20117,-32.47168],[-58.08232,-32.89365],[-58.09268,-32.96738],[-58.22158,-33.1291],[-58.36352,-33.18232],[-58.35337,-33.26006],[-58.43813,-33.71914],[-58.40019,-33.9124],[-58.20703,-34.10908],[-57.96123,-34.30693],[-57.8291,-34.47734],[-57.54346,-34.44805],[-57.1707,-34.45234],[-56.85518,-34.67666],[-56.46309,-34.77539],[-56.38784,-34.86103],[-56.11792,-34.90791],[-55.86294,-34.81094],[-55.67314,-34.77568],[-55.3706,-34.80762],[-55.23789,-34.8958],[-54.90229,-34.93281],[-54.16855,-34.6707],[-54.01025,-34.51699],[-53.7853,-34.38037],[-53.74292,-34.24951],[-53.53452,-34.01748],[-53.47246,-33.84932],[-53.3706,-33.74219]]]},"properties":{"ADMIN":"Uruguay","NAME_EN":"Uruguay","ISO_A2_EH":"UY","ISO_A2":"UY","LABEL_X":-55.966942,"LABEL_Y":-32.961127,"MIN_LABEL":3,"LABELRANK":4,"TINY":-99,"TYPE":"Sovereign country"}},
{"type":"Feature","geometry":{"type":"Polygon","coordinates":[[[158.31484,6.81367],[158.29463,6.95107],[158.13477,6.94482],[158.1834,6.80127],[158.31484,6.81367]]]},"properties":{"ADMIN":"Federated States of Micronesia","NAME_EN":"Federated States of Micronesia","ISO_A2_EH":"FM","ISO_A2":"FM","LABEL_X":158.234019,"LABEL_Y":6.887553,"MIN_LABEL":5,"LABELRANK":6,"TINY":-99,"TYPE":"Sovereign country"}},
{"type":"Feature","geometry":{"type":"Polygon","coordinates":[[[171.10195,7.13823],[171.09551,7.10928],[171.20234,7.07354],[171.22695,7.08696],[171.10195,7.13823]]]},"properties":{"ADMIN":"Marshall Islands","NAME_EN":"Marshall Islands","ISO_A2_EH":"MH","ISO_A2":"MH","LABEL_X":171.193609,"LABEL_Y":7.082568,"MIN_LABEL":5,"LABELRANK":6,"TINY":2,"TYPE":"Sovereign country"}},
{"type":"Feature","geometry":{"type":"Polygon","coordinates":[[[145.75195,15.13315],[145.78232,15.17461],[145.71318,15.21528],[145.68428,15.1251],[145.75195,15.13315]]]},"properties":{"ADMIN":"Northern Mariana Islands","NAME_EN":"Northern Mariana Islands","ISO_A2_EH":"MP","ISO_A2":"MP","LABEL_X":145.734397,"LABEL_Y":15.188188,"MIN_LABEL":5,"LABELRANK":6,"TINY":3,"TYPE":"Dependency"}},
{"type":"Feature","geometry":{"type":"Polygon","coordinates":[[[-64.76562,17.79434],[-64.88472,17.77227],[-64.88911,17.70171],[-64.68628,17.7061],[-64.76562,17.79434]]]},"properties":{"ADMIN":"United States Virgin Islands","NAME_EN":"United States Virgin Islands","ISO_A2_EH":"VI","ISO_A2":"VI","LABEL_X":-64.779172,"LABEL_Y":17.746706,"MIN_LABEL":5,"LABELRANK":6,"TINY":3,"TYPE":"Dependency"}},
{"type":"Feature","geometry":{"type":"Polygon","coordinates":[[[144.7418,13.25928],[144.77988,13.41113],[144.94082,13.57031],[144.83672,13.62236],[144.79033,13.52686],[144.64932,13.42871],[144.65,13.31348],[144.7418,13.25928]]]},"properties":{"ADMIN":"Guam","NAME_EN":"Guam","ISO_A2_EH":"GU","ISO_A2":"GU","LABEL_X":144.703614,"LABEL_Y":13.354173,"MIN_LABEL":3,"LABELRANK":6,"TINY":2,"TYPE":"Dependency"}},
{"type":"Feature","geometry":{"type":"Polygon","coordinates":[[[-170.72627,-14.35117],[-170.68916,-14.25742],[-170.82051,-14.31211],[-170.72627,-14.35117]]]},"properties":{"ADMIN":"American Samoa","NAME_EN":"American Samoa","ISO_A2_EH":"AS","ISO_A2":"AS","LABEL_X":-170.747153,"LABEL_Y":-14.32671,"MIN_LABEL":4,"LABELRANK":4,"TINY":3,"TYPE":"Dependency"}},
{"type":"Feature","geometry":{"type":"Polygon","coordinates":[[[-66.12939,18.44492],[-66.18857,18.47578],[-66.81289,18.49253],[-67.05962,18.52217],[-67.15864,18.49922],[-67.26406,18.3646],[-67.17246,18.22422],[-67.19688,17.99419],[-66.9,17.9479],[-66.77241,17.98657],[-66.51079,17.98701],[-66.40854,17.95059],[-66.1355,17.94946],[-65.9708,17.97436],[-65.83413,18.05732],[-65.62085,18.24233],[-65.62881,18.3814],[-66.07041,18.46899],[-66.12939,18.44492]]]},"properties":{"ADMIN":"Puerto Rico","NAME_EN":"Puerto Rico","ISO_A2_EH":"PR","ISO_A2":"PR","LABEL_X":-66.481065,"LABEL_Y":18.234668,"MIN_LABEL":3,"LABELRANK":5,"TINY":-99,"TYPE":"Dependency"}},
{"type":"Feature","geometry":{"type":"MultiPolygon","coordinates":[[[[-132.74687,56.52568],[-132.56797,56.57583],[-132.84253,56.79478],[-132.93081,56.52446],[-132.74687,56.52568]]],[[[-132.77988,56.24727],[-132.66938,56.28731],[-132.70605,56.44849],[-132.90205,56.45376],[-133.03501,56.34092],[-132.77988,56.24727]]],[[[-171.46304,63.64004],[-171.74639,63.70308],[-171.79097,63.42471],[-171.40117,63.33926],[-171.06123,63.4459],[-170.5271,63.3793],[-170.1896,63.19634],[-169.77778,63.09375],[-169.67637,62.9561],[-169.3647,63.17114],[-168.85239,63.17124],[-168.71602,63.3106],[-168.99604,63.34731],[-169.42759,63.34834],[-169.62412,63.43057],[-170.01738,63.49175],[-170.12183,63.61753],[-170.43042,63.69883],[-171.03486,63.5855],[-171.46304,63.64004]]],[[[-166.13545,60.38355],[-166.47568,60.38276],[-166.78438,60.29644],[-166.83633,60.21699],[-167.25171,60.23355],[-167.43643,60.20664],[-167.13887,60.00855],[-166.62764,59.86465],[-166.18755,59.77383],[-165.94673,59.89004],[-165.5918,59.91314],[-165.71235,60.06934],[-165.72969,60.31421],[-166.13545,60.38355]]],[[[-152.89805,57.82393],[-152.85039,57.89678],[-153.16045,57.97197],[-153.20029,57.82002],[-153.52446,57.73101],[-153.66265,57.85781],[-153.90444,57.81987],[-153.69316,57.66343],[-153.81836,57.59561],[-154.28144,57.63809],[-154.5353,57.55942],[-154.70596,57.33535],[-154.56934,57.20591],[-154.49878,57.03657],[-154.33896,56.9209],[-154.18433,57.00532],[-154.32441,57.13179],[-154.06533,57.13369],[-153.99937,57.04995],[-153.79321,56.9895],[-154.07085,56.82065],[-153.9727,56.77422],[-153.75723,56.85835],[-153.64653,57.02959],[-153.50356,57.13799],[-153.27436,57.22637],[-153.05161,57.23765],[-152.87905,57.3208],[-152.67905,57.34512],[-152.78135,57.45342],[-152.41221,57.45479],[-152.21621,57.577],[-152.41147,57.64609],[-152.51157,57.85147],[-152.89805,57.82393]]],[[[-130.0251,55.88823],[-130.0229,56.0145],[-130.41314,56.12251],[-130.4771,56.23057],[-130.7417,56.34082],[-131.08291,56.40483],[-131.5751,56.59883],[-131.82427,56.58999],[-131.86616,56.79282],[-132.1043,56.85679],[-132.03154,57.02656],[-132.33799,57.07944],[-132.23218,57.19854],[-132.55049,57.4999],[-133.27529,58.22285],[-133.42256,58.33706],[-133.40112,58.41089],[-133.82075,58.70503],[-134.21851,58.8499],[-134.44077,59.08535],[-134.94375,59.28828],[-135.07129,59.44146],[-135.05103,59.57866],[-135.47593,59.79326],[-135.93467,59.66265],[-136.32183,59.60483],[-136.24712,59.53291],[-136.46636,59.45908],[-136.46675,59.27993],[-136.57876,59.15225],[-136.81328,59.15005],[-137.27754,58.98818],[-137.43857,58.90313],[-137.59331,59.22627],[-138.63227,59.77827],[-138.70547,59.90132],[-139.04346,59.99326],[-139.18516,60.08359],[-139.07925,60.3437],[-139.67632,60.32832],[-139.97329,60.18315],[-140.45283,60.29971],[-140.52544,60.21836],[-141.00215,60.30024],[-141.00215,60.88467],[-141.00215,61.76128],[-141.00215,62.3457],[-141.00215,63.51445],[-141.00215,64.09888],[-141.00215,64.97554],[-141.00215,65.85215],[-141.00215,66.72876],[-141.00215,67.31314],[-141.00215,68.18975],[-141.00215,69.06636],[-141.00215,69.65078],[-141.40791,69.65337],[-141.69922,69.77036],[-142.29697,69.86987],[-142.70786,70.03379],[-143.21831,70.11626],[-143.74644,70.10195],[-144.4169,70.03901],[-144.61919,69.98213],[-145.19736,70.00869],[-145.82315,70.16006],[-146.74487,70.19175],[-147.06294,70.17041],[-147.70537,70.21724],[-147.86953,70.30327],[-148.24878,70.35674],[-148.4792,70.31792],[-148.68838,70.41631],[-149.26943,70.50078],[-149.87012,70.50967],[-150.15249,70.4437],[-150.66265,70.50991],[-151.2248,70.41875],[-151.94468,70.4521],[-152.4706,70.65361],[-152.23291,70.81035],[-152.49121,70.88096],[-153.23291,70.93257],[-153.91821,70.87734],[-154.19521,70.80112],[-154.7852,70.89429],[-154.67368,70.98711],[-155.16685,71.09922],[-155.57939,70.89434],[-155.87222,70.83467],[-156.14658,70.92783],[-155.80435,70.99541],[-155.57944,71.12109],[-155.81113,71.18843],[-156.7833,71.31895],[-157.19531,71.09326],[-157.60561,70.94126],[-157.99849,70.84531],[-158.99629,70.80161],[-159.3145,70.87852],[-159.68091,70.78677],[-159.96182,70.63408],[-159.74619,70.53047],[-159.85522,70.32417],[-160.09507,70.3333],[-159.96313,70.56816],[-160.11714,70.59121],[-160.63413,70.44639],[-160.99629,70.30459],[-161.63901,70.23452],[-161.88096,70.33174],[-162.9521,69.75811],[-163.09355,69.61069],[-163.16147,69.38794],[-163.53569,69.17012],[-163.86792,69.03667],[-164.30234,68.93648],[-165.50947,68.86758],[-166.20908,68.88535],[-166.18203,68.79722],[-166.38052,68.42515],[-166.57446,68.32026],[-166.23594,68.27793],[-165.95957,68.15591],[-165.38603,68.0456],[-164.12519,67.60674],[-163.94268,67.47759],[-163.72056,67.19556],[-163.53184,67.10259],[-163.00171,67.02729],[-162.39155,67.01987],[-161.96543,67.04956],[-161.62222,66.97935],[-161.87876,66.80396],[-161.85669,66.70034],[-161.39805,66.55186],[-160.86401,66.67085],[-160.6438,66.60498],[-160.26255,66.57246],[-160.23169,66.42026],[-160.65054,66.3731],[-161.04814,66.47422],[-161.59102,66.45952],[-161.90957,66.55962],[-162.1314,66.80137],[-162.36162,66.94731],[-162.60742,66.89439],[-162.46743,66.73565],[-162.19116,66.69312],[-161.8876,66.49307],[-161.82817,66.37085],[-161.54443,66.40703],[-161.12031,66.33433],[-161.20107,66.21939],[-161.55684,66.25054],[-161.81631,66.05366],[-162.58686,66.05083],[-162.88647,66.09922],[-163.69536,66.08384],[-164.03374,66.21553],[-163.77549,66.5311],[-164.05825,66.61074],[-164.67412,66.55503],[-165.06396,66.43784],[-165.44941,66.40991],[-165.77617,66.31904],[-165.84023,66.24507],[-165.72368,66.11255],[-166.2146,66.17026],[-166.74766,66.05186],[-167.07422,65.87705],[-167.40532,65.85933],[-167.58003,65.7583],[-168.08838,65.65776],[-167.98726,65.56777],[-167.404,65.42212],[-166.66538,65.33828],[-166.45166,65.24731],[-166.53101,65.15474],[-166.82695,65.09609],[-166.41523,64.92651],[-166.4814,64.72808],[-166.14277,64.58276],[-164.89951,64.46065],[-164.30395,64.58394],[-163.71309,64.58823],[-163.48618,64.54981],[-163.14434,64.42383],[-162.87642,64.51641],[-162.80703,64.37422],[-162.17227,64.67808],[-161.75937,64.81626],[-161.46636,64.79487],[-161.18691,64.92402],[-160.88696,64.79556],[-160.83604,64.68193],[-160.93193,64.5791],[-161.38569,64.43994],[-160.98755,64.25127],[-160.77856,63.81895],[-160.82651,63.72935],[-161.09971,63.55791],[-161.50542,63.46816],[-161.97397,63.45293],[-162.28281,63.5292],[-162.62148,63.26582],[-163.06226,63.07974],[-163.35884,63.04575],[-163.73623,63.19282],[-164.10762,63.26172],[-164.40903,63.21504],[-164.67744,63.02046],[-164.84541,62.80098],[-164.79268,62.62319],[-165.19453,62.47354],[-165.70728,62.10044],[-165.74394,62.01172],[-165.61279,61.86929],[-166.07881,61.80313],[-165.83457,61.6794],[-166.10049,61.64507],[-165.79712,61.49116],[-165.9063,61.40381],[-165.69136,61.2999],[-165.56587,61.10234],[-165.0771,61.09419],[-165.17549,60.96567],[-165.06563,60.92065],[-164.75395,60.9313],[-164.44155,60.86997],[-163.99463,60.8647],[-163.74902,60.96973],[-163.42095,60.75742],[-163.72998,60.58999],[-163.89492,60.74517],[-164.26567,60.72466],[-164.37007,60.7959],[-164.80518,60.89204],[-165.35381,60.54121],[-165.02651,60.50064],[-165.06113,60.41255],[-164.79995,60.30723],[-164.66226,60.30381],[-164.47051,60.14932],[-164.13154,59.99424],[-164.14282,59.89678],[-163.90688,59.80679],[-163.68037,59.80151],[-163.21938,59.84561],[-162.57075,59.98975],[-162.42134,60.28398],[-162.24248,60.17832],[-162.13813,59.98003],[-161.82871,59.58862],[-161.92012,59.36548],[-162.02329,59.28398],[-161.98105,59.14614],[-161.79448,59.10947],[-161.72436,58.79429],[-161.85649,58.71709],[-161.75547,58.61201],[-161.36133,58.66953],[-161.21592,58.80098],[-160.81709,58.87168],[-160.36313,59.05117],[-160.15259,58.90591],[-159.92022,58.81987],[-159.67026,58.91113],[-159.3582,58.72129],[-159.08267,58.46978],[-158.95068,58.40454],[-158.77212,58.52031],[-158.86138,58.71875],[-158.7606,58.9501],[-158.5144,59.07285],[-158.42563,58.99932],[-158.50317,58.85034],[-158.30259,58.6418],[-158.02192,58.64019],[-157.14204,58.87764],[-156.97466,58.73633],[-157.22886,58.64092],[-157.52363,58.42134],[-157.44268,58.17217],[-157.61089,58.05083],[-157.68398,57.7439],[-157.60757,57.60147],[-157.89434,57.51138],[-158.32095,57.2979],[-158.66079,57.0394],[-158.67515,56.79487],[-158.99038,56.86006],[-159.2831,56.68857],[-159.78506,56.56162],[-160.30205,56.31411],[-160.53906,56.0063],[-160.3085,55.86445],[-160.7584,55.85464],[-160.85132,55.77188],[-161.21562,56.02144],[-161.69731,55.90723],[-162.15713,55.71943],[-162.51338,55.45],[-162.96196,55.18384],[-163.1145,55.19395],[-163.27881,55.12183],[-163.28862,54.8376],[-163.1311,54.91655],[-163.11963,55.0647],[-162.86504,54.95454],[-162.67436,54.99658],[-162.64414,55.21802],[-162.5419,55.24273],[-162.33291,55.05024],[-162.07397,55.13931],[-161.74155,55.39116],[-161.68355,55.52993],[-161.45879,55.62915],[-161.3727,55.5563],[-161.47671,55.46489],[-161.38193,55.37129],[-161.09951,55.40571],[-160.89673,55.51362],[-160.46269,55.55781],[-159.9623,55.79487],[-159.74302,55.84375],[-159.52324,55.81001],[-158.78984,55.98691],[-158.62676,56.15469],[-158.52334,56.07246],[-158.27563,56.19624],[-158.38613,56.30156],[-158.4144,56.43584],[-157.97827,56.54316],[-157.86909,56.64522],[-157.57837,56.63447],[-157.39023,56.80981],[-157.13916,56.82656],[-156.77988,57.00562],[-156.629,57.00996],[-156.47515,57.10518],[-156.39766,57.24058],[-156.47842,57.32788],[-156.24219,57.44922],[-156.05537,57.44756],[-156.00019,57.54497],[-155.77798,57.56821],[-155.59023,57.73359],[-155.31274,57.80713],[-155.09927,57.91333],[-155.00689,58.01606],[-154.58491,58.05566],[-154.5706,58.11807],[-154.24702,58.15942],[-154.20806,58.28877],[-154.01987,58.49297],[-153.86196,58.58784],[-153.61733,58.65474],[-153.33442,58.85786],[-153.41826,58.95996],[-153.6564,59.03867],[-154.12983,59.11987],[-154.08833,59.36328],[-153.81416,59.47373],[-153.4144,59.74014],[-153.36401,59.65986],[-153.04814,59.73003],[-153.10605,59.87505],[-152.75947,59.9209],[-152.62856,60.04111],[-152.65395,60.23843],[-152.2603,60.40942],[-152.2707,60.52813],[-151.99624,60.68223],[-151.75049,60.75488],[-151.73398,60.91074],[-151.59351,60.97964],[-151.15015,61.08584],[-150.94551,61.19824],[-150.61226,61.30112],[-150.47178,61.25996],[-149.94521,61.29424],[-149.96772,61.12173],[-149.59248,60.99385],[-149.14224,60.93569],[-149.17285,60.88042],[-149.63247,60.952],[-149.99756,60.93516],[-150.44126,61.02358],[-150.95376,60.84121],[-151.32178,60.74292],[-151.31269,60.46646],[-151.45147,60.20264],[-151.73452,59.98833],[-151.85322,59.78208],[-151.76382,59.7],[-151.1894,59.6377],[-151.39961,59.51631],[-151.84995,59.40635],[-151.96406,59.28511],[-151.73818,59.18853],[-151.36636,59.24561],[-150.96074,59.24399],[-150.67744,59.42695],[-150.58154,59.5646],[-150.19805,59.56655],[-149.78247,59.75034],[-149.79477,59.85581],[-149.54917,59.89434],[-149.43223,60.00103],[-149.12158,60.0335],[-148.84272,59.95122],[-148.43071,59.98911],[-148.19761,60.16777],[-148.18169,60.39307],[-147.96411,60.48486],[-148.05068,60.56719],[-148.29639,60.53208],[-148.26787,60.69971],[-148.55737,60.80293],[-148.34443,60.85356],[-148.20869,61.02993],[-147.89111,60.88989],[-147.59258,60.97944],[-146.87402,61.00488],[-146.58271,61.12783],[-146.63843,60.89731],[-146.25102,60.74907],[-146.14902,60.66069],[-145.6749,60.65112],[-145.89888,60.47817],[-145.24829,60.38013],[-144.98403,60.53691],[-144.82441,60.53359],[-144.90132,60.33516],[-144.64297,60.22466],[-144.33262,60.19102],[-144.08852,60.08433],[-143.80508,60.01289],[-142.94565,60.09697],[-142.54858,60.08604],[-141.67017,59.96987],[-141.32954,60.08281],[-141.29463,59.98003],[-141.4083,59.90278],[-140.84316,59.74888],[-140.41982,59.71074],[-140.21675,59.72666],[-139.8502,59.83071],[-139.58218,59.84829],[-139.50557,59.72632],[-139.61162,59.6103],[-139.79912,59.54624],[-139.34097,59.37564],[-138.35249,59.08731],[-138.0269,58.94146],[-137.75,58.70708],[-137.54399,58.5812],[-137.07192,58.39522],[-136.58262,58.24522],[-136.4624,58.32798],[-136.12964,58.35039],[-136.10288,58.5063],[-136.56821,58.78633],[-136.8791,58.88154],[-136.83096,58.98384],[-136.56621,58.94092],[-136.22583,58.76548],[-136.04551,58.78911],[-135.86172,58.57705],[-135.87344,58.39424],[-135.57178,58.41206],[-135.30254,58.25591],[-135.04971,58.30679],[-135.33408,58.90962],[-135.38613,59.08755],[-135.50234,59.2023],[-135.35845,59.3249],[-135.13184,58.84287],[-134.9648,58.74219],[-134.77612,58.45386],[-134.48545,58.36719],[-134.20884,58.23296],[-134.06333,58.21108],[-134.0311,58.07217],[-133.5542,57.69507],[-133.43667,57.33687],[-133.46587,57.17217],[-132.81426,57.04072],[-132.8022,56.89517],[-132.48711,56.76641],[-132.18203,56.42065],[-132.02192,56.38008],[-131.84385,56.16011],[-132.00571,55.93008],[-132.22344,55.72105],[-132.11899,55.56978],[-131.9834,55.53501],[-131.86943,55.64717],[-131.78418,55.87656],[-131.2876,56.01211],[-131.12769,55.96016],[-130.91855,55.73599],[-130.85596,55.35513],[-131.04785,55.15767],[-130.84961,54.80762],[-130.57534,54.76968],[-130.21406,55.02588],[-130.03657,55.2979],[-130.14653,55.65449],[-130.0251,55.88823]]],[[[-163.47602,54.98071],[-163.60747,55.05083],[-163.86797,55.03911],[-164.27368,54.90005],[-164.52978,54.88086],[-164.7062,54.69199],[-164.88765,54.60781],[-164.82344,54.41909],[-164.46348,54.42734],[-164.23462,54.57134],[-164.07329,54.621],[-163.58301,54.62568],[-163.3581,54.73569],[-163.47602,54.98071]]],[[[-133.30508,55.54375],[-133.63423,55.53926],[-133.65019,55.26929],[-133.28169,55.49785],[-133.30508,55.54375]]],[[[-131.33975,55.07983],[-131.40464,55.21333],[-131.57783,55.20083],[-131.59512,55.09072],[-131.43135,54.99648],[-131.4062,54.89429],[-131.23203,54.90376],[-131.33975,55.07983]]],[[[-132.11235,56.10938],[-132.06689,56.24424],[-132.37983,56.49878],[-132.59873,56.24165],[-132.65991,56.07817],[-132.45117,56.05635],[-132.2873,55.9294],[-132.13296,55.94326],[-132.11235,56.10938]]],[[[-130.97915,55.48916],[-130.96597,55.66953],[-131.12065,55.85664],[-131.26924,55.95537],[-131.62495,55.83169],[-131.64756,55.58555],[-131.84609,55.41626],[-131.81099,55.2231],[-131.47451,55.37349],[-131.4207,55.27588],[-131.18789,55.2063],[-131.08276,55.2668],[-130.97915,55.48916]]],[[[-133.36621,57.00352],[-133.86597,57.0687],[-133.97944,57.00957],[-133.68096,56.79751],[-133.60278,56.46411],[-133.21265,56.4646],[-133.15664,56.61113],[-132.95918,56.67705],[-132.95415,56.88027],[-133.0708,56.97427],[-133.36621,57.00352]]],[[[-132.86226,54.89443],[-133.09741,55.21372],[-133.29658,55.32573],[-133.41797,55.21069],[-133.25117,55.17515],[-133.1227,54.96982],[-132.80727,54.70913],[-132.64697,54.75615],[-132.61724,54.89243],[-132.86226,54.89443]]],[[[-146.39394,60.44966],[-146.70254,60.40855],[-146.61831,60.27368],[-146.12827,60.39253],[-146.39394,60.44966]]],[[[-147.73589,59.81323],[-147.49932,59.89019],[-147.31846,60.07529],[-146.98672,60.25435],[-147.12002,60.36309],[-147.46582,60.09702],[-147.81435,59.90195],[-147.73589,59.81323]]],[[[-147.65825,60.45049],[-147.79453,60.45986],[-147.87134,60.22979],[-147.73213,60.22207],[-147.65825,60.45049]]],[[[-153.00708,57.12485],[-153.2852,57.18506],[-153.37461,57.0519],[-153.00708,57.12485]]],[[[-160.68491,55.3148],[-160.84653,55.31133],[-160.82549,55.17398],[-160.48755,55.18486],[-160.68491,55.3148]]],[[[-159.873,55.12876],[-159.89824,55.22129],[-160.17207,55.12305],[-160.03843,55.04448],[-159.873,55.12876]]],[[[-165.84155,54.07065],[-165.89287,54.20698],[-166.08774,54.16914],[-166.03643,54.04717],[-165.84155,54.07065]]],[[[-160.91899,58.5771],[-160.71514,58.79522],[-161.13149,58.66821],[-160.91899,58.5771]]],[[[-177.14819,51.71675],[-177.20977,51.84126],[-177.57759,51.69419],[-177.14819,51.71675]]],[[[173.72275,52.35957],[173.65762,52.5041],[173.40234,52.40479],[173.72275,52.35957]]],[[[-134.96977,57.35142],[-135.34629,57.53311],[-135.4873,57.5165],[-135.58057,57.38999],[-135.78711,57.31729],[-135.76773,57.10039],[-135.60894,57.07144],[-135.50195,57.24385],[-135.34136,57.08159],[-135.19961,57.02734],[-135.33061,56.82188],[-135.01782,56.66016],[-134.98057,56.51895],[-134.75029,56.24077],[-134.63003,56.30244],[-134.65708,56.52324],[-134.6207,56.71831],[-134.82319,57.15654],[-134.96977,57.35142]]],[[[-134.68027,58.16167],[-134.7541,57.99502],[-134.65986,57.63809],[-134.48677,57.48203],[-134.5915,57.09199],[-134.4353,57.05698],[-134.26016,57.14678],[-134.10005,57.3001],[-133.92529,57.33677],[-133.93701,57.58159],[-134.26709,57.88452],[-134.30688,58.03438],[-134.24009,58.14399],[-134.68027,58.16167]]],[[[-135.73037,58.24424],[-136.5123,58.096],[-136.5686,57.97217],[-136.45991,57.8731],[-136.07661,57.67456],[-135.91079,57.44658],[-135.61782,57.48037],[-135.60854,57.65073],[-135.49785,57.66226],[-135.08486,57.51104],[-134.8731,57.58921],[-134.97886,57.72437],[-135.24956,57.73257],[-135.2312,57.81582],[-134.97065,57.81724],[-134.92798,57.95278],[-135.0021,58.05107],[-135.5875,58.14678],[-135.73037,58.24424]]],[[[-133.56611,56.33921],[-133.53086,56.14565],[-133.75518,55.99946],[-133.68423,55.94277],[-133.37124,56.03589],[-133.2415,55.9208],[-133.44697,55.79702],[-133.29824,55.60689],[-133.08965,55.6126],[-133.10303,55.36025],[-132.78232,55.04849],[-132.58848,55.05234],[-132.54936,54.95259],[-132.34131,54.90723],[-132.13433,54.71255],[-131.98086,54.80483],[-131.97642,55.20859],[-132.20669,55.22441],[-132.21528,55.38355],[-132.41787,55.48291],[-132.5916,55.46436],[-132.43018,55.68701],[-132.59761,55.89502],[-132.75757,55.99502],[-133.09663,56.09004],[-133.10449,56.23511],[-133.20298,56.31982],[-133.56611,56.33921]]],[[[-133.9896,56.84497],[-134.14326,56.93232],[-134.37368,56.83867],[-134.38442,56.72402],[-134.29023,56.58003],[-134.08437,56.45635],[-134.19546,56.41353],[-134.24507,56.20327],[-134.1896,56.07695],[-133.94971,56.12773],[-133.88462,56.29214],[-133.85527,56.58218],[-133.73838,56.65044],[-133.83086,56.7813],[-133.9896,56.84497]]],[[[-152.41694,58.36021],[-152.67466,58.45059],[-152.84111,58.41641],[-152.97612,58.29702],[-153.38135,58.08721],[-152.98257,57.99707],[-152.78154,58.01592],[-152.53765,58.10098],[-152.10908,58.16113],[-151.98252,58.24434],[-152.31626,58.41348],[-152.41694,58.36021]]],[[[-167.96435,53.34512],[-167.80469,53.48496],[-167.98569,53.5582],[-168.28769,53.50015],[-168.39644,53.40879],[-168.43662,53.25689],[-168.63901,53.25576],[-168.75962,53.17505],[-168.79585,53.04492],[-169.06592,52.83394],[-168.50561,53.04316],[-168.2707,53.23804],[-167.96435,53.34512]]],[[[-166.61533,53.90093],[-166.62739,53.99565],[-166.97808,53.96294],[-167.11816,53.87261],[-167.01572,53.69839],[-167.13608,53.52647],[-167.80879,53.32378],[-167.52246,53.27622],[-167.15366,53.40786],[-166.77041,53.47603],[-166.44419,53.65181],[-166.48877,53.7855],[-166.23086,53.93262],[-166.37231,53.99898],[-166.49746,53.88355],[-166.61533,53.90093]]],[[[-174.67739,52.03501],[-174.12065,52.13521],[-174.01836,52.33179],[-174.1689,52.42017],[-174.43555,52.31724],[-174.30615,52.21616],[-175.11768,52.04712],[-174.67739,52.03501]]],[[[-176.59331,51.8667],[-176.87441,51.79048],[-176.77095,51.62993],[-176.43735,51.7543],[-176.59331,51.8667]]],[[[-177.87905,51.64971],[-177.77065,51.77788],[-177.95381,51.91846],[-178.19453,51.88223],[-177.98638,51.76426],[-177.87905,51.64971]]],[[[172.81182,53.01299],[172.72178,52.88555],[172.77559,52.79692],[172.93516,52.7521],[173.08027,52.81445],[173.43604,52.85205],[173.10215,52.99561],[172.81182,53.01299]]],[[[-155.58135,19.01201],[-155.53525,19.10908],[-155.30962,19.26016],[-155.05347,19.31919],[-154.85029,19.4541],[-154.8042,19.52446],[-155.06592,19.74819],[-155.08608,19.87564],[-155.19878,19.99439],[-155.62207,20.16343],[-155.83164,20.27583],[-155.89277,20.16738],[-155.82031,20.01416],[-156.04868,19.74995],[-155.89072,19.38252],[-155.90562,19.12583],[-155.8813,19.07051],[-155.68076,18.96768],[-155.58135,19.01201]]],[[[-157.21362,21.21538],[-157.29033,21.1126],[-157.0209,21.0978],[-156.85986,21.05635],[-156.74219,21.16353],[-157.21362,21.21538]]],[[[-156.48682,20.93257],[-156.5854,21.03433],[-156.6897,20.90142],[-156.61543,20.82183],[-156.48008,20.80122],[-156.43823,20.61787],[-156.30996,20.59878],[-156.10713,20.64478],[-155.98984,20.75713],[-156.27754,20.95127],[-156.48682,20.93257]]],[[[-157.79936,21.45664],[-157.9625,21.70137],[-158.1231,21.60024],[-158.27314,21.58525],[-158.11035,21.3186],[-157.90176,21.34058],[-157.79878,21.2686],[-157.6354,21.30762],[-157.79936,21.45664]]],[[[-159.37275,21.93237],[-159.30068,22.10527],[-159.35205,22.21958],[-159.5792,22.22315],[-159.72661,22.14019],[-159.78916,22.0418],[-159.60884,21.90952],[-159.46069,21.87612],[-159.37275,21.93237]]],[[[-156.84961,20.77266],[-156.80937,20.83115],[-156.9418,20.93003],[-157.05059,20.91245],[-156.97339,20.75752],[-156.84961,20.77266]]],[[[-74.70889,45.00386],[-74.85664,45.00391],[-75.17939,44.89937],[-75.40127,44.77227],[-75.87593,44.41699],[-76.15117,44.30396],[-76.4646,44.05762],[-76.81997,43.62881],[-78.72041,43.62495],[-79.17187,43.46655],[-79.05923,43.27808],[-79.06606,43.1061],[-78.91509,42.90913],[-79.03672,42.80234],[-80.24756,42.36602],[-81.27764,42.20918],[-82.43906,41.67485],[-82.69004,41.6752],[-83.02998,41.83296],[-83.14194,41.97588],[-83.14966,42.14194],[-83.07314,42.30029],[-82.86777,42.38521],[-82.54531,42.62471],[-82.48833,42.7395],[-82.4082,43.07266],[-82.13784,43.5709],[-82.28125,44.19224],[-82.55107,45.34736],[-83.59268,45.81714],[-83.46948,45.99468],[-83.61597,46.11685],[-83.97778,46.08491],[-84.08838,46.22651],[-84.19219,46.54956],[-84.56177,46.45737],[-84.77939,46.63731],[-84.87598,46.8999],[-86.42856,47.54009],[-87.49424,47.96177],[-88.37817,48.30308],[-88.61177,48.26401],[-89.18564,48.04741],[-89.45566,47.99624],[-89.99365,48.01533],[-90.0918,48.11812],[-90.32012,48.09917],[-90.74438,48.10459],[-90.84033,48.20054],[-91.04346,48.1937],[-91.22065,48.10459],[-91.51831,48.0583],[-91.8584,48.19756],[-92.00518,48.30186],[-92.17178,48.33838],[-92.4146,48.27661],[-92.50059,48.43535],[-92.99624,48.61182],[-93.25796,48.62886],[-93.70771,48.52544],[-94.05518,48.65903],[-94.6209,48.74263],[-94.80347,49.00293],[-94.85435,49.30459],[-95.15527,49.36968],[-95.16206,48.99175],[-96.67705,48.99316],[-97.9562,48.99316],[-99.23535,48.99312],[-100.08813,48.99312],[-101.36728,48.99312],[-102.22002,48.99312],[-103.49917,48.99312],[-104.77832,48.99312],[-105.6311,48.99312],[-106.91025,48.99312],[-107.76299,48.99312],[-109.46855,48.99307],[-110.74766,48.99307],[-112.02681,48.99307],[-113.73237,48.99307],[-115.43789,48.99307],[-116.71704,48.99307],[-117.99619,48.99307],[-119.70171,48.99302],[-120.98086,48.99302],[-122.78877,48.99302],[-122.65303,48.76387],[-122.56201,48.77798],[-122.49678,48.50557],[-122.66899,48.46523],[-122.40854,48.2939],[-122.52031,48.2291],[-122.49404,48.13047],[-122.35298,48.11382],[-122.24199,48.01074],[-122.39287,47.82056],[-122.35381,47.37158],[-122.54219,47.27559],[-122.70195,47.11089],[-122.98765,47.17256],[-122.81255,47.32896],[-122.57788,47.29316],[-122.55356,47.40493],[-122.63018,47.69282],[-122.52393,47.76934],[-122.58789,47.85596],[-122.75713,47.70054],[-122.82139,47.79316],[-122.65664,47.88115],[-122.86089,48.09004],[-123.02422,48.08159],[-123.12441,48.15093],[-123.29443,48.11953],[-123.97578,48.16846],[-124.63262,48.37505],[-124.70166,48.15166],[-124.62109,47.90415],[-124.46006,47.78423],[-124.37602,47.65864],[-124.30928,47.40459],[-124.19883,47.20855],[-124.16357,47.01533],[-124.04224,47.02969],[-123.84287,46.96318],[-124.11255,46.8627],[-124.07168,46.74478],[-123.88916,46.66001],[-123.94614,46.43257],[-124.07275,46.27944],[-123.68838,46.29985],[-123.67363,46.18262],[-123.94712,46.14058],[-123.96123,45.84297],[-123.92935,45.57695],[-124.05918,44.77773],[-124.04746,44.42549],[-124.09917,44.33379],[-124.14873,43.69175],[-124.34658,43.34165],[-124.53965,42.81289],[-124.40615,42.58369],[-124.42051,42.38101],[-124.35527,42.1229],[-124.21167,41.98462],[-124.24463,41.78794],[-124.11768,41.62173],[-124.06851,41.38418],[-124.14004,41.15591],[-124.1331,40.96978],[-124.28369,40.71055],[-124.37168,40.49121],[-124.32402,40.25195],[-124.1085,40.09453],[-123.88447,39.86079],[-123.7835,39.6187],[-123.82031,39.36841],[-123.71953,39.11099],[-123.70112,38.90728],[-123.28975,38.53584],[-123.12114,38.44927],[-122.98652,38.2771],[-122.96816,38.09702],[-122.7604,37.94565],[-122.46689,37.83818],[-122.48389,38.10884],[-122.39336,38.14482],[-122.15376,38.06553],[-122.03149,38.12353],[-121.71685,38.03408],[-122.21704,38.04063],[-122.38545,37.9606],[-122.22222,37.73203],[-122.22866,37.56392],[-122.36973,37.65586],[-122.38408,37.78853],[-122.51421,37.77197],[-122.49922,37.54263],[-122.40845,37.37315],[-122.39492,37.20752],[-122.16421,36.99097],[-121.88066,36.93892],[-121.78999,36.73228],[-121.91865,36.57236],[-121.87739,36.33106],[-121.66435,36.15405],[-121.34385,35.79224],[-121.28384,35.67632],[-121.13794,35.60713],[-120.8603,35.36543],[-120.85737,35.20967],[-120.70703,35.15767],[-120.63359,35.07647],[-120.66304,34.94927],[-120.6249,34.81196],[-120.64468,34.57998],[-120.4812,34.47163],[-120.05298,34.46929],[-119.85332,34.41196],[-119.60605,34.41802],[-119.26768,34.25742],[-119.14375,34.11201],[-118.83203,34.02446],[-118.5062,34.01738],[-118.39297,33.8583],[-118.41045,33.74394],[-118.2644,33.75859],[-118.08052,33.72217],[-117.78852,33.53848],[-117.46743,33.29551],[-117.31885,33.10005],[-117.26299,32.93887],[-117.24346,32.66401],[-117.1374,32.64917],[-117.12827,32.53335],[-116.26982,32.59761],[-115.41138,32.66187],[-114.72476,32.71533],[-114.83594,32.5083],[-113.88745,32.21231],[-112.93896,31.91626],[-111.99048,31.62022],[-111.04199,31.32422],[-109.98164,31.32617],[-109.27476,31.32744],[-108.21445,31.32944],[-108.21182,31.77935],[-107.55234,31.77588],[-106.45322,31.77017],[-106.25571,31.54468],[-105.81269,31.24102],[-105.51401,30.98076],[-105.27583,30.80728],[-104.97881,30.64595],[-104.83589,30.44766],[-104.68135,30.13438],[-104.68135,29.99053],[-104.504,29.67769],[-104.40063,29.57373],[-104.21553,29.47988],[-103.98975,29.32315],[-103.85293,29.29106],[-103.25771,29.00112],[-103.08999,29.0419],[-102.89199,29.21641],[-102.83398,29.44395],[-102.73418,29.64395],[-102.61494,29.75234],[-102.47627,29.76909],[-102.26894,29.87119],[-101.99092,29.7957],[-101.44038,29.77686],[-101.30352,29.63408],[-101.03896,29.4604],[-101.01631,29.40068],[-100.75459,29.18252],[-100.65864,29.06856],[-100.54971,28.82134],[-100.33174,28.50254],[-100.29604,28.32769],[-100.00142,28.04785],[-99.88965,27.86729],[-99.75425,27.72993],[-99.50532,27.54834],[-99.51006,27.34033],[-99.44023,27.17012],[-99.44355,27.03667],[-99.22993,26.76191],[-99.10776,26.44692],[-98.76523,26.34043],[-98.59829,26.23784],[-98.37812,26.18237],[-98.27505,26.11118],[-98.08281,26.06445],[-97.80142,26.04204],[-97.58726,25.98418],[-97.35815,25.87051],[-97.28179,25.9416],[-97.14624,25.96148],[-97.40234,26.39653],[-97.46582,26.69175],[-97.55469,26.96733],[-97.47568,27.11787],[-97.48511,27.2374],[-97.69238,27.28716],[-97.68213,27.39492],[-97.52388,27.31397],[-97.38047,27.41934],[-97.28872,27.67061],[-97.43149,27.83721],[-97.17144,27.87959],[-97.0731,27.98608],[-97.15649,28.14434],[-96.80688,28.22022],[-96.77353,28.42163],[-96.67637,28.34131],[-96.56172,28.36714],[-96.44873,28.59448],[-96.27534,28.65513],[-96.02041,28.58682],[-95.85342,28.64033],[-95.27349,28.96387],[-95.15215,29.07925],[-95.13906,29.16782],[-94.88828,29.37056],[-94.99282,29.53096],[-95.02285,29.70234],[-94.88989,29.67695],[-94.74194,29.75],[-94.77827,29.54785],[-94.75015,29.41802],[-94.09966,29.67041],[-93.89048,29.68936],[-93.94629,29.81499],[-93.84145,29.97974],[-93.7731,29.91406],[-93.88389,29.81001],[-93.82646,29.72515],[-93.69482,29.76992],[-93.17568,29.77896],[-92.95239,29.71416],[-92.67129,29.59707],[-92.26084,29.55684],[-92.08403,29.59282],[-92.1355,29.69946],[-92.01733,29.80029],[-91.89316,29.83604],[-91.82441,29.75068],[-91.67246,29.74609],[-91.51421,29.55537],[-91.33096,29.51357],[-91.15537,29.35068],[-91.29014,29.28897],[-90.75102,29.13086],[-90.58623,29.27153],[-90.3792,29.29512],[-90.30161,29.25581],[-90.21279,29.10493],[-90.10137,29.18179],[-90.05234,29.4314],[-89.87725,29.45801],[-89.79238,29.3332],[-89.62026,29.30239],[-89.44316,29.19414],[-89.35352,29.07022],[-89.23608,29.0811],[-89.15552,29.0166],[-89.01572,29.20288],[-89.2457,29.3332],[-89.51367,29.42007],[-89.6748,29.53867],[-89.7209,29.61929],[-89.53066,29.77222],[-89.35444,29.82022],[-89.35786,29.921],[-89.49443,30.05815],[-89.5895,29.91504],[-89.7438,29.92983],[-89.81519,30.00728],[-89.66504,30.11704],[-89.73745,30.17197],[-89.99419,30.05928],[-90.17534,30.0291],[-90.41304,30.14033],[-90.22529,30.3793],[-90.04521,30.35142],[-89.95425,30.26875],[-89.58848,30.16597],[-89.44351,30.22315],[-89.32056,30.34531],[-89.22363,30.33237],[-88.90522,30.41514],[-88.69209,30.35537],[-88.13545,30.3666],[-88.03242,30.68125],[-87.94888,30.6269],[-87.92432,30.44966],[-87.79028,30.2918],[-87.62227,30.26475],[-87.28105,30.33926],[-87.1706,30.53877],[-86.98579,30.43086],[-86.67964,30.40288],[-86.44795,30.49561],[-86.25737,30.49302],[-86.17515,30.33252],[-85.75581,30.16699],[-85.35361,29.87573],[-85.31894,29.68023],[-84.80054,29.77305],[-84.55,29.89785],[-84.38281,29.90737],[-84.30967,30.06475],[-84.04424,30.10381],[-83.69438,29.92598],[-83.29048,29.4519],[-82.76934,29.05156],[-82.65146,28.8875],[-82.66064,28.48584],[-82.74853,28.23682],[-82.84351,27.846],[-82.74287,27.70938],[-82.66089,27.71841],[-82.5206,27.87788],[-82.40054,27.8354],[-82.63584,27.52456],[-82.62046,27.40107],[-82.44136,27.05967],[-82.29004,26.8708],[-82.18066,26.84009],[-82.06694,26.89155],[-82.07788,26.70435],[-82.0396,26.55205],[-81.86655,26.43501],[-81.81147,26.14609],[-81.71548,25.98315],[-81.56826,25.89155],[-81.36494,25.83106],[-81.34507,25.73184],[-81.22715,25.5834],[-81.09766,25.31914],[-81.16738,25.22852],[-81.1105,25.13804],[-80.86221,25.17617],[-80.73652,25.15635],[-80.48467,25.22983],[-80.36694,25.33125],[-80.30083,25.61856],[-80.12637,25.8335],[-80.1106,26.13159],[-80.04131,26.5686],[-80.05005,26.80772],[-80.12578,27.08301],[-80.22612,27.20703],[-80.6501,28.18091],[-80.62285,28.32036],[-80.52412,28.48608],[-80.9,29.04985],[-81.10454,29.45698],[-81.24951,29.7938],[-81.38574,30.26997],[-81.52041,30.87466],[-81.45322,31.08828],[-81.28848,31.26392],[-81.29497,31.37119],[-81.17544,31.5313],[-81.1979,31.7042],[-81.06504,31.81348],[-81.11328,31.87861],[-80.92344,31.94492],[-80.84922,32.11392],[-80.6082,32.29282],[-80.47427,32.42275],[-80.22969,32.57651],[-80.02178,32.61992],[-79.61494,32.90928],[-79.58711,33.00088],[-79.41992,33.04253],[-79.27602,33.1354],[-79.13818,33.40591],[-78.92031,33.65869],[-78.57769,33.87324],[-78.40586,33.91758],[-78.01333,33.91182],[-77.92602,34.07314],[-77.75073,34.28496],[-77.37978,34.52661],[-77.13389,34.70791],[-76.7332,34.70698],[-76.5169,34.77725],[-76.36221,34.93652],[-76.45674,34.98936],[-76.74497,34.94097],[-76.62803,35.07334],[-76.51294,35.27041],[-76.74141,35.43149],[-76.53247,35.50845],[-76.4895,35.39702],[-76.17383,35.35415],[-75.77393,35.64697],[-75.77222,35.8999],[-75.85391,35.96016],[-75.97891,35.89595],[-76.00117,35.72217],[-76.08359,35.69053],[-76.06978,35.97031],[-76.20654,35.99121],[-76.3583,35.95288],[-76.72622,35.95762],[-76.67891,36.07529],[-76.47881,36.02817],[-76.38369,36.13355],[-76.15,36.14575],[-76.14785,36.2793],[-75.88301,36.17568],[-75.8666,36.26787],[-75.99277,36.47378],[-75.89043,36.65703],[-75.99941,36.91265],[-76.40088,36.99131],[-76.2833,37.05269],[-76.40112,37.21269],[-76.40098,37.38613],[-76.26348,37.35703],[-76.30557,37.57148],[-76.48408,37.62886],[-76.30561,37.72158],[-76.26426,37.89356],[-76.47178,38.01118],[-76.54951,38.09448],[-76.90635,38.19707],[-76.88975,38.29209],[-76.5936,38.22832],[-76.33291,38.14077],[-76.50132,38.53218],[-76.53687,38.74263],[-76.51953,38.89834],[-76.42007,39.07388],[-76.40566,39.30391],[-76.27637,39.32275],[-76.16816,38.85273],[-76.30034,38.81821],[-76.05693,38.62124],[-76.26416,38.59995],[-76.29487,38.49463],[-76.21167,38.36133],[-76.05122,38.27954],[-75.86392,38.26123],[-75.92808,38.16924],[-75.79531,38.08667],[-75.85083,37.97158],[-75.65928,37.95396],[-75.71934,37.82139],[-75.88814,37.61914],[-75.99736,37.26382],[-75.93437,37.1519],[-75.81206,37.4252],[-75.58711,37.55869],[-75.59639,37.6312],[-75.35352,38.06504],[-75.03589,38.50332],[-75.12847,38.63242],[-75.08867,38.77754],[-75.18506,38.81938],[-75.39219,39.09277],[-75.41265,39.2814],[-75.35342,39.33984],[-75.13613,39.20786],[-74.89702,39.14546],[-74.9543,38.94995],[-74.79448,39.0019],[-74.60298,39.29258],[-74.42881,39.38721],[-74.38984,39.48682],[-74.17612,39.72661],[-74.11763,39.93814],[-74.02832,40.073],[-73.95762,40.32837],[-74.04985,40.42983],[-74.2415,40.45625],[-74.22671,40.60801],[-73.94858,40.83877],[-73.85127,40.8314],[-73.58301,41.02188],[-73.18227,41.17583],[-72.84717,41.26587],[-72.26528,41.29165],[-71.92993,41.34106],[-71.76929,41.33091],[-71.52285,41.37896],[-71.4438,41.45371],[-71.42656,41.6333],[-71.33061,41.76226],[-71.2043,41.64111],[-71.18843,41.51641],[-70.97422,41.54854],[-70.70112,41.71484],[-70.65713,41.53423],[-70.40469,41.6269],[-69.94863,41.67715],[-70.00142,41.82617],[-70.29546,41.72896],[-70.5147,41.80332],[-70.54893,41.93862],[-70.73828,42.22886],[-71.04619,42.3311],[-70.73569,42.66929],[-70.82905,42.82534],[-70.7331,43.07002],[-70.64233,43.13442],[-70.5207,43.34883],[-70.20259,43.62612],[-70.17881,43.76636],[-69.96523,43.85508],[-69.7916,43.80523],[-69.48086,43.90508],[-69.34453,44.00093],[-69.22607,43.98648],[-69.06836,44.09756],[-68.95615,44.3481],[-68.96147,44.43384],[-68.61201,44.31055],[-68.27744,44.50737],[-68.11728,44.49063],[-68.05664,44.38433],[-67.90703,44.45361],[-67.83906,44.57627],[-67.65298,44.5624],[-67.55601,44.64478],[-67.36406,44.69688],[-67.19126,44.67559],[-66.98701,44.82769],[-67.10674,44.88506],[-67.08047,44.98916],[-67.12485,45.16943],[-67.36694,45.17378],[-67.47256,45.27588],[-67.42793,45.37793],[-67.49365,45.47407],[-67.43267,45.60313],[-67.59575,45.62075],[-67.78467,45.70171],[-67.80679,47.08281],[-68.09678,47.27485],[-68.31089,47.35449],[-68.48037,47.28579],[-68.82871,47.20332],[-69.04858,47.27363],[-69.05019,47.42661],[-69.24287,47.46299],[-70.00771,46.70894],[-70.06719,46.44106],[-70.24829,46.25088],[-70.30449,46.05737],[-70.29624,45.9061],[-70.42109,45.73823],[-70.70225,45.55137],[-70.68979,45.42832],[-70.79917,45.40479],[-70.898,45.26245],[-70.9999,45.33726],[-71.13467,45.26284],[-71.3273,45.29009],[-71.51753,45.00757],[-73.18203,45.00562],[-74.70889,45.00386]]],[[[-72.50977,40.98604],[-73.11128,40.95689],[-73.27817,40.92422],[-73.57383,40.91963],[-73.87925,40.79165],[-74.03203,40.63867],[-73.82266,40.65596],[-73.76675,40.59273],[-73.26553,40.66357],[-73.19429,40.6542],[-72.33896,40.89414],[-72.28745,41.02407],[-72.50977,40.98604]]],[[[-68.18726,44.33247],[-68.29941,44.45649],[-68.41172,44.29434],[-68.18726,44.33247]]],[[[-91.7937,29.50073],[-91.76768,29.58472],[-91.87524,29.64097],[-91.99624,29.5731],[-91.7937,29.50073]]],[[[-97.01435,27.90161],[-96.83975,28.08882],[-96.89932,28.11748],[-97.01435,27.90161]]],[[[-97.1707,26.15938],[-97.35122,26.80147],[-97.4021,26.82051],[-97.26733,26.32979],[-97.1707,26.15938]]],[[[-122.57275,48.15664],[-122.55752,47.99248],[-122.36675,47.98545],[-122.57275,48.15664]]]]},"properties":{"ADMIN":"United States of America","NAME_EN":"United States of America","ISO_A2_EH":"US","ISO_A2":"US","LABEL_X":-97.482602,"LABEL_Y":39.538479,"MIN_LABEL":1.7,"LABELRANK":2,"TINY":-99,"TYPE":"Country"}},
{"type":"Feature","geometry":{"type":"Polygon","coordinates":[[[-37.10332,-54.06562],[-37.38223,-53.98408],[-37.94551,-53.9956],[-37.68901,-54.07676],[-37.00674,-54.34092],[-36.88599,-54.33945],[-36.73496,-54.4666],[-36.50654,-54.51123],[-36.25171,-54.77988],[-36.0855,-54.8668],[-35.79858,-54.76348],[-35.91328,-54.71084],[-35.96465,-54.56807],[-36.07314,-54.5541],[-36.17261,-54.38223],[-36.32646,-54.25117],[-36.44863,-54.3084],[-36.70381,-54.1081],[-37.10332,-54.06562]]]},"properties":{"ADMIN":"South Georgia and the Islands","NAME_EN":"South Georgia and the South Sandwich Islands","ISO_A2_EH":"GS","ISO_A2":"GS","LABEL_X":-31.063179,"LABEL_Y":-55.683402,"MIN_LABEL":5,"LABELRANK":4,"TINY":3,"TYPE":"Dependency"}},
{"type":"Feature","geometry":{"type":"Polygon","coordinates":[[[72.49199,-7.37744],[72.49356,-7.26172],[72.44561,-7.22041],[72.47373,-7.30967],[72.46719,-7.36758],[72.49199,-7.37744]]]},"properties":{"ADMIN":"British Indian Ocean Territory","NAME_EN":"British Indian Ocean Territory","ISO_A2_EH":"IO","ISO_A2":"IO","LABEL_X":71.348349,"LABEL_Y":-6.190826,"MIN_LABEL":5,"LABELRANK":5,"TINY":5,"TYPE":"Disputed"}},
{"type":"Feature","geometry":{"type":"Polygon","coordinates":[[[-5.69214,-15.99775],[-5.70786,-15.90615],[-5.77505,-15.95674],[-5.69214,-15.99775]]]},"properties":{"ADMIN":"Saint Helena","NAME_EN":"Saint Helena","ISO_A2_EH":"SH","ISO_A2":"SH","LABEL_X":-5.71262,"LABEL_Y":-15.950487,"MIN_LABEL":5,"LABELRANK":6,"TINY":-99,"TYPE":"Dependency"}},
{"type":"Feature","geometry":{"type":"Polygon","coordinates":[[[-128.29009,-24.39736],[-128.30361,-24.33359],[-128.3502,-24.34023],[-128.32065,-24.39971],[-128.29009,-24.39736]]]},"properties":{"ADMIN":"Pitcairn Islands","NAME_EN":"Pitcairn Islands","ISO_A2_EH":"PN","ISO_A2":"PN","LABEL_X":-128.317536,"LABEL_Y":-24.364576,"MIN_LABEL":5,"LABELRANK":4,"TINY":-99,"TYPE":"Dependency"}},
{"type":"Feature","geometry":{"type":"Polygon","coordinates":[[[-63.00122,18.22178],[-63.02602,18.26973],[-63.15332,18.20029],[-63.00122,18.22178]]]},"properties":{"ADMIN":"Anguilla","NAME_EN":"Anguilla","ISO_A2_EH":"AI","ISO_A2":"AI","LABEL_X":-63.026361,"LABEL_Y":18.242979,"MIN_LABEL":5,"LABELRANK":6,"TINY":-99,"TYPE":"Dependency"}},
{"type":"Feature","geometry":{"type":"MultiPolygon","coordinates":[[[[-58.85019,-51.26992],[-58.88667,-51.35791],[-59.09663,-51.49141],[-59.05952,-51.68545],[-59.26177,-51.7373],[-59.5708,-51.92539],[-59.64873,-52.13437],[-59.39565,-52.30801],[-59.3415,-52.196],[-59.06802,-52.17305],[-59.13125,-52.00791],[-58.65278,-52.09922],[-58.6835,-51.93623],[-58.33599,-51.86377],[-58.15093,-51.76543],[-57.83818,-51.70918],[-57.8085,-51.51797],[-57.97651,-51.38437],[-58.20644,-51.40469],[-58.47373,-51.50908],[-58.50625,-51.3081],[-58.69751,-51.32852],[-58.85019,-51.26992]]],[[[-60.28623,-51.46191],[-60.50581,-51.48545],[-60.24517,-51.63887],[-60.23848,-51.77197],[-60.59106,-51.95156],[-60.7625,-51.94648],[-60.96143,-52.05732],[-60.68638,-52.18838],[-60.35347,-52.13994],[-60.24634,-51.98643],[-59.92139,-51.96953],[-59.26807,-51.42754],[-59.3876,-51.35996],[-59.78843,-51.446],[-59.91709,-51.38809],[-60.14155,-51.48096],[-60.28623,-51.46191]]],[[[-61.01875,-51.78574],[-61.14502,-51.83945],[-60.94756,-51.94629],[-60.87598,-51.79424],[-61.01875,-51.78574]]],[[[-60.11172,-51.3959],[-60.06982,-51.30791],[-60.27534,-51.28057],[-60.24883,-51.396],[-60.11172,-51.3959]]]]},"properties":{"ADMIN":"Falkland Islands","NAME_EN":"Falkland Islands","ISO_A2_EH":"FK","ISO_A2":"FK","LABEL_X":-58.738602,"LABEL_Y":-51.608913,"MIN_LABEL":4.5,"LABELRANK":5,"TINY":-99,"TYPE":"Disputed"}},
{"type":"Feature","geometry":{"type":"Polygon","coordinates":[[[-81.36953,19.34888],[-81.30371,19.27188],[-81.13047,19.34678],[-81.28481,19.36255],[-81.36953,19.34888]]]},"properties":{"ADMIN":"Cayman Islands","NAME_EN":"Cayman Islands","ISO_A2_EH":"KY","ISO_A2":"KY","LABEL_X":-81.24055,"LABEL_Y":19.319862,"MIN_LABEL":5,"LABELRANK":5,"TINY":2,"TYPE":"Dependency"}},
{"type":"Feature","geometry":{"type":"Polygon","coordinates":[[[-64.73027,32.29346],[-64.69463,32.38691],[-64.82012,32.25962],[-64.73027,32.29346]]]},"properties":{"ADMIN":"Bermuda","NAME_EN":"Bermuda","ISO_A2_EH":"BM","ISO_A2":"BM","LABEL_X":-64.763573,"LABEL_Y":32.296592,"MIN_LABEL":4,"LABELRANK":6,"TINY":4,"TYPE":"Dependency"}},
{"type":"Feature","geometry":{"type":"Polygon","coordinates":[[[-64.39521,18.4646],[-64.32466,18.51748],[-64.42607,18.51309],[-64.39521,18.4646]]]},"properties":{"ADMIN":"British Virgin Islands","NAME_EN":"British Virgin Islands","ISO_A2_EH":"VG","ISO_A2":"VG","LABEL_X":-64.63661,"LABEL_Y":18.426606,"MIN_LABEL":5,"LABELRANK":6,"TINY":3,"TYPE":"Dependency"}},
{"type":"Feature","geometry":{"type":"Polygon","coordinates":[[[-71.66143,21.76523],[-71.66836,21.83345],[-71.80615,21.8521],[-71.83042,21.79063],[-71.66143,21.76523]]]},"properties":{"ADMIN":"Turks and Caicos Islands","NAME_EN":"Turks and Caicos Islands","ISO_A2_EH":"TC","ISO_A2":"TC","LABEL_X":-71.752704,"LABEL_Y":21.81663,"MIN_LABEL":5,"LABELRANK":6,"TINY":-99,"TYPE":"Dependency"}},
{"type":"Feature","geometry":{"type":"Polygon","coordinates":[[[-62.14844,16.74033],[-62.22305,16.75156],[-62.22163,16.69951],[-62.15425,16.6812],[-62.14844,16.74033]]]},"properties":{"ADMIN":"Montserrat","NAME_EN":"Montserrat","ISO_A2_EH":"MS","ISO_A2":"MS","LABEL_X":-62.188252,"LABEL_Y":16.73717,"MIN_LABEL":5,"LABELRANK":6,"TINY":6,"TYPE":"Dependency"}},
{"type":"Feature","geometry":{"type":"Polygon","coordinates":[[[-2.01865,49.23125],[-2.22051,49.26636],[-2.23584,49.17637],[-2.01865,49.23125]]]},"properties":{"ADMIN":"Jersey","NAME_EN":"Jersey","ISO_A2_EH":"JE","ISO_A2":"JE","LABEL_X":-2.090146,"LABEL_Y":49.220808,"MIN_LABEL":5,"LABELRANK":6,"TINY":-99,"TYPE":"Country"}},
{"type":"Feature","geometry":{"type":"Polygon","coordinates":[[[-2.5123,49.49453],[-2.64614,49.46821],[-2.54736,49.42871],[-2.5123,49.49453]]]},"properties":{"ADMIN":"Guernsey","NAME_EN":"Guernsey","ISO_A2_EH":"GG","ISO_A2":"GG","LABEL_X":-2.561736,"LABEL_Y":49.463533,"MIN_LABEL":5,"LABELRANK":6,"TINY":-99,"TYPE":"Country"}},
{"type":"Feature","geometry":{"type":"Polygon","coordinates":[[[-4.41206,54.18535],[-4.33799,54.26909],[-4.50864,54.37671],[-4.69873,54.2249],[-4.74556,54.1188],[-4.61426,54.05869],[-4.41206,54.18535]]]},"properties":{"ADMIN":"Isle of Man","NAME_EN":"Isle of Man","ISO_A2_EH":"IM","ISO_A2":"IM","LABEL_X":-4.530069,"LABEL_Y":54.220833,"MIN_LABEL":5,"LABELRANK":6,"TINY":-99,"TYPE":"Country"}},
{"type":"Feature","geometry":{"type":"MultiPolygon","coordinates":[[[[-2.66768,51.623],[-2.59028,51.60859],[-3.13599,51.20503],[-3.3751,51.19697],[-3.84233,51.23091],[-4.18818,51.18853],[-4.29648,51.02715],[-4.5231,50.97744],[-4.58291,50.77637],[-5.34228,50.24614],[-5.57065,50.19697],[-5.22524,50.02139],[-4.72798,50.29048],[-4.17256,50.39082],[-3.79336,50.22925],[-3.58437,50.32183],[-3.40459,50.63242],[-2.99941,50.7166],[-2.77695,50.70557],[-2.54775,50.61631],[-2.35015,50.6374],[-2.03584,50.60308],[-2.03105,50.72539],[-1.51675,50.74746],[-1.28506,50.85732],[-0.78525,50.76543],[-0.20391,50.81436],[0.20508,50.76304],[0.68438,50.88555],[0.96016,50.92588],[1.04443,51.04727],[1.39756,51.18203],[1.41494,51.36328],[0.88936,51.35952],[0.68652,51.38657],[0.59346,51.51948],[0.89092,51.57144],[0.95508,51.80781],[1.10117,51.78545],[1.27441,51.84536],[1.3168,51.95693],[1.55898,52.08687],[1.74658,52.46899],[1.65674,52.75371],[1.38213,52.89351],[1.05557,52.95898],[0.55879,52.96694],[0.38193,52.8252],[0.27979,52.80869],[0.0459,52.90562],[0.35576,53.15996],[0.271,53.3355],[0.12832,53.46826],[-0.2937,53.69233],[0.03608,53.64053],[0.01055,53.74282],[-0.20557,54.02173],[-0.08437,54.11807],[-0.37036,54.2792],[-0.67139,54.50391],[-1.15439,54.65449],[-1.29175,54.77388],[-1.42266,55.02642],[-1.65537,55.57036],[-2.14707,55.90298],[-2.59932,56.0273],[-2.83686,56.02627],[-3.04873,55.95195],[-3.17822,56.08013],[-2.97978,56.19409],[-2.76758,56.20215],[-2.65273,56.31826],[-3.04741,56.44937],[-2.77519,56.48296],[-2.59268,56.56157],[-2.26025,56.86333],[-2.02031,57.25889],[-1.77793,57.49375],[-1.86738,57.61235],[-2.07407,57.70239],[-2.24414,57.68086],[-2.8563,57.69229],[-3.08394,57.67349],[-3.40278,57.70825],[-3.86816,57.60034],[-4.07842,57.67705],[-3.88794,57.78691],[-4.0356,57.852],[-3.99004,57.95903],[-3.21235,58.32124],[-3.10112,58.43369],[-3.05308,58.63481],[-4.71543,58.51001],[-4.92466,58.58838],[-5.0665,58.52022],[-5.09014,58.38452],[-5.0083,58.26265],[-5.33828,58.23872],[-5.39375,58.0436],[-5.1769,57.9064],[-5.60835,57.88135],[-5.74492,57.66831],[-5.67876,57.57168],[-5.81807,57.43608],[-5.56191,57.23272],[-5.59131,57.10234],[-5.73628,56.96065],[-5.73061,56.85308],[-6.03472,56.76392],[-5.93677,56.60571],[-5.65244,56.53198],[-5.21758,56.75103],[-5.39194,56.5148],[-5.60957,56.05527],[-5.62285,55.81314],[-5.76821,55.36265],[-5.55644,55.3896],[-5.38584,55.77012],[-5.41045,55.99536],[-5.2456,55.92925],[-4.84409,56.05117],[-4.89185,55.69912],[-4.72417,55.59829],[-4.72114,55.421],[-4.96519,55.14946],[-5.1355,54.85752],[-5.03232,54.76138],[-4.81807,54.84614],[-4.51748,54.75835],[-4.30366,54.83569],[-3.95791,54.78096],[-3.78325,54.86992],[-3.43408,54.96377],[-3.26792,54.90659],[-3.4646,54.7731],[-3.59204,54.56436],[-3.56938,54.46758],[-3.32153,54.2291],[-3.16597,54.12793],[-2.99351,54.17051],[-2.84648,54.1353],[-2.89985,53.96069],[-3.02676,53.90591],[-3.03179,53.77358],[-2.9251,53.73276],[-3.05947,53.58623],[-3.06475,53.42686],[-3.32617,53.34717],[-3.80928,53.30269],[-4.11103,53.21895],[-4.32842,53.10513],[-4.40508,53.01382],[-4.63833,52.89111],[-4.58369,52.81494],[-4.35644,52.89741],[-4.10146,52.91548],[-3.98032,52.54175],[-4.14937,52.32627],[-4.38315,52.19731],[-4.87852,52.04185],[-5.08809,51.9959],[-5.20059,51.86138],[-5.12476,51.70586],[-4.90229,51.62627],[-4.60078,51.73765],[-4.38628,51.74106],[-4.11528,51.56641],[-3.94365,51.59751],[-3.76269,51.53994],[-3.56235,51.41382],[-3.29311,51.39043],[-2.97852,51.53887],[-2.66768,51.623]]],[[[-4.19678,53.32144],[-4.31509,53.41724],[-4.56787,53.38648],[-4.55322,53.26045],[-4.37305,53.13418],[-4.08428,53.26431],[-4.19678,53.32144]]],[[[-1.30811,60.5375],[-1.44956,60.46856],[-1.37461,60.33291],[-1.49443,60.29248],[-1.17925,60.11392],[-1.06567,60.38159],[-1.30811,60.5375]]],[[[-3.05742,59.02964],[-3.31035,59.13081],[-3.34707,58.98672],[-3.1666,58.91909],[-3.05742,59.02964]]],[[[-5.10542,55.44883],[-5.1604,55.6668],[-5.39268,55.61836],[-5.33149,55.48106],[-5.10542,55.44883]]],[[[-5.77788,56.34434],[-5.76084,56.49067],[-5.94668,56.53452],[-6.10273,56.64565],[-6.31064,56.55215],[-6.13887,56.49063],[-6.17617,56.28872],[-5.77788,56.34434]]],[[[-6.12891,55.93057],[-6.31128,55.85649],[-6.25317,55.60723],[-6.05532,55.69531],[-6.12891,55.93057]]],[[[-5.97007,55.81455],[-5.79722,56.00562],[-5.93906,56.04526],[-6.07197,55.89312],[-5.97007,55.81455]]],[[[-6.19868,58.36328],[-6.23745,58.50283],[-6.78774,58.28389],[-6.72471,58.19756],[-7.08525,58.18218],[-7.05708,58.00317],[-6.86416,57.93286],[-7.08345,57.81377],[-6.95693,57.75005],[-6.42519,58.02129],[-6.43652,58.0919],[-6.19868,58.36328]]],[[[-6.14473,57.50498],[-6.24692,57.65122],[-6.6168,57.5627],[-6.76113,57.44238],[-6.67544,57.36289],[-6.44243,57.32749],[-6.3227,57.20249],[-6.03437,57.20122],[-5.94907,57.04517],[-5.66865,57.2269],[-6.13555,57.31426],[-6.14473,57.50498]]],[[[-7.20557,57.68296],[-7.49941,57.63633],[-7.32056,57.53374],[-7.09277,57.62666],[-7.20557,57.68296]]],[[[-7.24985,57.11533],[-7.26714,57.37178],[-7.41055,57.3811],[-7.38149,57.13066],[-7.24985,57.11533]]],[[[-6.21802,54.08872],[-6.01904,54.05127],[-5.82617,54.23584],[-5.60679,54.27256],[-5.64609,54.47788],[-5.47041,54.5002],[-5.71685,54.81748],[-5.98574,55.02969],[-6.12915,55.21738],[-6.47505,55.24102],[-6.94717,55.18252],[-7.10063,55.04829],[-7.21865,55.09199],[-7.3769,55.02769],[-7.55039,54.76797],[-7.88613,54.66606],[-7.7938,54.57124],[-8.04434,54.51245],[-8.11826,54.41426],[-7.88447,54.28379],[-7.85493,54.21528],[-7.60654,54.14385],[-7.35518,54.12124],[-7.15547,54.2395],[-7.20259,54.30181],[-7.04971,54.40825],[-6.93613,54.37432],[-6.6498,54.05864],[-6.21802,54.08872]]],[[[-1.06558,50.69023],[-1.31279,50.77349],[-1.51533,50.66978],[-1.3063,50.58853],[-1.06558,50.69023]]]]},"properties":{"ADMIN":"United Kingdom","NAME_EN":"United Kingdom","ISO_A2_EH":"GB","ISO_A2":"GB","LABEL_X":-2.116346,"LABEL_Y":54.402739,"MIN_LABEL":1.7,"LABELRANK":2,"TINY":-99,"TYPE":"Country"}},
{"type":"Feature","geometry":{"type":"Polygon","coordinates":[[[56.29785,25.65068],[56.14463,25.69053],[56.16748,26.04746],[56.08047,26.06265],[55.94121,25.79399],[55.52285,25.49815],[55.32168,25.29981],[55.30352,25.23682],[55.09815,25.0416],[54.74678,24.81045],[54.53467,24.53096],[54.39707,24.27817],[53.89336,24.07705],[53.32959,24.09844],[53.02637,24.14731],[52.64824,24.15464],[52.25088,23.99522],[52.11856,23.97109],[51.90606,23.98535],[51.7917,24.07476],[51.76758,24.2544],[51.56836,24.28618],[51.59258,24.07886],[51.9044,23.70752],[52.55508,22.93281],[53.83213,22.77681],[55.1043,22.62148],[55.18584,22.7041],[55.1999,23.03477],[55.5085,23.72461],[55.53164,23.81904],[55.46846,23.94111],[55.54785,23.99136],[55.98516,24.06338],[55.92861,24.21514],[55.76084,24.24268],[55.80566,24.34981],[55.76816,24.49063],[55.80391,24.63623],[55.7957,24.86812],[55.91582,24.97178],[56.06387,24.73877],[56.26787,24.8667],[56.38799,24.9792],[56.37285,25.01831],[56.36348,25.56939],[56.29785,25.65068]]]},"properties":{"ADMIN":"United Arab Emirates","NAME_EN":"United Arab Emirates","ISO_A2_EH":"AE","ISO_A2":"AE","LABEL_X":54.547256,"LABEL_Y":23.466285,"MIN_LABEL":4,"LABELRANK":4,"TINY":-99,"TYPE":"Sovereign country"}},
{"type":"Feature","geometry":{"type":"Polygon","coordinates":[[[38.21435,47.09146],[38.28076,47.27666],[38.20137,47.3208],[38.2874,47.55918],[38.71895,47.71411],[38.90029,47.85513],[39.39102,47.83374],[39.73594,47.84482],[39.88506,48.16836],[39.96104,48.23794],[39.83565,48.54277],[39.64473,48.59121],[39.79287,48.80772],[39.68652,49.00791],[39.88975,49.06406],[40.07002,49.20029],[40.12617,49.36885],[40.03066,49.59673],[39.78057,49.57202],[39.46279,49.72803],[39.30293,49.74204],[39.17481,49.85596],[38.91836,49.82471],[38.64775,49.95288],[38.45117,49.96406],[38.25859,50.05234],[38.04688,49.92002],[37.7042,50.10908],[37.58232,50.29185],[37.42285,50.41148],[36.75908,50.29185],[36.61943,50.20923],[36.49981,50.28047],[36.30606,50.28047],[36.11641,50.40855],[35.89023,50.43711],[35.67373,50.346],[35.41162,50.5397],[35.44014,50.72769],[35.31191,51.0439],[35.15811,51.06099],[35.06406,51.20342],[34.71231,51.17222],[34.28066,51.31167],[34.12109,51.67915],[34.3793,51.7165],[34.39785,51.78042],[34.11309,51.97964],[33.92207,52.25147],[33.73525,52.34478],[33.14844,52.34043],[32.89971,52.25635],[32.50791,52.30855],[32.36299,52.27212],[32.28281,52.11401],[31.97383,52.04663],[31.76338,52.10107],[31.346,52.10537],[31.21797,52.05024],[30.98066,52.04619],[30.66729,51.81411],[30.53301,51.59634],[30.63252,51.35542],[30.54453,51.26504],[30.3334,51.32554],[30.16074,51.47788],[29.55313,51.43457],[29.34648,51.38257],[29.13565,51.61729],[28.64775,51.45654],[28.59902,51.54263],[28.18379,51.60786],[28.01074,51.55977],[27.85859,51.59238],[27.27012,51.61357],[27.14199,51.75205],[26.95283,51.754],[26.45342,51.81343],[25.92529,51.91353],[25.26719,51.93774],[24.36191,51.86753],[24.12686,51.66465],[23.95117,51.58506],[23.70684,51.64131],[23.60527,51.51792],[23.66445,51.31006],[23.86348,51.12622],[23.93809,50.99253],[24.10576,50.84497],[23.97842,50.7856],[24.09473,50.61704],[23.97266,50.41006],[23.71172,50.37734],[23.03633,49.89907],[22.64941,49.53901],[22.73242,49.29517],[22.70566,49.17119],[22.80977,49.02075],[22.53867,49.07271],[22.29522,48.68584],[22.14287,48.56851],[22.13184,48.40532],[22.25371,48.40737],[22.3502,48.25606],[22.58242,48.13403],[22.76914,48.10962],[22.87666,47.94727],[23.20264,48.08452],[23.4082,47.98999],[23.62871,47.99585],[24.17773,47.90606],[24.57891,47.93106],[24.89336,47.71777],[25.07383,47.7457],[25.16963,47.8231],[25.46426,47.91079],[26.1627,47.99253],[26.30566,48.20376],[26.61895,48.25986],[26.84707,48.38716],[27.22852,48.37144],[27.54922,48.47773],[27.82002,48.41626],[28.08848,48.25703],[28.29102,48.23857],[28.32695,48.16143],[28.77383,48.11958],[28.97334,47.93301],[29.09297,47.97544],[29.19482,47.88242],[29.21074,47.73154],[29.12295,47.53037],[29.15977,47.45566],[29.54932,47.24683],[29.51504,47.09111],[29.57197,46.96401],[29.87783,46.82891],[29.94248,46.72378],[29.92432,46.53887],[30.13106,46.4231],[29.83789,46.35054],[29.75195,46.43779],[29.61494,46.39883],[29.14629,46.5269],[28.92744,46.42412],[29.00625,46.17647],[28.94775,46.04995],[28.73877,45.93716],[28.7293,45.852],[28.4916,45.66577],[28.47139,45.50718],[28.2125,45.45044],[28.45127,45.29219],[28.76074,45.23413],[29.22354,45.40293],[29.40371,45.41968],[29.56768,45.3708],[29.70586,45.25991],[29.72695,45.34331],[29.60166,45.68252],[29.68506,45.75469],[29.82119,45.73208],[30.21904,45.86675],[30.51152,46.10537],[30.72168,46.36621],[30.79629,46.552],[31.13682,46.62446],[31.32031,46.6125],[31.53213,46.66475],[31.77959,46.63164],[31.97432,46.70879],[32.12725,46.59722],[32.3541,46.56484],[32.36133,46.47495],[31.87793,46.52168],[32.0085,46.42998],[32.03574,46.26099],[32.47676,46.08369],[32.79688,46.13149],[32.9418,46.12378],[33.20225,46.17573],[33.42988,46.05762],[33.59414,46.09624],[33.65997,46.21957],[33.80667,46.20829],[34.02672,46.10673],[34.35398,46.06159],[34.4499,45.96567],[34.68688,45.97695],[34.79408,45.89232],[34.79973,45.79075],[35.00167,45.73338],[34.85732,45.98735],[34.84961,46.18989],[35.06406,46.26724],[35.23037,46.44063],[35.40019,46.3814],[35.82715,46.62432],[36.0249,46.6668],[36.27949,46.65859],[36.43203,46.73257],[36.68867,46.76411],[36.79482,46.7144],[36.93203,46.82515],[37.21856,46.91733],[37.33984,46.9169],[37.54336,47.07456],[38.21435,47.09146]]]},"properties":{"ADMIN":"Ukraine","NAME_EN":"Ukraine","ISO_A2_EH":"UA","ISO_A2":"UA","LABEL_X":32.140865,"LABEL_Y":49.724739,"MIN_LABEL":2.7,"LABELRANK":3,"TINY":-99,"TYPE":"Sovereign country"}},
{"type":"Feature","geometry":{"type":"Polygon","coordinates":[[[33.90322,-1.00205],[33.92441,-0.39785],[33.92148,-0.01699],[33.94316,0.17378],[34.03721,0.29453],[34.16094,0.60518],[34.27256,0.68643],[34.41084,0.86729],[34.48174,1.04214],[34.64912,1.1853],[34.7876,1.23071],[34.78359,1.38115],[34.96523,1.64336],[34.96406,2.0624],[34.88301,2.41792],[34.90576,2.47969],[34.81445,2.61982],[34.74248,2.81812],[34.58916,2.92476],[34.52256,3.11997],[34.44785,3.16348],[34.39941,3.4127],[34.4418,3.60625],[34.39287,3.6915],[34.16504,3.81299],[33.97607,4.22021],[33.56846,3.81172],[33.48936,3.75508],[33.1541,3.77471],[32.99727,3.88018],[32.83809,3.79849],[32.33574,3.7062],[32.09941,3.5292],[31.9418,3.60757],[31.79805,3.80264],[31.62891,3.70147],[31.47998,3.68047],[31.22197,3.78594],[31.15234,3.7856],[30.9294,3.63408],[30.83857,3.49072],[30.90645,3.40894],[30.82783,3.28262],[30.754,3.0418],[30.84668,2.84702],[30.76953,2.67798],[30.72861,2.45537],[30.83008,2.40044],[30.96191,2.40327],[31.08213,2.28809],[31.17637,2.27007],[31.27402,2.14629],[31.25273,2.04458],[30.94258,1.68281],[30.47783,1.23882],[30.32109,1.1853],[30.18291,0.97349],[29.94287,0.81924],[29.93447,0.49902],[29.77783,0.16636],[29.71768,0.09834],[29.6332,-0.4417],[29.64785,-0.53525],[29.56191,-0.97734],[29.57695,-1.38789],[29.82539,-1.33555],[29.88164,-1.45176],[29.99053,-1.44697],[30.10156,-1.36865],[30.36025,-1.07461],[30.50996,-1.06728],[30.84473,-1.00205],[32.01641,-1.00205],[33.08301,-1.00205],[33.90322,-1.00205]]]},"properties":{"ADMIN":"Uganda","NAME_EN":"Uganda","ISO_A2_EH":"UG","ISO_A2":"UG","LABEL_X":32.948555,"LABEL_Y":1.972589,"MIN_LABEL":3,"LABELRANK":3,"TINY":-99,"TYPE":"Sovereign country"}},
{"type":"Feature","geometry":{"type":"Polygon","coordinates":[[[55.97744,41.32222],[55.54522,41.26274],[55.43438,41.29629],[55.24961,41.45811],[54.95234,41.81001],[54.90371,41.91909],[54.67793,42.07822],[54.121,42.33521],[53.68535,42.29688],[53.2501,42.20586],[52.87051,42.0606],[52.49385,41.78037],[52.60938,41.52944],[52.74727,41.36543],[52.83018,41.3419],[52.8835,41.65254],[52.81484,41.71182],[52.97002,41.97622],[53.16416,42.0938],[53.28496,42.08184],[53.6249,42.13638],[53.84648,42.09116],[54.09482,41.51939],[54.28457,41.36372],[54.59219,41.19356],[54.70371,41.07114],[54.71006,40.89111],[54.54707,40.83228],[54.31943,40.83457],[54.37734,40.69326],[54.19297,40.72041],[53.87002,40.64868],[53.76377,40.66567],[53.61523,40.81851],[53.33291,40.78272],[53.14522,40.82495],[52.94346,41.03809],[52.8499,40.68565],[52.73369,40.39873],[52.74443,40.21978],[52.89824,39.9125],[52.9875,39.9876],[53.4042,39.96035],[53.48731,39.90937],[53.47227,39.6688],[53.60313,39.54697],[53.38965,39.53643],[53.23565,39.60855],[53.12481,39.43208],[53.20332,39.3168],[53.33633,39.34082],[53.61758,39.21597],[53.86865,38.94927],[53.88535,38.86406],[53.84004,38.51494],[53.8541,38.28565],[53.82354,37.92793],[53.84785,37.66958],[53.91416,37.34356],[54.1916,37.33247],[54.74522,37.5019],[54.84863,37.72266],[55.07559,37.90249],[55.38086,38.05112],[55.57842,38.09976],[56.22881,38.07339],[56.44063,38.24941],[56.77461,38.25005],[56.90664,38.21304],[57.19356,38.21641],[57.42383,37.94771],[57.71055,37.90527],[58.10879,37.78306],[58.26162,37.66582],[58.43574,37.63853],[58.81543,37.6835],[59.24082,37.52075],[59.34473,37.44473],[59.36738,37.33374],[59.56221,37.17891],[59.94863,37.0416],[60.06279,36.96289],[60.34131,36.63765],[61.11963,36.64258],[61.2124,36.09912],[61.15293,35.97676],[61.25215,35.86763],[61.26201,35.61958],[61.34473,35.62949],[61.54277,35.45786],[61.71973,35.41943],[61.98389,35.4437],[62.25283,35.25024],[62.30781,35.1708],[62.46289,35.25137],[62.61055,35.23315],[63.05664,35.4458],[63.16973,35.67813],[63.10859,35.8187],[63.30166,35.8584],[63.8625,36.01235],[64.00967,36.01211],[64.09219,36.1127],[64.35801,36.22607],[64.51104,36.34067],[64.60254,36.55454],[64.81631,37.13208],[65.08965,37.23794],[65.55498,37.25117],[65.64121,37.46782],[65.76504,37.56914],[66.1084,37.41475],[66.52227,37.34849],[66.52559,37.78574],[66.6293,37.93203],[66.57451,38.01079],[66.38975,38.05093],[66.17315,38.1667],[65.85713,38.26875],[65.61289,38.23857],[65.07666,38.53945],[64.65996,38.73604],[64.30996,38.9773],[64.16279,38.95361],[63.7208,39.18814],[63.50606,39.3771],[62.65068,39.8585],[62.4416,40.03623],[62.375,40.33208],[62.29805,40.46748],[62.18848,40.54121],[62.09502,40.6833],[61.95352,41.03061],[61.7999,41.16343],[61.49697,41.27607],[61.32891,41.19512],[60.75488,41.24575],[60.45498,41.22163],[60.08965,41.39941],[60.13799,41.59414],[60.07559,41.70054],[60.10693,41.90742],[59.9626,41.9544],[60.00606,42.19082],[59.8583,42.29517],[59.45107,42.29951],[59.27656,42.35615],[59.12315,42.52378],[58.87695,42.56148],[58.58906,42.77847],[58.47715,42.66284],[58.25967,42.68809],[58.15156,42.62808],[58.28867,42.5273],[58.23408,42.44771],[58.02891,42.48765],[57.81426,42.18984],[57.38174,42.1563],[57.22881,42.08447],[56.96406,41.85654],[57.01816,41.45059],[57.11885,41.35029],[57.01797,41.26348],[56.77363,41.28799],[55.97744,41.32222]]]},"properties":{"ADMIN":"Turkmenistan","NAME_EN":"Turkmenistan","ISO_A2_EH":"TM","ISO_A2":"TM","LABEL_X":58.676647,"LABEL_Y":39.855246,"MIN_LABEL":3,"LABELRANK":4,"TINY":-99,"TYPE":"Sovereign country"}},
{"type":"Feature","geometry":{"type":"MultiPolygon","coordinates":[[[[25.97002,40.13633],[25.91836,40.23799],[25.74092,40.19629],[25.74023,40.10547],[25.97002,40.13633]]],[[[41.51006,41.51748],[41.41436,41.42363],[40.95947,41.21162],[40.81953,41.19023],[40.6875,41.10742],[40.26523,40.96133],[40.12842,40.94302],[39.80791,40.98252],[39.42637,41.10645],[38.85215,41.01768],[38.55693,40.93652],[38.38106,40.92451],[37.91006,41.0019],[37.76563,41.07891],[37.43096,41.11411],[37.06621,41.18442],[36.99199,41.27539],[36.77773,41.36348],[36.64707,41.35254],[36.50967,41.2625],[36.27842,41.33613],[36.1792,41.42656],[36.05176,41.68257],[35.91982,41.71372],[35.55801,41.63403],[35.29775,41.72852],[35.12207,41.89111],[35.15488,42.02754],[35.00645,42.06328],[34.75049,41.95684],[34.19297,41.96367],[33.38135,42.01758],[32.94668,41.89175],[32.54219,41.8064],[32.30644,41.72959],[32.08643,41.58921],[31.45801,41.32002],[31.34668,41.15791],[31.25488,41.10762],[30.81006,41.08486],[30.34492,41.19692],[29.91934,41.15083],[29.32227,41.22773],[29.09434,41.17725],[29.04551,41.00757],[29.11387,40.93784],[29.36475,40.80928],[29.80059,40.76016],[28.95801,40.63057],[28.78789,40.53403],[29.00713,40.38975],[28.63027,40.37647],[28.28906,40.40303],[27.9626,40.36987],[27.98955,40.48945],[27.73184,40.48149],[27.84854,40.38174],[27.72803,40.32881],[27.47559,40.31992],[27.28457,40.45562],[27.12168,40.45234],[27.01211,40.39634],[26.73809,40.40024],[26.47539,40.19727],[26.31338,40.025],[26.18135,39.99009],[26.15469,39.65664],[26.11309,39.46738],[26.82705,39.56289],[26.91094,39.51733],[26.68184,39.29224],[26.85361,39.11563],[26.81494,38.96099],[27.01367,38.88687],[26.90918,38.77578],[26.76367,38.70962],[26.90684,38.48174],[26.86143,38.37295],[26.59502,38.4186],[26.58652,38.55703],[26.51357,38.62949],[26.37783,38.62417],[26.42969,38.44062],[26.29072,38.2772],[26.58242,38.14927],[26.68281,38.19834],[26.94385,38.06289],[27.23242,37.97866],[27.22441,37.72544],[27.07783,37.6877],[27.20391,37.49141],[27.21924,37.38916],[27.52012,37.24912],[27.53506,37.16387],[27.24971,37.07915],[27.34893,37.01958],[27.66836,37.00742],[28.13369,37.02949],[28.22441,36.99639],[27.93447,36.80928],[27.63086,36.78667],[27.65586,36.67461],[27.80381,36.73648],[28.08398,36.75147],[28.19561,36.68633],[28.30371,36.81196],[28.48359,36.80381],[28.71768,36.70088],[29.03828,36.69346],[29.14326,36.39722],[29.34834,36.25884],[29.68906,36.15669],[30.0832,36.24936],[30.23164,36.30732],[30.38731,36.24326],[30.48359,36.3104],[30.5585,36.52583],[30.58203,36.79717],[30.64404,36.86567],[31.35254,36.80107],[31.77793,36.61279],[32.02197,36.5353],[32.37773,36.18364],[32.53379,36.10073],[32.79482,36.03589],[32.92949,36.0957],[33.09951,36.10298],[33.69473,36.18198],[34.02344,36.34077],[34.29961,36.6042],[34.60137,36.78447],[34.81123,36.79927],[35.17617,36.63486],[35.39316,36.5752],[35.5374,36.59702],[35.66113,36.72432],[36.04893,36.9106],[36.18008,36.80723],[36.18848,36.65898],[35.88281,36.40635],[35.81094,36.30986],[35.95693,35.99815],[35.89268,35.91655],[36.12734,35.83145],[36.20195,35.93755],[36.34756,36.00352],[36.37539,36.17124],[36.64141,36.26353],[36.5375,36.45742],[36.59687,36.70137],[36.65859,36.80254],[36.9418,36.7584],[37.06621,36.65264],[37.43633,36.64331],[37.90664,36.79463],[38.1917,36.90156],[38.44375,36.86226],[38.7666,36.69312],[39.35664,36.68159],[39.68652,36.73862],[40.01641,36.82607],[40.70566,37.09771],[40.95889,37.10918],[41.26465,37.06934],[41.51553,37.08916],[42.05986,37.20606],[42.16787,37.28862],[42.26856,37.27656],[42.35898,37.10859],[42.45586,37.12871],[42.77461,37.37188],[42.93662,37.32476],[43.09248,37.36738],[43.51582,37.24453],[43.83643,37.22354],[44.01318,37.31353],[44.11445,37.30186],[44.2084,37.20264],[44.20166,37.05181],[44.28184,36.97803],[44.60596,37.17603],[44.76514,37.14243],[44.79414,37.29038],[44.57402,37.4354],[44.56123,37.74463],[44.21133,37.90806],[44.3294,38.10928],[44.43086,38.35679],[44.29082,38.42012],[44.25703,38.70064],[44.27168,38.83604],[44.14453,38.99439],[44.17803,39.14482],[44.0791,39.21831],[44.02324,39.37744],[44.38936,39.42212],[44.45596,39.66675],[44.58711,39.76856],[44.81719,39.65044],[44.76826,39.70352],[44.56045,39.8876],[44.28926,40.04038],[44.00537,40.01411],[43.7917,40.07026],[43.70986,40.1665],[43.56934,40.48237],[43.66787,40.57407],[43.72266,40.71953],[43.63164,40.929],[43.43945,41.10713],[43.35898,41.19014],[43.20547,41.19917],[43.14902,41.30713],[42.78789,41.56372],[42.56738,41.55928],[42.46641,41.43984],[42.21113,41.48672],[41.92578,41.49565],[41.82354,41.43237],[41.51006,41.51748]]],[[[28.01445,41.96904],[27.8792,41.98662],[27.53486,41.9208],[27.29492,42.07954],[27.01172,42.05864],[26.88486,41.99185],[26.61533,41.96489],[26.51143,41.82637],[26.36035,41.80156],[26.3209,41.71655],[26.58135,41.60127],[26.6249,41.40176],[26.33066,41.23877],[26.33106,40.95449],[26.10918,40.74966],[26.03897,40.72676],[26.10547,40.61133],[26.79209,40.62661],[26.72031,40.54424],[26.44746,40.44502],[26.25381,40.3147],[26.32998,40.12339],[26.46797,40.26147],[26.77207,40.49805],[27.25801,40.68735],[27.43018,40.83994],[27.49941,40.97315],[27.74736,41.01328],[27.9252,40.99058],[28.17217,41.08071],[28.78037,40.97417],[28.95625,41.0082],[29.05723,41.22974],[28.94678,41.24839],[28.34639,41.46636],[28.19785,41.55449],[27.98731,41.85488],[28.01445,41.96904]]]]},"properties":{"ADMIN":"Turkey","NAME_EN":"Turkey","ISO_A2_EH":"TR","ISO_A2":"TR","LABEL_X":34.508268,"LABEL_Y":39.345388,"MIN_LABEL":2,"LABELRANK":2,"TINY":-99,"TYPE":"Sovereign country"}},
{"type":"Feature","geometry":{"type":"MultiPolygon","coordinates":[[[[11.50459,33.18193],[11.20264,33.24922],[11.08457,33.56289],[10.95801,33.62632],[10.89844,33.53369],[10.72275,33.5144],[10.71318,33.68901],[10.4543,33.6625],[10.30527,33.72827],[10.15898,33.85005],[10.04902,34.0563],[10.06484,34.21162],[10.20039,34.34604],[10.53486,34.54473],[10.69092,34.67847],[10.86621,34.88433],[11.12012,35.24028],[11.04326,35.33511],[11.0043,35.63384],[10.59082,35.88726],[10.50576,36.03242],[10.47656,36.17515],[10.52568,36.32334],[10.79815,36.49312],[10.96719,36.74302],[11.12666,36.87407],[11.05391,37.07251],[10.95137,37.05928],[10.76621,36.93027],[10.57129,36.87944],[10.41231,36.73184],[10.18877,37.03389],[10.19639,37.20586],[10.0874,37.25127],[9.87559,37.25415],[9.68799,37.34038],[9.14199,37.19463],[8.82354,36.99761],[8.57656,36.93721],[8.60127,36.83394],[8.44424,36.76074],[8.36963,36.63252],[8.23076,36.54526],[8.34873,36.36797],[8.2457,35.87056],[8.31807,35.65493],[8.31641,35.40313],[8.39424,35.20386],[8.27685,34.97949],[8.2456,34.73408],[8.12344,34.56392],[7.83828,34.4103],[7.74854,34.25449],[7.51387,34.08052],[7.5002,33.83247],[7.7627,33.23311],[8.07559,33.08906],[8.21094,32.92671],[8.3042,32.69629],[8.3334,32.5436],[9.04404,32.07236],[9.36328,30.83291],[9.51875,30.2294],[9.89502,30.38731],[10.21641,30.7832],[10.25606,30.86494],[10.24336,31.03213],[10.11494,31.46377],[10.30606,31.70483],[10.47578,31.73604],[10.60889,31.92954],[10.82637,32.08066],[11.50498,32.41367],[11.53379,32.52495],[11.45391,32.64258],[11.46719,32.96572],[11.50459,33.18193]]],[[[10.95762,33.72207],[11.0376,33.78506],[10.92197,33.89312],[10.74522,33.88867],[10.72207,33.73892],[10.85742,33.68716],[10.95762,33.72207]]]]},"properties":{"ADMIN":"Tunisia","NAME_EN":"Tunisia","ISO_A2_EH":"TN","ISO_A2":"TN","LABEL_X":9.007881,"LABEL_Y":33.687263,"MIN_LABEL":3,"LABELRANK":3,"TINY":-99,"TYPE":"Sovereign country"}},
{"type":"Feature","geometry":{"type":"Polygon","coordinates":[[[-61.01211,10.13433],[-60.96846,10.32339],[-61.0375,10.48228],[-61.03374,10.66987],[-60.91763,10.84023],[-61.37002,10.79683],[-61.59185,10.74795],[-61.46475,10.53897],[-61.49932,10.26855],[-61.63271,10.24341],[-61.77168,10.08506],[-61.59668,10.06465],[-61.17427,10.07803],[-61.01211,10.13433]]]},"properties":{"ADMIN":"Trinidad and Tobago","NAME_EN":"Trinidad and Tobago","ISO_A2_EH":"TT","ISO_A2":"TT","LABEL_X":-60.9184,"LABEL_Y":10.9989,"MIN_LABEL":4.5,"LABELRANK":5,"TINY":2,"TYPE":"Sovereign country"}},
{"type":"Feature","geometry":{"type":"Polygon","coordinates":[[[-175.16191,-21.16934],[-175.22539,-21.11875],[-175.33545,-21.15771],[-175.15659,-21.26367],[-175.16191,-21.16934]]]},"properties":{"ADMIN":"Tonga","NAME_EN":"Tonga","ISO_A2_EH":"TO","ISO_A2":"TO","LABEL_X":-175.163014,"LABEL_Y":-21.210026,"MIN_LABEL":4,"LABELRANK":4,"TINY":3,"TYPE":"Sovereign country"}},
{"type":"Feature","geometry":{"type":"Polygon","coordinates":[[[0.90049,10.99326],[0.48418,10.99199],[-0.0686,11.11563],[0.00942,11.021],[-0.09019,10.71553],[-0.05771,10.63062],[0.33184,10.30693],[0.3627,10.23648],[0.32393,9.6876],[0.26953,9.66792],[0.26191,9.4956],[0.44756,9.48027],[0.529,9.3583],[0.46611,9.11533],[0.48877,8.85146],[0.37256,8.75928],[0.41533,8.65273],[0.61621,8.47964],[0.68809,8.30425],[0.58359,8.1458],[0.60518,7.72822],[0.5,7.54688],[0.50957,7.43511],[0.63477,7.35366],[0.57949,7.0041],[0.52559,6.85093],[0.73691,6.45259],[0.91221,6.32856],[0.98496,6.32031],[1.08447,6.17378],[1.18721,6.0894],[1.31065,6.14688],[1.62266,6.2168],[1.77793,6.29463],[1.74316,6.42627],[1.57754,6.6874],[1.58203,6.877],[1.62471,6.99731],[1.62461,8.271],[1.60664,8.55928],[1.6002,9.05005],[1.56631,9.13726],[1.42432,9.28501],[1.34707,9.56753],[1.33008,9.99697],[0.77998,10.35957],[0.7875,10.71025],[0.90049,10.99326]]]},"properties":{"ADMIN":"Togo","NAME_EN":"Togo","ISO_A2_EH":"TG","ISO_A2":"TG","LABEL_X":1.058113,"LABEL_Y":8.80722,"MIN_LABEL":5,"LABELRANK":6,"TINY":-99,"TYPE":"Sovereign country"}},
{"type":"Feature","geometry":{"type":"MultiPolygon","coordinates":[[[[125.64609,-8.13994],[125.50713,-8.2751],[125.57949,-8.31182],[125.64609,-8.13994]]],[[[125.06816,-9.51191],[125.40801,-9.27578],[125.84033,-9.13018],[125.94609,-9.12393],[126.16426,-8.99668],[126.38252,-8.95762],[126.66543,-8.78203],[126.91523,-8.71523],[127.11455,-8.58359],[127.29609,-8.42451],[127.21484,-8.37295],[126.96641,-8.31572],[126.61973,-8.45947],[126.17285,-8.48896],[125.8043,-8.49219],[125.38184,-8.57539],[125.17803,-8.64785],[125.02695,-8.85908],[124.92227,-8.94248],[124.97324,-9.06426],[125.10039,-9.004],[125.14941,-9.12295],[125.10049,-9.18984],[124.97754,-9.19492],[124.96826,-9.29424],[125.06816,-9.51191]]],[[[124.03633,-9.3416],[124.09014,-9.41641],[124.28232,-9.42793],[124.41299,-9.31436],[124.44443,-9.19033],[124.19815,-9.25615],[124.03633,-9.3416]]]]},"properties":{"ADMIN":"East Timor","NAME_EN":"East Timor","ISO_A2_EH":"TL","ISO_A2":"TL","LABEL_X":125.854679,"LABEL_Y":-8.803705,"MIN_LABEL":4,"LABELRANK":5,"TINY":-99,"TYPE":"Sovereign country"}},
{"type":"Feature","geometry":{"type":"MultiPolygon","coordinates":[[[[98.40908,7.90205],[98.43496,8.08565],[98.30137,8.13623],[98.26231,7.92607],[98.29629,7.77607],[98.40908,7.90205]]],[[[100.12246,20.31665],[99.89033,20.42441],[99.77334,20.34131],[99.63867,20.32046],[99.45889,20.36304],[99.50166,20.18774],[99.33789,20.07891],[99.19688,20.11514],[99.0207,20.0418],[98.9874,19.86138],[98.9167,19.7729],[98.76065,19.77109],[98.49385,19.70132],[98.23906,19.69067],[98.11104,19.76216],[97.8168,19.45996],[97.80391,19.13047],[97.70606,18.93179],[97.754,18.6208],[97.72773,18.57202],[97.48496,18.49424],[97.45078,18.35967],[97.59932,18.30298],[97.71973,18.0374],[97.69854,17.83355],[97.79297,17.68125],[98.25654,17.14766],[98.43887,16.97568],[98.47813,16.73223],[98.68926,16.30542],[98.83545,16.41758],[98.88828,16.3519],[98.81797,16.18081],[98.59238,16.05068],[98.5582,15.7686],[98.56523,15.40356],[98.19102,15.2041],[98.20215,14.97593],[98.246,14.81475],[98.57002,14.35991],[98.93359,14.04985],[99.13682,13.7167],[99.17168,13.49692],[99.17617,13.23306],[99.10742,13.10352],[99.17354,12.96133],[99.21982,12.73975],[99.40508,12.5479],[99.39424,12.47363],[99.46289,12.19023],[99.52295,12.08965],[99.61475,11.7812],[99.47793,11.6125],[99.19014,11.10527],[99.02539,10.91997],[98.75723,10.66094],[98.76836,10.43086],[98.70254,10.19038],[98.56191,9.8375],[98.49297,9.56143],[98.37139,9.29053],[98.32598,8.96895],[98.2418,8.76787],[98.23818,8.4231],[98.30547,8.22622],[98.421,8.17822],[98.49981,8.31782],[98.5792,8.34429],[98.70352,8.25674],[98.78867,8.05981],[98.97393,7.96279],[99.05107,7.88784],[99.04268,7.76563],[99.1834,7.71807],[99.30039,7.56133],[99.35859,7.37222],[99.5291,7.32949],[99.60244,7.15532],[99.72031,7.1062],[99.696,6.87666],[99.86865,6.7499],[100.11914,6.44199],[100.17676,6.67183],[100.26143,6.68272],[100.34541,6.5499],[100.62949,6.448],[100.79375,6.42617],[100.87393,6.24541],[101.05352,6.24258],[101.07559,5.95649],[100.98164,5.77105],[101.11397,5.63677],[101.19063,5.66875],[101.25703,5.78936],[101.55606,5.90776],[101.65,5.796],[101.79072,5.77935],[101.87363,5.82529],[101.93613,5.97935],[102.05518,6.09668],[102.10107,6.24224],[101.79922,6.47461],[101.61426,6.75396],[101.49795,6.86528],[101.30195,6.9083],[101.01787,6.86094],[100.79258,6.99468],[100.58623,7.17598],[100.42354,7.18784],[100.20488,7.50054],[100.1582,7.72813],[100.25664,7.7749],[100.31738,7.71597],[100.28379,7.55151],[100.38037,7.5415],[100.45352,7.44229],[100.2794,8.26851],[100.22871,8.42471],[100.1293,8.42808],[99.98955,8.58921],[99.96065,8.67124],[99.90469,9.11289],[99.83555,9.28838],[99.72383,9.31421],[99.39385,9.21372],[99.25391,9.26523],[99.28828,9.4146],[99.16074,9.73403],[99.19463,10.17544],[99.16504,10.31982],[99.23731,10.38814],[99.28477,10.56914],[99.48691,10.88955],[99.51436,11.10059],[99.62734,11.46289],[99.79873,11.74878],[99.83711,11.93662],[99.98906,12.1708],[100.00566,12.35474],[99.96397,12.69004],[100.08994,13.04565],[99.99053,13.24346],[100.01748,13.35317],[100.23565,13.48447],[100.65606,13.52129],[100.9627,13.43198],[100.92627,13.30303],[100.94609,13.18726],[100.90391,13.03491],[100.86328,12.7145],[100.95371,12.62124],[101.09023,12.67363],[101.44492,12.61895],[101.72363,12.68936],[102.03438,12.53189],[102.22959,12.33164],[102.54023,12.10923],[102.59414,12.20303],[102.76299,12.01245],[102.7916,11.88862],[102.93389,11.70669],[102.73662,12.0898],[102.70625,12.25566],[102.75566,12.42627],[102.49961,12.66997],[102.46172,13.01504],[102.33076,13.28823],[102.31973,13.53999],[102.54688,13.58569],[102.54473,13.65996],[102.72891,13.8419],[102.90928,14.13672],[103.03106,14.25254],[103.19941,14.33262],[103.60039,14.42109],[103.81836,14.36216],[104.0543,14.36274],[104.22773,14.39551],[104.41162,14.36958],[104.779,14.42783],[104.96973,14.36611],[105.07412,14.22744],[105.1833,14.34624],[105.34219,14.4167],[105.47559,14.53013],[105.54668,14.93247],[105.49043,15.12759],[105.51318,15.36089],[105.61563,15.48828],[105.62207,15.69995],[105.46201,15.78042],[105.37324,15.8897],[105.40625,15.98745],[105.04717,16.16025],[104.9499,16.33994],[104.81934,16.46606],[104.75059,16.64756],[104.75898,17.07715],[104.81602,17.30029],[104.73965,17.46167],[104.65586,17.54673],[104.42813,17.69898],[104.19619,17.98838],[104.04873,18.2167],[103.94961,18.31899],[103.79229,18.3165],[103.62969,18.38257],[103.36699,18.42334],[103.25176,18.37349],[103.26318,18.27847],[103.14854,18.22173],[103.05137,18.02852],[102.71758,17.89224],[102.66065,17.81797],[102.55254,17.96509],[102.35186,18.04595],[102.10147,18.21065],[101.94746,18.08149],[101.77481,18.0334],[101.6875,17.8894],[101.41367,17.71875],[101.16748,17.49902],[101.10518,17.47954],[100.9085,17.58389],[101.11328,18.03355],[101.1375,18.28686],[101.05059,18.40703],[101.16553,18.61831],[101.28633,18.97715],[101.27988,19.08892],[101.19756,19.32793],[101.2208,19.48662],[101.15469,19.5792],[100.9665,19.61079],[100.74395,19.51475],[100.62549,19.49985],[100.42012,19.64448],[100.39766,19.7561],[100.54307,20.08867],[100.51953,20.17793],[100.31797,20.38589],[100.12246,20.31665]]],[[[100.0707,9.58604],[99.95361,9.58101],[99.93125,9.47607],[100.05371,9.46143],[100.0707,9.58604]]]]},"properties":{"ADMIN":"Thailand","NAME_EN":"Thailand","ISO_A2_EH":"TH","ISO_A2":"TH","LABEL_X":101.073198,"LABEL_Y":15.45974,"MIN_LABEL":2.7,"LABELRANK":3,"TINY":-99,"TYPE":"Sovereign country"}},
{"type":"Feature","geometry":{"type":"MultiPolygon","coordinates":[[[[39.49648,-6.17461],[39.4333,-6.11543],[39.36826,-5.95117],[39.35723,-5.81152],[39.19238,-5.93105],[39.18232,-6.17256],[39.24346,-6.275],[39.42363,-6.34785],[39.48096,-6.45371],[39.57305,-6.3874],[39.49648,-6.17461]]],[[[39.86504,-4.90615],[39.67344,-4.92705],[39.70107,-5.11367],[39.64678,-5.36855],[39.74932,-5.44385],[39.85303,-5.25547],[39.86504,-4.90615]]],[[[32.91992,-9.40742],[32.97402,-9.39502],[33.13047,-9.4959],[33.33086,-9.51914],[33.4209,-9.60801],[33.69766,-9.59815],[33.94395,-9.67217],[33.9956,-9.49541],[34.08857,-9.53779],[34.3209,-9.73154],[34.52422,-10.03018],[34.56992,-10.24111],[34.58359,-10.5251],[34.66182,-10.71006],[34.65234,-10.87285],[34.59766,-11.0375],[34.77383,-11.3417],[34.85059,-11.35195],[34.93701,-11.46348],[34.95947,-11.57812],[35.63096,-11.58203],[35.78545,-11.45293],[35.91133,-11.45469],[36.08223,-11.5373],[36.19131,-11.6707],[36.30566,-11.70635],[36.51865,-11.71621],[36.67383,-11.68428],[36.77109,-11.61035],[36.97891,-11.56699],[37.21836,-11.68652],[37.37285,-11.71045],[37.5417,-11.6751],[37.72481,-11.58066],[37.8293,-11.48193],[37.92022,-11.29473],[38.17656,-11.27871],[38.31514,-11.31113],[38.4918,-11.41328],[38.79473,-11.22891],[38.9875,-11.16728],[39.171,-11.16689],[39.32158,-11.12256],[39.56348,-10.97852],[39.81709,-10.9124],[39.98867,-10.8208],[40.46357,-10.46435],[40.38877,-10.35352],[40.08369,-10.15664],[39.98359,-10.15957],[39.78379,-9.91455],[39.69668,-9.57842],[39.62549,-9.40947],[39.64131,-9.19248],[39.45127,-8.94297],[39.48838,-8.86182],[39.37734,-8.7208],[39.304,-8.44385],[39.34004,-8.24287],[39.44102,-8.01152],[39.42842,-7.81279],[39.33047,-7.74668],[39.28848,-7.51787],[39.35313,-7.34141],[39.51924,-7.12412],[39.54609,-7.02402],[39.47236,-6.87861],[39.28731,-6.81494],[39.22842,-6.68525],[39.06738,-6.49932],[38.87402,-6.33125],[38.80469,-6.07012],[38.81924,-5.87764],[38.91104,-5.62598],[38.97822,-5.51855],[39.11875,-5.06543],[39.12324,-4.98047],[39.22178,-4.69238],[39.19014,-4.67725],[38.34785,-4.0709],[37.79727,-3.67441],[37.72617,-3.55977],[37.60869,-3.46025],[37.68799,-3.24619],[37.64385,-3.04541],[36.90264,-2.63164],[35.83691,-2.03662],[34.98428,-1.56055],[33.97939,-1.00205],[33.90322,-1.00205],[33.08301,-1.00205],[32.01641,-1.00205],[30.84473,-1.00205],[30.50996,-1.06728],[30.47022,-1.13115],[30.63193,-1.36748],[30.71074,-1.39678],[30.8126,-1.56309],[30.81914,-1.96748],[30.87656,-2.14336],[30.82871,-2.33848],[30.55361,-2.4001],[30.42422,-2.6416],[30.47334,-2.69434],[30.42402,-2.82402],[30.51504,-2.91758],[30.78027,-2.98486],[30.81113,-3.11641],[30.79023,-3.27461],[30.68184,-3.30937],[30.63193,-3.41865],[30.425,-3.58887],[30.3791,-3.73076],[30.26856,-3.85049],[30.14717,-4.08535],[29.94727,-4.30732],[29.71777,-4.45586],[29.40322,-4.44932],[29.32568,-4.83565],[29.34277,-4.9831],[29.59414,-5.65078],[29.59639,-5.77598],[29.48008,-6.025],[29.54082,-6.31387],[29.70967,-6.61689],[30.10625,-6.91504],[30.31318,-7.20371],[30.40674,-7.46064],[30.7209,-8.10439],[30.75117,-8.19365],[30.83066,-8.38555],[30.96836,-8.55098],[31.07637,-8.61191],[31.35059,-8.60703],[31.53486,-8.71328],[31.55625,-8.80547],[31.67363,-8.90879],[31.91865,-8.94219],[31.94258,-9.054],[32.12979,-9.07334],[32.2209,-9.12559],[32.4332,-9.15635],[32.48711,-9.21269],[32.91992,-9.40742]]],[[[39.71133,-7.97744],[39.82441,-7.90068],[39.84658,-7.73027],[39.60293,-7.93613],[39.71133,-7.97744]]]]},"properties":{"ADMIN":"United Republic of Tanzania","NAME_EN":"Tanzania","ISO_A2_EH":"TZ","ISO_A2":"TZ","LABEL_X":34.959183,"LABEL_Y":-6.051866,"MIN_LABEL":3,"LABELRANK":3,"TINY":-99,"TYPE":"Sovereign country"}},
{"type":"Feature","geometry":{"type":"Polygon","coordinates":[[[67.75898,37.17222],[67.95801,36.97202],[68.06777,36.94981],[68.38691,37.1375],[68.66914,37.2584],[68.96045,37.32505],[69.26484,37.1084],[69.41445,37.20776],[69.39922,37.39932],[69.49209,37.55308],[69.62578,37.59404],[69.94063,37.60029],[70.04473,37.54722],[70.18867,37.58247],[70.25147,37.66416],[70.21465,37.92441],[70.41777,38.07544],[70.61582,38.33442],[70.73594,38.42256],[70.87891,38.4564],[71.05215,38.41787],[71.25586,38.30698],[71.33271,38.17026],[71.27852,37.91841],[71.55195,37.93315],[71.58037,37.86426],[71.50508,37.60293],[71.43291,37.12754],[71.53086,36.84512],[71.59746,36.73291],[71.80205,36.69429],[72.15352,36.90054],[72.35879,36.98291],[72.65742,37.02905],[72.75703,37.17271],[72.89551,37.26753],[73.21113,37.4085],[73.48135,37.47168],[73.72061,37.41875],[73.74961,37.23179],[74.16709,37.32944],[74.25967,37.41543],[74.65938,37.39448],[74.89131,37.23164],[75.11875,37.38569],[75.09746,37.45127],[74.89424,37.60142],[74.93828,37.77251],[74.78965,38.10361],[74.77207,38.27476],[74.83594,38.4043],[74.74502,38.51001],[74.27744,38.65977],[74.13135,38.66118],[74.02559,38.53984],[73.80166,38.60689],[73.69609,38.8543],[73.7956,39.00215],[73.60732,39.2292],[73.63164,39.44888],[73.47041,39.4606],[73.23496,39.37456],[72.87246,39.3604],[72.63994,39.38599],[72.35772,39.33687],[72.22998,39.20752],[72.04277,39.35215],[71.80596,39.27559],[71.73223,39.423],[71.54629,39.45308],[71.51738,39.55386],[71.4043,39.59785],[71.06504,39.49341],[71.00488,39.41187],[70.7331,39.41328],[70.60781,39.5644],[70.39209,39.58189],[70.24482,39.54263],[69.59883,39.57378],[69.29766,39.52481],[69.2291,39.76108],[69.30723,39.96856],[69.43193,39.90977],[69.53027,40.09731],[69.9668,40.20225],[70.45137,40.04922],[70.51514,39.9499],[70.64434,40.08345],[70.94639,40.1876],[70.95801,40.23887],[70.65313,40.20117],[70.53359,40.32451],[70.39824,40.36138],[70.38262,40.45352],[70.71201,40.66909],[70.75098,40.7396],[70.4415,41.02344],[70.29209,40.8917],[69.71289,40.65698],[69.41387,40.79717],[69.30938,40.72393],[69.31397,40.63477],[69.20625,40.56655],[69.3042,40.32739],[69.22832,40.1876],[68.95176,40.22261],[68.65254,40.18267],[68.80469,40.05034],[68.86875,39.90747],[68.63897,39.83887],[68.58613,39.63496],[68.46328,39.53672],[68.07715,39.56416],[67.71904,39.62139],[67.54248,39.55762],[67.42617,39.46558],[67.34961,39.24209],[67.6165,39.15029],[67.67656,39.0085],[68.10352,38.96201],[68.14854,38.89063],[68.04785,38.66929],[68.14414,38.38311],[68.33311,38.23779],[68.29404,38.03291],[68.0876,37.83545],[67.81436,37.48701],[67.79805,37.24497],[67.75898,37.17222]]]},"properties":{"ADMIN":"Tajikistan","NAME_EN":"Tajikistan","ISO_A2_EH":"TJ","ISO_A2":"TJ","LABEL_X":72.587276,"LABEL_Y":38.199835,"MIN_LABEL":4,"LABELRANK":4,"TINY":-99,"TYPE":"Sovereign country"}},
{"type":"Feature","geometry":{"type":"Polygon","coordinates":[[[121.00879,22.62036],[121.16123,22.77637],[121.2959,22.9666],[121.39746,23.17251],[121.47715,23.42407],[121.63936,24.13008],[121.73701,24.28525],[121.82803,24.53438],[121.82012,24.82451],[121.929,24.97373],[121.85283,25.10444],[121.68711,25.18159],[121.59365,25.27534],[121.44961,25.24902],[121.36543,25.15918],[121.04063,25.03281],[120.90156,24.81328],[120.62969,24.47852],[120.15898,23.70903],[120.12539,23.52661],[120.14297,23.39907],[120.07246,23.14976],[120.23281,22.71792],[120.32559,22.54243],[120.58125,22.3564],[120.67803,22.15967],[120.69014,22.03311],[120.83984,21.925],[120.89736,22.37915],[121.00879,22.62036]]]},"properties":{"ADMIN":"Taiwan","NAME_EN":"Taiwan","ISO_A2_EH":"TW","ISO_A2":"CN-TW","LABEL_X":120.868204,"LABEL_Y":23.652408,"MIN_LABEL":4.5,"LABELRANK":3,"TINY":-99,"TYPE":"Sovereign country"}},
{"type":"Feature","geometry":{"type":"Polygon","coordinates":[[[35.89268,35.91655],[35.83965,35.84922],[35.76445,35.57158],[35.90244,35.4207],[35.94307,35.22383],[35.88994,35.0603],[35.89932,34.8521],[35.97627,34.6292],[36.43301,34.61348],[36.32627,34.51333],[36.5044,34.43237],[36.58496,34.22124],[36.45752,34.05684],[36.35488,34.01133],[36.28223,33.89419],[36.09219,33.83159],[35.94238,33.66758],[36.02227,33.5625],[35.86914,33.43174],[35.81613,33.36188],[35.78502,33.29109],[35.88798,32.94438],[35.78731,32.73491],[35.89473,32.71377],[36.05947,32.53379],[36.21973,32.49512],[36.37207,32.38691],[36.81836,32.31729],[38.05576,32.99487],[38.77354,33.37222],[39.56445,33.76836],[40.68945,34.33203],[40.98701,34.42905],[41.19473,34.76899],[41.21641,35.28818],[41.24834,35.42749],[41.3541,35.64043],[41.35264,35.80996],[41.2456,36.07339],[41.296,36.38335],[41.4168,36.51465],[41.78857,36.59717],[42.08398,36.82603],[42.3501,37.0606],[42.35898,37.10859],[42.26856,37.27656],[42.16787,37.28862],[42.05986,37.20606],[41.51553,37.08916],[41.26465,37.06934],[40.95889,37.10918],[40.70566,37.09771],[40.01641,36.82607],[39.68652,36.73862],[39.35664,36.68159],[38.7666,36.69312],[38.44375,36.86226],[38.1917,36.90156],[37.90664,36.79463],[37.43633,36.64331],[37.06621,36.65264],[36.9418,36.7584],[36.65859,36.80254],[36.59687,36.70137],[36.5375,36.45742],[36.64141,36.26353],[36.37539,36.17124],[36.34756,36.00352],[36.20195,35.93755],[36.12734,35.83145],[35.89268,35.91655]]]},"properties":{"ADMIN":"Syria","NAME_EN":"Syria","ISO_A2_EH":"SY","ISO_A2":"SY","LABEL_X":38.277783,"LABEL_Y":35.006636,"MIN_LABEL":3,"LABELRANK":3,"TINY":-99,"TYPE":"Sovereign country"}},
{"type":"Feature","geometry":{"type":"Polygon","coordinates":[[[9.52402,47.52422],[9.18281,47.6707],[8.88115,47.6564],[8.61787,47.76611],[8.40342,47.68779],[8.41475,47.5896],[8.19824,47.60693],[7.92705,47.56387],[7.61563,47.59273],[7.42002,47.45518],[7.20313,47.43272],[7.05342,47.48936],[6.90039,47.39424],[7.00059,47.32251],[6.62481,47.00435],[6.45625,46.94834],[6.41016,46.75542],[6.16074,46.61104],[6.06025,46.42817],[6.08662,46.14702],[6.27295,46.25225],[6.23467,46.33262],[6.42891,46.43052],[6.75811,46.41577],[6.8168,46.2752],[6.77207,46.16514],[7.02109,45.92578],[7.129,45.88042],[7.53857,45.97817],[7.78789,45.92183],[7.99316,46.01592],[8.1252,46.16094],[8.08154,46.25601],[8.3707,46.44512],[8.44297,46.40278],[8.4584,46.2459],[8.95371,45.83003],[9.04668,45.87559],[9.02236,46.05147],[9.25107,46.28677],[9.26016,46.4752],[9.42764,46.48232],[9.48106,46.34878],[9.63945,46.2959],[9.93926,46.36182],[10.04102,46.23809],[10.14522,46.25352],[10.03828,46.4832],[10.08701,46.5999],[10.43066,46.55005],[10.39795,46.66504],[10.45283,46.86494],[10.34941,46.98477],[10.17979,46.86235],[9.99687,46.88535],[9.84531,47.00737],[9.58027,47.05737],[9.4877,47.06226],[9.52754,47.27075],[9.62588,47.46704],[9.52402,47.52422]]]},"properties":{"ADMIN":"Switzerland","NAME_EN":"Switzerland","ISO_A2_EH":"CH","ISO_A2":"CH","LABEL_X":7.463965,"LABEL_Y":46.719114,"MIN_LABEL":4,"LABELRANK":4,"TINY":-99,"TYPE":"Sovereign country"}},
{"type":"Feature","geometry":{"type":"MultiPolygon","coordinates":[[[[19.07647,57.83594],[18.84111,57.9002],[18.5374,57.83057],[18.13652,57.55664],[18.10508,57.27188],[18.28535,57.0832],[18.6999,57.24273],[18.78486,57.36108],[18.81387,57.7062],[19.07647,57.83594]]],[[[16.52852,56.29053],[16.77803,56.80523],[17.05352,57.20801],[17.02539,57.34507],[16.72773,56.902],[16.63037,56.87686],[16.41231,56.56899],[16.40127,56.31089],[16.52852,56.29053]]],[[[11.38828,59.03652],[11.14717,58.98862],[11.20791,58.86641],[11.27158,58.47564],[11.43154,58.33999],[11.44932,58.11836],[11.54902,58.00122],[11.70322,57.97319],[11.73496,57.71768],[11.87871,57.67944],[11.96152,57.42607],[12.05322,57.44697],[12.15186,57.22695],[12.42148,56.9064],[12.57266,56.82329],[12.71758,56.66284],[12.88369,56.61773],[12.85742,56.45239],[12.65645,56.44058],[12.80166,56.26392],[12.59258,56.1376],[12.97803,55.6938],[12.88584,55.41138],[13.32139,55.34639],[13.80635,55.42856],[14.17373,55.39663],[14.3417,55.52773],[14.20293,55.72915],[14.21504,55.83262],[14.55859,56.04863],[14.75479,56.03315],[14.78203,56.16191],[15.32656,56.15083],[15.62656,56.1856],[15.82666,56.12495],[15.99668,56.22261],[16.15068,56.50083],[16.34873,56.70928],[16.52793,57.06816],[16.47598,57.26514],[16.65225,57.50068],[16.55537,57.81226],[16.69492,57.91753],[16.7001,58.16079],[16.76992,58.21426],[16.65195,58.43433],[16.92383,58.49258],[16.63935,58.65117],[16.97812,58.65415],[17.34766,58.78052],[17.45674,58.8584],[17.829,58.95459],[18.28535,59.10938],[18.50889,59.40796],[18.2169,59.42051],[18.57813,59.56577],[18.97051,59.75723],[18.9332,59.94229],[18.78701,60.07949],[18.53545,60.15288],[18.55752,60.25356],[18.25049,60.36152],[17.95576,60.5898],[17.66113,60.53516],[17.55547,60.64273],[17.25098,60.70078],[17.13076,61.57573],[17.41729,61.74067],[17.37451,61.86631],[17.56289,62.21231],[17.37334,62.42651],[17.83447,62.50273],[17.97441,62.72105],[17.89561,62.83052],[18.46309,62.89585],[18.60645,63.17827],[19.03438,63.23774],[19.3543,63.47749],[19.72207,63.46333],[19.91367,63.61055],[20.20469,63.66245],[20.7627,63.86782],[21.01846,64.17798],[21.46504,64.37959],[21.2793,64.72471],[21.13818,64.80869],[21.57393,65.12578],[21.50635,65.24536],[21.56553,65.40811],[21.87959,65.42402],[22.254,65.59756],[22.36631,65.84268],[22.53857,65.79434],[22.74658,65.87095],[23.10234,65.73535],[23.22109,65.78613],[23.69141,65.82852],[24.15547,65.80527],[23.90732,66.14824],[23.75147,66.19116],[23.70117,66.48076],[23.86553,66.57661],[23.98857,66.81055],[23.67734,67.06812],[23.62305,67.18413],[23.7749,67.32861],[23.73359,67.4229],[23.46807,67.44995],[23.53701,67.59038],[23.50186,67.8752],[23.63887,67.9544],[23.09785,68.25757],[22.78242,68.39102],[21.99746,68.52061],[21.46543,68.69067],[20.62217,69.03687],[20.1167,69.0209],[20.33711,68.89966],[20.31943,68.75405],[19.96885,68.54204],[20.24004,68.47754],[19.96982,68.3564],[19.05264,68.49272],[18.37861,68.5624],[18.1626,68.52842],[18.17666,68.20064],[17.9167,67.96489],[17.32461,68.10381],[16.78359,67.89502],[16.58555,67.62832],[16.19356,67.50518],[16.12744,67.42583],[16.43428,67.15508],[16.40352,67.05498],[15.42295,66.48984],[15.48379,66.30596],[15.15332,66.19106],[14.54326,66.12935],[14.63516,65.84502],[14.54951,65.64639],[14.47969,65.30146],[14.11514,64.94614],[13.65029,64.58154],[14.07764,64.46401],[14.14121,64.17354],[13.96055,64.01401],[13.29961,64.07481],[12.9876,64.05049],[12.6625,63.94048],[12.1752,63.59595],[12.21211,63.49224],[11.9999,63.2917],[12.21816,63.00064],[12.10859,62.91948],[12.11455,62.5919],[12.30352,62.2856],[12.15537,61.72075],[12.59609,61.54131],[12.88076,61.3523],[12.68301,61.04683],[12.29414,61.00269],[12.31465,60.89214],[12.58867,60.45073],[12.48613,60.10679],[12.16924,59.91289],[11.93213,59.86367],[11.83428,59.69717],[11.68076,59.59229],[11.79815,59.28989],[11.64277,58.92607],[11.4707,58.90952],[11.38828,59.03652]]]]},"properties":{"ADMIN":"Sweden","NAME_EN":"Sweden","ISO_A2_EH":"SE","ISO_A2":"SE","LABEL_X":19.01705,"LABEL_Y":65.85918,"MIN_LABEL":2,"LABELRANK":3,"TINY":-99,"TYPE":"Sovereign country"}},
{"type":"Feature","geometry":{"type":"Polygon","coordinates":[[[31.94824,-25.95762],[31.87148,-25.98164],[31.41514,-25.74658],[31.20732,-25.84336],[30.80332,-26.41348],[30.79434,-26.76426],[30.8833,-26.79238],[31.06338,-27.1123],[31.27402,-27.23838],[31.46953,-27.29551],[31.9584,-27.30586],[31.94609,-27.17363],[31.99473,-26.81748],[32.11289,-26.83945],[32.10596,-26.52002],[32.04141,-26.28125],[32.06055,-26.01836],[31.94824,-25.95762]]]},"properties":{"ADMIN":"eSwatini","NAME_EN":"Eswatini","ISO_A2_EH":"SZ","ISO_A2":"SZ","LABEL_X":31.467264,"LABEL_Y":-26.533676,"MIN_LABEL":4,"LABELRANK":4,"TINY":-99,"TYPE":"Sovereign country"}},
{"type":"Feature","geometry":{"type":"Polygon","coordinates":[[[-54.15596,5.35898],[-54.04595,5.60889],[-54.0542,5.80791],[-54.35615,5.90986],[-54.83369,5.98833],[-55.14829,5.99346],[-55.3793,5.95264],[-55.64834,5.98589],[-55.82817,5.96167],[-55.93955,5.79546],[-56.46602,5.93774],[-56.96982,5.99287],[-57.05664,5.93867],[-57.19477,5.54844],[-57.31855,5.33535],[-57.20732,5.21421],[-57.33101,5.02017],[-57.71108,4.99106],[-57.84492,4.92305],[-57.91704,4.82041],[-57.846,4.66816],[-57.94976,4.34995],[-58.05449,4.17192],[-58.03223,4.00195],[-57.90771,3.85669],[-57.83267,3.67598],[-57.64946,3.51738],[-57.64673,3.39453],[-57.54961,3.35283],[-57.30366,3.3771],[-57.27793,3.16431],[-57.23164,3.10889],[-57.20981,2.88281],[-57.02895,2.6375],[-56.93149,2.39536],[-56.70435,2.03647],[-56.48281,1.94214],[-56.01992,1.84224],[-55.92964,1.8875],[-55.91533,2.03955],[-56.12939,2.29951],[-55.93594,2.5166],[-55.73057,2.40615],[-55.38535,2.44062],[-55.34399,2.48877],[-55.00581,2.59297],[-54.85166,2.43955],[-54.72222,2.44165],[-54.61626,2.32676],[-54.53594,2.34331],[-54.402,2.46152],[-54.19551,2.81787],[-54.1707,2.9936],[-54.20312,3.13818],[-54.00957,3.44854],[-53.99048,3.58955],[-54.11279,3.76943],[-54.25552,3.90107],[-54.35073,4.0541],[-54.44961,4.48501],[-54.42607,4.58301],[-54.47114,4.74932],[-54.4522,5.01348],[-54.33164,5.1874],[-54.15596,5.35898]]]},"properties":{"ADMIN":"Suriname","NAME_EN":"Suriname","ISO_A2_EH":"SR","ISO_A2":"SR","LABEL_X":-55.91094,"LABEL_Y":4.143987,"MIN_LABEL":4,"LABELRANK":4,"TINY":-99,"TYPE":"Sovereign country"}},
{"type":"Feature","geometry":{"type":"Polygon","coordinates":[[[33.97607,4.22021],[34.38018,4.62065],[35.26836,5.49229],[35.08193,5.67315],[34.98359,5.8583],[34.95898,6.04507],[34.83809,6.30015],[34.71065,6.6603],[34.56279,6.77983],[34.48438,6.89839],[34.2793,7.00283],[34.06426,7.22573],[34.02041,7.36797],[33.90244,7.50952],[33.66611,7.671],[33.22598,7.76065],[33.01465,7.86856],[33.0126,7.95151],[33.23428,8.39639],[33.40937,8.44775],[33.78506,8.4311],[33.95332,8.44351],[34.09453,8.58223],[34.10156,8.75186],[34.07813,9.46152],[33.89092,9.46221],[33.89492,9.71763],[33.95918,9.84526],[33.95684,10.0542],[33.89219,10.19898],[33.45908,10.55083],[33.36074,10.65781],[33.14082,10.73789],[33.17217,10.85015],[33.07305,11.5915],[33.12246,11.69316],[33.13506,11.9416],[33.19932,12.21729],[32.72187,12.2231],[32.73672,12.00967],[32.07227,12.00674],[32.33535,11.71602],[32.3542,11.24692],[32.4041,11.05776],[31.93301,10.6625],[31.8543,10.47905],[31.65488,10.22114],[31.2249,9.79927],[31.15449,9.77095],[30.73936,9.74268],[30.47461,9.97895],[30.00303,10.27739],[29.60547,10.06509],[29.60391,9.92139],[29.47315,9.7686],[29.24238,9.71807],[28.99961,9.61016],[28.83945,9.45908],[28.84453,9.32607],[28.04893,9.32861],[27.88584,9.59966],[27.79981,9.58789],[27.07422,9.61382],[26.76318,9.49922],[26.55137,9.52583],[26.16953,9.96592],[25.8915,10.20273],[25.88525,10.34609],[25.79805,10.42051],[25.28516,10.31851],[25.06699,10.2938],[25.00293,10.05527],[24.78525,9.77466],[24.78262,9.52734],[24.66289,9.33813],[24.64805,9.1791],[24.54941,9.00679],[24.53193,8.88691],[24.21357,8.76782],[24.14736,8.66563],[24.2209,8.60825],[24.17998,8.46113],[24.29141,8.29141],[24.45606,8.23945],[24.73672,8.19155],[24.85332,8.13755],[25.00723,7.96484],[25.20039,7.80791],[25.24736,7.72456],[25.19014,7.51934],[25.38066,7.3334],[25.88897,7.06494],[26.03652,6.95523],[26.16934,6.78174],[26.36182,6.6353],[26.30859,6.45532],[26.51426,6.06924],[26.72637,5.99824],[27.0834,5.77686],[27.21338,5.6188],[27.25674,5.28965],[27.40332,5.10918],[27.49102,4.96758],[27.66416,4.846],[27.78809,4.64468],[27.98066,4.53208],[28.19209,4.35024],[28.42754,4.32417],[28.72705,4.50498],[28.93936,4.48706],[29.15147,4.38818],[29.2249,4.3919],[29.38486,4.49839],[29.46963,4.61182],[29.55205,4.63603],[29.67686,4.58691],[29.87022,4.32715],[30.19492,3.98193],[30.5083,3.83569],[30.55938,3.65278],[30.75723,3.62422],[30.83857,3.49072],[30.9294,3.63408],[31.15234,3.7856],[31.22197,3.78594],[31.47998,3.68047],[31.62891,3.70147],[31.79805,3.80264],[31.9418,3.60757],[32.09941,3.5292],[32.33574,3.7062],[32.83809,3.79849],[32.99727,3.88018],[33.1541,3.77471],[33.48936,3.75508],[33.56846,3.81172],[33.97607,4.22021]]]},"properties":{"ADMIN":"South Sudan","NAME_EN":"South Sudan","ISO_A2_EH":"SS","ISO_A2":"SS","LABEL_X":30.390151,"LABEL_Y":7.230477,"MIN_LABEL":3,"LABELRANK":3,"TINY":-99,"TYPE":"Sovereign country"}},
{"type":"Feature","geometry":{"type":"Polygon","coordinates":[[[34.07813,9.46152],[34.12031,9.72969],[34.18525,9.91856],[34.2915,10.12476],[34.31484,10.25156],[34.27568,10.52813],[34.43144,10.78784],[34.57188,10.88018],[34.77129,10.74619],[34.93144,10.8648],[34.96914,11.16177],[34.96074,11.27676],[35.11231,11.81655],[35.25244,11.95703],[35.59609,12.53731],[35.67022,12.62373],[35.82061,12.68486],[36.10752,12.72647],[36.16016,13.09331],[36.21221,13.27109],[36.39063,13.62607],[36.44707,13.84204],[36.44395,13.98843],[36.52432,14.25684],[36.42676,15.13208],[36.52178,15.25015],[36.6792,15.72637],[36.81348,15.99395],[36.91377,16.29619],[36.88779,16.62466],[36.97871,16.80059],[37.00898,17.05889],[37.16953,17.04141],[37.41104,17.06172],[37.51016,17.28814],[37.78242,17.45801],[38.02529,17.53779],[38.25352,17.58477],[38.42246,17.82393],[38.60947,18.00508],[38.57402,18.07295],[38.33291,18.21904],[38.20176,18.24941],[37.92188,18.55591],[37.72979,18.69434],[37.59941,18.71743],[37.47129,18.82012],[37.36152,19.09199],[37.24844,19.58189],[37.2626,19.7919],[37.19316,20.1207],[37.18789,20.39492],[37.22754,20.55674],[37.17266,20.73198],[37.15059,21.10376],[37.21172,21.18584],[37.08115,21.32603],[36.92695,21.58652],[36.88262,21.7688],[36.87139,21.99673],[35.88701,21.99653],[34.57461,21.99634],[33.91846,21.99624],[32.60606,21.996],[31.43447,21.99585],[31.48613,22.1478],[31.3585,22.18862],[31.26065,22.0023],[30.32861,21.99502],[29.56455,21.99512],[28.80059,21.99526],[28.03643,21.99536],[27.27246,21.99551],[26.12637,21.99565],[24.98027,21.99585],[24.97988,20.99922],[24.97949,20.00259],[24.96699,19.99546],[23.98027,19.99595],[23.98027,19.49663],[23.98145,18.1585],[23.98223,17.26636],[23.98291,16.37422],[23.9834,15.78018],[23.946,15.70352],[23.7082,15.74497],[23.24346,15.69722],[23.10518,15.70254],[22.93389,15.53311],[22.96953,15.31133],[22.93232,15.16211],[22.76328,14.99868],[22.6792,14.85147],[22.6709,14.72246],[22.46777,14.63335],[22.38154,14.55049],[22.50996,14.12744],[22.17315,13.9106],[22.10762,13.73032],[22.20234,13.53809],[22.22813,13.32959],[22.15801,13.21504],[21.99023,13.11309],[21.90772,13.00098],[21.82529,12.79053],[21.87813,12.69937],[22.00068,12.67188],[22.2334,12.70947],[22.35234,12.66045],[22.41445,12.54639],[22.39023,12.46299],[22.48984,12.04473],[22.58096,11.99014],[22.55635,11.66953],[22.64102,11.51592],[22.92266,11.34487],[22.9377,11.19204],[22.86006,10.91968],[22.96436,10.75181],[23.31231,10.38794],[23.54502,10.03008],[23.64629,9.8229],[23.65625,9.71035],[23.62266,9.34062],[23.46826,9.11475],[23.55186,8.94321],[23.53731,8.81582],[23.6793,8.73247],[24.14736,8.66563],[24.21357,8.76782],[24.53193,8.88691],[24.54941,9.00679],[24.64805,9.1791],[24.66289,9.33813],[24.78262,9.52734],[24.78525,9.77466],[25.00293,10.05527],[25.06699,10.2938],[25.28516,10.31851],[25.79805,10.42051],[25.88525,10.34609],[25.8915,10.20273],[26.16953,9.96592],[26.55137,9.52583],[26.76318,9.49922],[27.07422,9.61382],[27.79981,9.58789],[27.88584,9.59966],[28.04893,9.32861],[28.84453,9.32607],[28.83945,9.45908],[28.99961,9.61016],[29.24238,9.71807],[29.47315,9.7686],[29.60391,9.92139],[29.60547,10.06509],[30.00303,10.27739],[30.47461,9.97895],[30.73936,9.74268],[31.15449,9.77095],[31.2249,9.79927],[31.65488,10.22114],[31.8543,10.47905],[31.93301,10.6625],[32.4041,11.05776],[32.3542,11.24692],[32.33535,11.71602],[32.07227,12.00674],[32.73672,12.00967],[32.72187,12.2231],[33.19932,12.21729],[33.13506,11.9416],[33.12246,11.69316],[33.07305,11.5915],[33.17217,10.85015],[33.14082,10.73789],[33.36074,10.65781],[33.45908,10.55083],[33.89219,10.19898],[33.95684,10.0542],[33.95918,9.84526],[33.89492,9.71763],[33.89092,9.46221],[34.07813,9.46152]]]},"properties":{"ADMIN":"Sudan","NAME_EN":"Sudan","ISO_A2_EH":"SD","ISO_A2":"SD","LABEL_X":29.260657,"LABEL_Y":16.330746,"MIN_LABEL":2.5,"LABELRANK":3,"TINY":-99,"TYPE":"Sovereign country"}},
{"type":"Feature","geometry":{"type":"Polygon","coordinates":[[[79.98232,9.8127],[79.954,9.74233],[80.0458,9.6499],[80.25762,9.61128],[80.38535,9.54878],[80.31797,9.46543],[80.08633,9.57783],[80.11836,9.32686],[80.06484,9.09565],[79.92891,8.89922],[79.9418,8.6915],[79.85088,8.41157],[79.80889,8.05],[79.70781,8.06567],[79.79209,7.58521],[79.85938,6.8293],[80.00723,6.3644],[80.09531,6.15317],[80.26738,6.00977],[80.4958,5.94937],[80.72412,5.97905],[80.97109,6.08838],[81.37998,6.24092],[81.6374,6.42515],[81.76777,6.61431],[81.86143,6.90127],[81.87412,7.28833],[81.68291,7.68447],[81.66543,7.78247],[81.43594,8.1189],[81.37285,8.43145],[81.22695,8.50552],[81.19824,8.66196],[81.01602,8.93262],[80.93545,8.97148],[80.89346,9.08589],[80.71113,9.36636],[80.37598,9.64233],[80.25283,9.79634],[79.98232,9.8127]]]},"properties":{"ADMIN":"Sri Lanka","NAME_EN":"Sri Lanka","ISO_A2_EH":"LK","ISO_A2":"LK","LABEL_X":80.704823,"LABEL_Y":7.581097,"MIN_LABEL":3,"LABELRANK":3,"TINY":-99,"TYPE":"Sovereign country"}},
{"type":"Feature","geometry":{"type":"MultiPolygon","coordinates":[[[[3.14531,39.79009],[3.15869,39.97051],[2.78496,39.85483],[2.37129,39.61309],[2.49951,39.47788],[2.63408,39.5562],[2.746,39.51025],[2.76982,39.41025],[3.07285,39.30127],[3.24473,39.38662],[3.46182,39.69775],[3.34219,39.78672],[3.14531,39.79009]]],[[[4.29365,39.84185],[4.31514,39.91724],[4.22578,40.03237],[4.05918,40.0751],[3.85342,40.06304],[3.84268,39.97637],[4.29365,39.84185]]],[[[1.44522,38.9187],[1.62363,39.03882],[1.56445,39.12105],[1.34863,39.08081],[1.25625,38.97339],[1.25693,38.879],[1.44522,38.9187]]],[[[-1.79404,43.40732],[-1.99131,43.34507],[-2.33711,43.32803],[-2.60708,43.41274],[-2.87505,43.45444],[-3.0456,43.37158],[-3.41787,43.45171],[-3.60464,43.51948],[-3.88935,43.49941],[-4.31279,43.41475],[-4.52305,43.41572],[-5.10527,43.50186],[-5.31572,43.55317],[-5.66582,43.58247],[-5.84668,43.64507],[-6.08013,43.59492],[-6.47568,43.57891],[-6.90068,43.58565],[-7.06099,43.55396],[-7.26196,43.59463],[-7.50361,43.73994],[-7.69814,43.76455],[-8.00469,43.69439],[-8.25674,43.57988],[-8.24893,43.4394],[-8.53706,43.33706],[-8.87368,43.33442],[-9.17808,43.17402],[-9.2352,42.9769],[-9.0416,42.81401],[-8.98779,42.58565],[-8.81152,42.64033],[-8.81211,42.47007],[-8.69092,42.27417],[-8.88721,42.10527],[-8.87832,41.94688],[-8.77715,41.94106],[-8.53809,42.06934],[-8.21309,42.13369],[-8.12998,42.01816],[-8.22476,41.89585],[-8.15249,41.81196],[-7.92085,41.88364],[-7.69307,41.88848],[-7.40361,41.83369],[-7.03047,41.95064],[-6.61826,41.94238],[-6.55752,41.87412],[-6.54219,41.67251],[-6.3917,41.66538],[-6.2125,41.53203],[-6.40312,41.37539],[-6.69014,41.2145],[-6.92847,41.00913],[-6.85771,40.87832],[-6.81836,40.65405],[-6.84795,40.41099],[-6.81016,40.34311],[-7.0147,40.20835],[-7.02783,40.14263],[-6.89609,40.02183],[-7.03672,39.71397],[-7.11768,39.68169],[-7.4541,39.68066],[-7.44512,39.53618],[-7.33545,39.46514],[-7.30576,39.33814],[-7.17241,39.13521],[-6.99795,39.05644],[-7.04604,38.90703],[-7.28154,38.71455],[-7.34302,38.45742],[-7.1064,38.18101],[-6.9748,38.19443],[-7.02285,38.04473],[-7.18545,38.00635],[-7.44394,37.72827],[-7.50352,37.5855],[-7.40615,37.17944],[-7.17495,37.20879],[-6.88462,37.19424],[-6.49243,36.95464],[-6.39619,36.83164],[-6.38413,36.63701],[-6.26894,36.59673],[-6.17046,36.33379],[-6.04067,36.18843],[-5.62549,36.02593],[-5.36094,36.13491],[-5.32969,36.23574],[-5.17148,36.42378],[-4.9353,36.50205],[-4.67412,36.50645],[-4.36685,36.71811],[-3.82778,36.75606],[-3.43125,36.70791],[-3.25913,36.75576],[-2.90185,36.74316],[-2.78755,36.71475],[-2.5957,36.80649],[-2.30557,36.81982],[-2.11152,36.77666],[-1.93931,36.94585],[-1.79761,37.23286],[-1.64097,37.38696],[-1.32754,37.56113],[-0.82217,37.58076],[-0.8231,37.71162],[-0.6832,37.99204],[-0.64678,38.15185],[-0.55068,38.20313],[-0.5208,38.31729],[-0.38125,38.43565],[-0.05273,38.58569],[0.20156,38.75918],[0.15488,38.82466],[-0.03413,38.89121],[-0.20493,39.0626],[-0.32895,39.41709],[-0.327,39.51987],[-0.07515,39.87593],[0.36367,40.31904],[0.59609,40.6145],[0.85918,40.68623],[0.71465,40.82285],[1.03291,41.06206],[1.5666,41.19561],[2.08262,41.2874],[2.31094,41.4665],[3.00488,41.76743],[3.24805,41.94424],[3.16641,42.25649],[3.30674,42.28897],[3.21143,42.43115],[2.97002,42.46724],[2.56797,42.3458],[2.20039,42.42095],[2.03272,42.35352],[1.70606,42.50332],[1.48623,42.43447],[1.42832,42.5959],[1.34941,42.69067],[0.69688,42.84512],[0.63164,42.6896],[-0.04116,42.68911],[-0.29932,42.82534],[-0.58643,42.79898],[-0.76265,42.9398],[-0.93384,42.94951],[-1.28545,43.05962],[-1.42876,43.03677],[-1.41069,43.24009],[-1.75327,43.32471],[-1.79404,43.40732]]],[[[-16.33447,28.37993],[-16.11914,28.52827],[-16.31899,28.5582],[-16.51743,28.4127],[-16.90532,28.3396],[-16.79473,28.14917],[-16.65801,28.00718],[-16.54277,28.03208],[-16.41821,28.15142],[-16.33447,28.37993]]],[[[-13.71597,28.91123],[-13.47793,29.00659],[-13.45376,29.15137],[-13.6501,29.11899],[-13.78818,29.0561],[-13.85991,28.86909],[-13.71597,28.91123]]],[[[-14.19678,28.16929],[-13.92803,28.25347],[-13.82759,28.58516],[-13.85723,28.73804],[-14.00337,28.70669],[-14.23198,28.21582],[-14.19678,28.16929]]],[[[-15.40059,28.14736],[-15.68276,28.15405],[-15.80947,27.99448],[-15.80732,27.88755],[-15.7103,27.78408],[-15.55937,27.74697],[-15.38916,27.87471],[-15.40059,28.14736]]],[[[-17.18467,28.02197],[-17.12964,28.15596],[-17.25859,28.20317],[-17.3249,28.11768],[-17.18467,28.02197]]],[[[-17.88794,27.80957],[-17.92451,27.85015],[-18.10659,27.70747],[-17.98477,27.64639],[-17.88794,27.80957]]],[[[-17.83428,28.49321],[-17.75801,28.56909],[-17.74453,28.78657],[-17.92881,28.84458],[-18.00078,28.75825],[-17.83428,28.49321]]]]},"properties":{"ADMIN":"Spain","NAME_EN":"Spain","ISO_A2_EH":"ES","ISO_A2":"ES","LABEL_X":-3.464718,"LABEL_Y":40.090953,"MIN_LABEL":2,"LABELRANK":2,"TINY":-99,"TYPE":"Sovereign country"}},
{"type":"Feature","geometry":{"type":"MultiPolygon","coordinates":[[[[126.63389,37.78184],[126.56338,37.7165],[126.65684,37.55117],[126.65029,37.44712],[126.79053,37.29492],[126.74639,37.19356],[126.86895,36.97573],[126.78447,36.94844],[126.57773,37.01958],[126.35156,36.9582],[126.21719,36.87095],[126.18086,36.6916],[126.38877,36.65117],[126.4877,36.6938],[126.54824,36.47764],[126.54043,36.16616],[126.69346,36.01416],[126.64746,35.92241],[126.75303,35.87197],[126.71738,35.76885],[126.48848,35.64707],[126.61406,35.571],[126.49277,35.50127],[126.36055,35.2169],[126.29111,35.15415],[126.39785,34.93281],[126.42559,34.69458],[126.33262,34.58965],[126.48174,34.49394],[126.5083,34.35063],[126.75479,34.51187],[126.89746,34.43887],[127.03076,34.60689],[127.24707,34.75513],[127.26055,34.66167],[127.17344,34.54614],[127.32461,34.46328],[127.4791,34.62524],[127.38965,34.74302],[127.52363,34.84009],[127.63242,34.69023],[127.74219,34.78257],[127.63936,34.8897],[127.71484,34.95469],[128.03623,35.02197],[128.09453,34.93359],[128.44395,34.87036],[128.41885,35.01567],[128.51094,35.10098],[128.64258,35.11958],[128.98008,35.10151],[129.21416,35.18184],[129.41914,35.49785],[129.56172,35.94766],[129.40352,36.05215],[129.39258,36.32271],[129.44502,36.4707],[129.43301,36.63662],[129.47344,36.7419],[129.41826,37.05903],[129.33516,37.27456],[129.05156,37.67764],[128.85244,37.88706],[128.61885,38.17607],[128.37461,38.62344],[128.16865,38.35933],[128.03896,38.30855],[127.74551,38.31924],[127.16953,38.30454],[127.00967,38.24053],[126.6668,37.91719],[126.63389,37.78184]]],[[[128.74102,34.79854],[128.72188,35.01357],[128.48926,34.86528],[128.64668,34.73687],[128.74102,34.79854]]],[[[128.06582,34.80586],[127.91543,34.921],[127.83223,34.87451],[127.87344,34.73496],[128.05469,34.70806],[128.06582,34.80586]]],[[[126.23369,34.37051],[126.37988,34.49795],[126.24746,34.56333],[126.12285,34.44395],[126.23369,34.37051]]],[[[126.32695,33.22363],[126.58174,33.23833],[126.87285,33.34116],[126.90117,33.51514],[126.69551,33.54932],[126.3377,33.4604],[126.16563,33.31201],[126.32695,33.22363]]]]},"properties":{"ADMIN":"South Korea","NAME_EN":"South Korea","ISO_A2_EH":"KR","ISO_A2":"KR","LABEL_X":128.129504,"LABEL_Y":36.384924,"MIN_LABEL":2.5,"LABELRANK":2,"TINY":-99,"TYPE":"Sovereign country"}},
{"type":"Feature","geometry":{"type":"MultiPolygon","coordinates":[[[[29.36484,-22.19394],[29.12988,-22.21328],[29.01348,-22.27842],[28.83984,-22.48086],[28.54287,-22.57295],[28.38174,-22.59336],[28.21016,-22.69365],[28.02793,-22.87373],[27.89053,-23.07393],[27.7168,-23.21963],[27.59268,-23.25264],[27.49873,-23.36836],[27.39922,-23.38359],[27.14639,-23.52441],[26.98701,-23.70459],[26.83506,-24.24082],[26.61777,-24.39551],[26.39717,-24.61357],[26.13086,-24.67148],[25.91211,-24.74746],[25.85244,-24.93525],[25.58379,-25.60625],[25.44365,-25.71445],[25.21338,-25.75625],[24.99893,-25.754],[24.74815,-25.81738],[24.33057,-25.74287],[24.19297,-25.63291],[23.89375,-25.60088],[23.52148,-25.34443],[23.26602,-25.2666],[23.02207,-25.32412],[22.87881,-25.45791],[22.64023,-26.07119],[22.54863,-26.17842],[22.21758,-26.38887],[22.09092,-26.58018],[21.8332,-26.67832],[21.73809,-26.80684],[21.64629,-26.8542],[21.45498,-26.83281],[21.071,-26.85176],[20.8709,-26.80879],[20.73984,-26.84883],[20.64141,-26.74219],[20.62676,-26.44385],[20.81504,-26.16494],[20.79316,-25.91562],[20.60928,-25.49121],[20.47314,-25.22129],[20.34522,-25.02988],[19.98047,-24.77676],[19.98047,-25.6416],[19.98047,-26.53115],[19.98047,-27.86553],[19.98047,-28.45127],[19.67148,-28.50391],[19.48291,-28.66162],[19.271,-28.77773],[19.2458,-28.90166],[19.02607,-28.92793],[18.83877,-28.86914],[18.60039,-28.85527],[18.31084,-28.88623],[18.10273,-28.87168],[17.97607,-28.81133],[17.69932,-28.76836],[17.44795,-28.69814],[17.34785,-28.50117],[17.38574,-28.35322],[17.31201,-28.22861],[17.20459,-28.19883],[17.14941,-28.08223],[17.05625,-28.03105],[16.9333,-28.06963],[16.81016,-28.26455],[16.75576,-28.45215],[16.62617,-28.48789],[16.44756,-28.61758],[16.73945,-29.00937],[16.95,-29.40342],[17.18906,-30.0998],[17.34707,-30.44482],[17.67744,-31.01904],[18.21084,-31.74248],[18.31074,-32.12246],[18.32529,-32.50498],[18.25088,-32.65215],[18.03652,-32.7751],[17.96523,-32.70859],[17.85107,-32.82744],[17.87822,-32.96152],[17.99258,-33.15234],[18.07481,-33.20732],[18.15635,-33.35879],[18.26123,-33.42168],[18.43301,-33.71728],[18.46504,-33.88779],[18.3544,-33.93906],[18.35205,-34.18848],[18.53389,-34.08594],[18.80879,-34.1082],[18.83135,-34.36406],[19.09834,-34.3501],[19.33076,-34.49238],[19.32324,-34.5708],[19.63496,-34.75332],[20.02061,-34.78574],[20.43467,-34.50859],[20.52988,-34.46309],[20.77481,-34.43994],[21.06016,-34.36465],[21.24893,-34.40703],[21.55322,-34.37305],[21.78897,-34.37266],[22.24551,-34.06914],[22.55381,-34.01006],[22.73555,-34.01025],[22.92559,-34.06318],[23.26816,-34.08115],[23.58555,-33.98516],[24.18301,-34.06152],[24.59551,-34.17451],[24.82715,-34.16894],[25.00293,-33.97363],[25.16973,-33.96074],[25.47725,-34.02813],[25.63818,-34.01113],[25.65244,-33.84961],[25.80586,-33.73711],[25.98955,-33.71133],[26.42949,-33.75957],[26.61367,-33.70742],[27.07744,-33.52119],[27.36377,-33.36055],[27.76211,-33.096],[27.86065,-33.05391],[28.21406,-32.76924],[28.44941,-32.62461],[28.85596,-32.29424],[29.12783,-32.00312],[29.48291,-31.67471],[29.73516,-31.47041],[29.97119,-31.32207],[30.28867,-30.97012],[30.66357,-30.43418],[30.87764,-30.07109],[31.02334,-29.90088],[31.16992,-29.59082],[31.33516,-29.37812],[31.77822,-28.93711],[32.02725,-28.83955],[32.28574,-28.62148],[32.53477,-28.19971],[32.65703,-27.60732],[32.84912,-27.08018],[32.88613,-26.84932],[32.35352,-26.86162],[32.11289,-26.83945],[31.99473,-26.81748],[31.94609,-27.17363],[31.9584,-27.30586],[31.46953,-27.29551],[31.27402,-27.23838],[31.06338,-27.1123],[30.8833,-26.79238],[30.79434,-26.76426],[30.80332,-26.41348],[31.20732,-25.84336],[31.41514,-25.74658],[31.87148,-25.98164],[31.94824,-25.95762],[31.92031,-25.77393],[31.98457,-25.63193],[31.98584,-24.46064],[31.79961,-23.89219],[31.54561,-23.48232],[31.53174,-23.27949],[31.41934,-22.8251],[31.28789,-22.40205],[31.07344,-22.30781],[30.71162,-22.29785],[30.46016,-22.329],[30.19043,-22.29111],[29.90234,-22.18418],[29.66309,-22.14629],[29.36484,-22.19394]],[[28.73691,-30.10195],[28.39209,-30.14756],[28.13906,-30.4499],[28.01816,-30.64228],[27.75313,-30.6],[27.49199,-30.36396],[27.38848,-30.31592],[27.35537,-30.15859],[27.13047,-29.84023],[27.05176,-29.66406],[27.09522,-29.59932],[27.29453,-29.51934],[27.52715,-29.23613],[27.73555,-28.94004],[27.95986,-28.87334],[28.23262,-28.70127],[28.62578,-28.58174],[28.95371,-28.88144],[29.17803,-29.03691],[29.30137,-29.08984],[29.39072,-29.26973],[29.29356,-29.56689],[29.14219,-29.70098],[29.09805,-29.91904],[28.73691,-30.10195]]],[[[37.85693,-46.94424],[37.68486,-46.82402],[37.61182,-46.94648],[37.85693,-46.94424]]]]},"properties":{"ADMIN":"South Africa","NAME_EN":"South Africa","ISO_A2_EH":"ZA","ISO_A2":"ZA","LABEL_X":23.665734,"LABEL_Y":-29.708776,"MIN_LABEL":1.7,"LABELRANK":2,"TINY":-99,"TYPE":"Sovereign country"}},
{"type":"Feature","geometry":{"type":"Polygon","coordinates":[[[41.53272,-1.69531],[41.73223,-1.43008],[41.97988,-0.97305],[42.21895,-0.73799],[42.56074,-0.32148],[42.71211,-0.17568],[43.46768,0.62163],[43.71758,0.85786],[44.03272,1.10591],[44.33272,1.39097],[44.92022,1.81016],[45.82627,2.30986],[46.05117,2.47515],[46.87881,3.28565],[47.51143,3.96826],[47.97529,4.49702],[48.23398,4.95269],[48.64902,5.49439],[49.04932,6.17363],[49.09268,6.40786],[49.23496,6.77734],[49.34854,6.99053],[49.57002,7.29697],[49.76123,7.65952],[49.85205,7.96255],[50.10283,8.19981],[50.28574,8.50942],[50.42979,8.84526],[50.63799,9.10928],[50.68516,9.24116],[50.825,9.42817],[50.83281,9.7105],[50.87373,9.92417],[50.89844,10.25313],[50.93008,10.33555],[51.06318,10.43394],[51.14063,10.65689],[51.12227,11.07676],[51.08428,11.33565],[51.21816,11.65767],[51.25488,11.83071],[50.79229,11.98369],[50.63594,11.9438],[50.46621,11.72754],[50.11006,11.5293],[49.64209,11.45093],[49.38828,11.34273],[48.93857,11.25845],[48.93848,10.71421],[48.93809,9.45176],[48.6166,8.9646],[47.97822,7.99707],[46.97119,7.02603],[46.42295,6.49727],[45.93496,5.99722],[45.43848,5.45542],[44.94053,4.91201],[44.91162,4.8999],[44.02813,4.95098],[43.53828,4.84033],[43.12568,4.64448],[43.01602,4.56333],[42.89473,4.36108],[42.7916,4.29199],[42.22842,4.20166],[42.02412,4.13794],[41.88398,3.97773],[41.3418,3.20166],[40.96445,2.81465],[40.9667,2.22095],[40.97002,1.37817],[40.97324,0.5354],[40.97871,-0.87031],[41.52188,-1.57227],[41.53272,-1.69531]]]},"properties":{"ADMIN":"Somalia","NAME_EN":"Somalia","ISO_A2_EH":"SO","ISO_A2":"SO","LABEL_X":45.19238,"LABEL_Y":3.568925,"MIN_LABEL":4,"LABELRANK":6,"TINY":-99,"TYPE":"Sovereign country"}},
{"type":"Feature","geometry":{"type":"Polygon","coordinates":[[[48.93857,11.25845],[48.67441,11.32266],[48.43887,11.29014],[48.01924,11.13936],[47.7125,11.11201],[47.40498,11.17402],[47.23008,11.0999],[46.97344,10.92539],[46.56504,10.746],[46.46025,10.73418],[46.25391,10.7811],[46.02451,10.7937],[45.8167,10.83589],[45.6959,10.80391],[45.3377,10.64976],[44.94297,10.43672],[44.38652,10.43023],[44.1582,10.55078],[43.85273,10.78428],[43.63115,11.03545],[43.44121,11.34644],[43.246,11.49981],[42.92275,10.99932],[42.65957,10.62139],[42.8416,10.20308],[43.06895,9.92622],[43.18164,9.87998],[43.30313,9.60908],[43.48252,9.37949],[43.62051,9.3374],[44.02285,8.98603],[44.89356,8.7002],[45.55547,8.48301],[46.296,8.23496],[46.97822,7.99707],[47.97822,7.99707],[48.6166,8.9646],[48.93809,9.45176],[48.93848,10.71421],[48.93857,11.25845]]]},"properties":{"ADMIN":"Somaliland","NAME_EN":"Somaliland","ISO_A2_EH":"-99","ISO_A2":"-99","LABEL_X":46.731595,"LABEL_Y":9.443889,"MIN_LABEL":4.5,"LABELRANK":5,"TINY":-99,"TYPE":"Sovereign country"}},
{"type":"Feature","geometry":{"type":"MultiPolygon","coordinates":[[[[159.6877,-8.50791],[159.59463,-8.37949],[159.53848,-8.45137],[159.6877,-8.50791]]],[[[166.1332,-10.75781],[166.02383,-10.66113],[165.90918,-10.67432],[165.79102,-10.78477],[165.904,-10.85146],[165.96816,-10.77949],[166.1332,-10.75781]]],[[[160.57627,-11.79785],[160.44873,-11.6959],[160.07734,-11.49287],[160.00352,-11.57959],[160.35508,-11.71191],[160.39453,-11.78887],[160.57627,-11.79785]]],[[[161.54785,-9.62568],[161.40684,-9.36846],[161.40977,-9.68164],[161.54785,-9.62568]]],[[[159.18857,-9.12353],[159.12979,-8.99307],[159.03633,-9.075],[159.18857,-9.12353]]],[[[160.16816,-8.99551],[160.09629,-9.03398],[160.37148,-9.18125],[160.40752,-9.14033],[160.25352,-9.00732],[160.16816,-8.99551]]],[[[157.76348,-8.24219],[157.61231,-8.16484],[157.59883,-8.00596],[157.4334,-7.98467],[157.32158,-8.16123],[157.35137,-8.27529],[157.55801,-8.26992],[157.58789,-8.44541],[157.83369,-8.57266],[157.89844,-8.50635],[157.76348,-8.24219]]],[[[158.10791,-8.68418],[157.99844,-8.5082],[157.90928,-8.56563],[157.8793,-8.66875],[158.00947,-8.76309],[158.10791,-8.68418]]],[[[157.38897,-8.71348],[157.33223,-8.65068],[157.41094,-8.4751],[157.34512,-8.43242],[157.2123,-8.56504],[157.38897,-8.71348]]],[[[156.68789,-7.92305],[156.80908,-7.72285],[156.71768,-7.6957],[156.56094,-7.57402],[156.51094,-7.70781],[156.68789,-7.92305]]],[[[157.17188,-8.1081],[157.18613,-7.94121],[157.10273,-7.85547],[156.95898,-7.93799],[157.04121,-8.11748],[157.17188,-8.1081]]],[[[155.83984,-7.09717],[155.73897,-6.97295],[155.67754,-7.08896],[155.83984,-7.09717]]],[[[159.75039,-9.27266],[159.60742,-9.35381],[159.62187,-9.53213],[159.75547,-9.72607],[159.85371,-9.7915],[160.32109,-9.82129],[160.48164,-9.89473],[160.64922,-9.92861],[160.81895,-9.86279],[160.79434,-9.76738],[160.68184,-9.6916],[160.62549,-9.58887],[160.35459,-9.42158],[159.97061,-9.4333],[159.75039,-9.27266]]],[[[159.8791,-8.53428],[159.79395,-8.40605],[159.84307,-8.32695],[159.43145,-8.029],[159.19805,-7.90957],[159.10938,-7.90352],[158.73438,-7.6043],[158.56543,-7.65137],[158.59697,-7.75908],[158.94404,-8.04072],[159.09023,-8.10332],[159.3541,-8.26045],[159.64453,-8.37168],[159.74648,-8.47383],[159.8791,-8.53428]]],[[[157.48672,-7.33037],[157.33613,-7.28047],[157.14844,-7.11377],[157.10254,-6.95723],[157.03027,-6.89199],[156.76543,-6.76406],[156.6042,-6.64102],[156.4794,-6.60889],[156.45742,-6.71523],[156.6958,-6.91094],[156.9043,-7.18047],[157.10156,-7.32363],[157.44131,-7.42568],[157.48672,-7.33037]]],[[[160.74941,-8.31396],[160.59043,-8.37275],[160.71406,-8.53926],[160.6626,-8.6206],[160.77207,-8.96387],[160.87344,-9.15684],[161.0415,-9.30801],[161.19102,-9.39287],[161.32188,-9.58955],[161.36797,-9.49033],[161.2585,-9.3169],[161.25664,-9.19199],[161.15869,-8.96182],[160.94434,-8.79902],[160.99766,-8.61201],[160.74941,-8.31396]]],[[[161.71533,-10.3873],[161.47568,-10.23799],[161.30479,-10.20439],[161.29395,-10.32647],[161.48701,-10.36143],[161.53789,-10.56641],[161.78682,-10.71689],[162.12363,-10.82441],[162.30127,-10.83213],[162.28721,-10.70996],[162.10537,-10.45381],[162.02285,-10.47685],[161.84111,-10.44609],[161.71533,-10.3873]]]]},"properties":{"ADMIN":"Solomon Islands","NAME_EN":"Solomon Islands","ISO_A2_EH":"SB","ISO_A2":"SB","LABEL_X":159.170468,"LABEL_Y":-8.029548,"MIN_LABEL":3,"LABELRANK":3,"TINY":-99,"TYPE":"Sovereign country"}},
{"type":"Feature","geometry":{"type":"Polygon","coordinates":[[[22.53867,49.07271],[22.02012,49.20952],[21.89014,49.34346],[21.63965,49.41196],[21.0794,49.41826],[20.94727,49.31709],[20.61611,49.3917],[20.36299,49.38525],[20.16367,49.31641],[20.05762,49.1813],[19.80225,49.19233],[19.77393,49.37217],[19.66416,49.39605],[19.4416,49.59771],[19.2502,49.51143],[19.14941,49.4],[18.96836,49.39624],[18.83223,49.51079],[18.59648,49.49146],[18.36484,49.33623],[18.16094,49.25737],[18.08594,49.06514],[17.7585,48.88814],[17.48262,48.82778],[17.18848,48.86094],[17.06328,48.78076],[16.95313,48.59883],[16.86543,48.38691],[16.97266,48.1981],[17.14736,48.00596],[17.31728,47.99092],[17.63525,47.80991],[17.76191,47.77017],[18.14561,47.76343],[18.72422,47.78716],[18.7919,48.00029],[18.91416,48.05083],[19.46699,48.11069],[19.62539,48.2231],[19.89863,48.13135],[20.33379,48.29556],[20.49004,48.5269],[20.8666,48.54565],[21.06729,48.50591],[21.45137,48.55225],[21.76699,48.33809],[22.13184,48.40532],[22.14287,48.56851],[22.29522,48.68584],[22.53867,49.07271]]]},"properties":{"ADMIN":"Slovakia","NAME_EN":"Slovakia","ISO_A2_EH":"SK","ISO_A2":"SK","LABEL_X":19.049868,"LABEL_Y":48.734044,"MIN_LABEL":4,"LABELRANK":6,"TINY":-99,"TYPE":"Sovereign country"}},
{"type":"Feature","geometry":{"type":"Polygon","coordinates":[[[16.51621,46.4999],[16.38125,46.63867],[16.28359,46.85728],[16.09307,46.86328],[15.97686,46.80137],[15.95762,46.67764],[15.7669,46.71128],[15.43926,46.62964],[15.00068,46.62598],[14.75674,46.49912],[14.50352,46.41704],[13.7,46.52026],[13.67969,46.46289],[13.39951,46.31753],[13.39961,46.22495],[13.63252,46.17705],[13.48643,46.03955],[13.61397,45.96167],[13.56963,45.83413],[13.83115,45.68042],[13.84473,45.59287],[13.71982,45.5876],[13.57793,45.5169],[13.87871,45.42837],[14.08555,45.47783],[14.36992,45.48145],[14.53398,45.64526],[14.73359,45.5085],[14.95459,45.4999],[15.11045,45.45078],[15.33945,45.46704],[15.27705,45.73262],[15.62481,45.83403],[15.66621,46.04849],[15.63594,46.20073],[16.22744,46.37285],[16.32119,46.53462],[16.51621,46.4999]]]},"properties":{"ADMIN":"Slovenia","NAME_EN":"Slovenia","ISO_A2_EH":"SI","ISO_A2":"SI","LABEL_X":14.915312,"LABEL_Y":46.06076,"MIN_LABEL":5,"LABELRANK":6,"TINY":-99,"TYPE":"Sovereign country"}},
{"type":"Feature","geometry":{"type":"Polygon","coordinates":[[[103.96973,1.33145],[103.96084,1.39224],[103.81797,1.44707],[103.70527,1.42344],[103.6502,1.32554],[103.81992,1.26538],[103.96973,1.33145]]]},"properties":{"ADMIN":"Singapore","NAME_EN":"Singapore","ISO_A2_EH":"SG","ISO_A2":"SG","LABEL_X":103.816925,"LABEL_Y":1.366587,"MIN_LABEL":4,"LABELRANK":6,"TINY":3,"TYPE":"Sovereign country"}},
{"type":"Feature","geometry":{"type":"MultiPolygon","coordinates":[[[[-10.2832,8.48516],[-10.39443,8.48096],[-10.55771,8.31567],[-10.71211,8.33525],[-10.62847,8.52998],[-10.50054,8.68755],[-10.60561,8.86758],[-10.61597,9.05918],[-10.74995,9.12236],[-10.69053,9.31426],[-10.86479,9.51646],[-11.04746,9.78633],[-11.20566,9.97773],[-11.27363,9.99653],[-11.91108,9.99302],[-11.92275,9.92275],[-12.14233,9.87539],[-12.27773,9.92979],[-12.50146,9.86216],[-12.55786,9.70498],[-12.75586,9.37358],[-12.95879,9.26333],[-13.02803,9.10356],[-13.12988,9.04756],[-13.29268,9.04922],[-13.15371,8.89771],[-13.22842,8.6959],[-13.18184,8.5769],[-13.08823,8.62573],[-12.95337,8.61514],[-13.08501,8.42476],[-13.27275,8.42974],[-13.14897,8.2146],[-12.95693,8.14531],[-12.88096,7.85664],[-12.69761,7.71587],[-12.51045,7.66572],[-12.43271,7.54502],[-12.48564,7.38628],[-11.9292,7.18355],[-11.73345,7.08857],[-11.50752,6.90654],[-11.26768,7.23262],[-11.0854,7.39858],[-10.87808,7.53823],[-10.64746,7.75938],[-10.57085,8.07114],[-10.38955,8.15762],[-10.31465,8.31084],[-10.2832,8.48516]]],[[[-12.52607,7.43633],[-12.5125,7.58242],[-12.61523,7.63721],[-12.85439,7.62202],[-12.95161,7.57085],[-12.52607,7.43633]]]]},"properties":{"ADMIN":"Sierra Leone","NAME_EN":"Sierra Leone","ISO_A2_EH":"SL","ISO_A2":"SL","LABEL_X":-11.763677,"LABEL_Y":8.617449,"MIN_LABEL":4,"LABELRANK":4,"TINY":-99,"TYPE":"Sovereign country"}},
{"type":"Feature","geometry":{"type":"Polygon","coordinates":[[[55.54033,-4.69307],[55.45576,-4.55879],[55.3834,-4.60928],[55.54033,-4.69307]]]},"properties":{"ADMIN":"Seychelles","NAME_EN":"Seychelles","ISO_A2_EH":"SC","ISO_A2":"SC","LABEL_X":55.480175,"LABEL_Y":-4.676659,"MIN_LABEL":5,"LABELRANK":6,"TINY":2,"TYPE":"Sovereign country"}},
{"type":"Feature","geometry":{"type":"Polygon","coordinates":[[[22.70508,44.23779],[22.49453,44.43545],[22.554,44.54033],[22.7209,44.60552],[22.49766,44.70625],[22.35068,44.67612],[22.20098,44.56069],[22.09307,44.54194],[21.90928,44.66611],[21.63613,44.71045],[21.38438,44.87007],[21.35703,44.99077],[21.4918,45.12227],[21.43145,45.19253],[21.22647,45.24131],[20.9418,45.36533],[20.77422,45.48442],[20.775,45.74981],[20.35859,45.97549],[20.2418,46.10859],[20.16143,46.1419],[19.53076,46.15518],[19.39287,46.04981],[19.2084,45.98442],[19.08731,46.01616],[18.90537,45.93174],[18.83906,45.83574],[19.05508,45.52725],[19.00469,45.39951],[19.33027,45.26807],[19.38809,45.173],[19.06289,45.13721],[19.1,44.97378],[19.00713,44.86919],[19.23682,44.91426],[19.35684,44.85855],[19.2919,44.69678],[19.15137,44.52734],[19.15186,44.30254],[19.33887,44.22583],[19.58379,44.04346],[19.54951,43.98711],[19.30527,43.99336],[19.25723,43.94331],[19.48818,43.70356],[19.45127,43.56206],[19.25449,43.58438],[19.19434,43.5333],[19.21875,43.44995],[19.41465,43.34282],[19.55156,43.21226],[19.78115,43.10977],[19.94404,43.08164],[20.33994,42.89287],[20.34434,42.82793],[20.46885,42.85791],[20.4751,42.95303],[20.62402,43.03418],[20.62315,43.19863],[20.76338,43.25859],[20.84443,43.17344],[21.05703,43.0917],[21.23711,42.91323],[21.40303,42.83154],[21.39063,42.75142],[21.75293,42.66982],[21.5625,42.24751],[21.9041,42.32207],[22.05205,42.30464],[22.23975,42.35815],[22.34404,42.31397],[22.52354,42.44097],[22.43623,42.6291],[22.4668,42.84248],[22.70615,42.88394],[22.94229,43.09707],[22.97686,43.18799],[22.76758,43.35415],[22.55459,43.45449],[22.39482,43.70664],[22.36543,43.86211],[22.4208,44.00742],[22.59746,44.07529],[22.70508,44.23779]]]},"properties":{"ADMIN":"Republic of Serbia","NAME_EN":"Serbia","ISO_A2_EH":"RS","ISO_A2":"RS","LABEL_X":20.787989,"LABEL_Y":44.189919,"MIN_LABEL":4,"LABELRANK":5,"TINY":-99,"TYPE":"Sovereign country"}},
{"type":"Feature","geometry":{"type":"Polygon","coordinates":[[[-12.28061,14.80903],[-12.40869,14.88901],[-12.54355,15.03901],[-12.65962,15.08208],[-12.8585,15.24253],[-12.86269,15.34043],[-12.99434,15.50488],[-13.0793,15.51045],[-13.25801,15.70039],[-13.29702,15.85386],[-13.40967,16.05918],[-13.55552,16.14404],[-13.86846,16.14815],[-13.97505,16.31113],[-14.3001,16.58027],[-14.53374,16.65596],[-15.11265,16.64492],[-15.21055,16.58262],[-15.37998,16.58198],[-15.6208,16.50659],[-15.95898,16.49214],[-16.16836,16.54707],[-16.30229,16.45132],[-16.44102,16.20454],[-16.53525,15.83838],[-16.57075,15.73442],[-16.84341,15.29399],[-17.14717,14.92202],[-17.41182,14.79219],[-17.41846,14.72349],[-17.26064,14.70107],[-17.16807,14.64063],[-17.0794,14.48306],[-16.97383,14.40322],[-16.79775,14.09326],[-16.74541,13.84043],[-16.58779,13.68955],[-16.5623,13.58731],[-16.30874,13.59688],[-15.50967,13.58623],[-15.42685,13.727],[-15.10835,13.81211],[-14.93579,13.78521],[-14.76602,13.66909],[-14.57085,13.61616],[-14.40547,13.50371],[-13.97739,13.54346],[-13.85283,13.47856],[-13.84751,13.3353],[-14.24678,13.23584],[-14.43857,13.2689],[-14.67192,13.35171],[-15.15112,13.55649],[-15.28623,13.396],[-15.8144,13.32515],[-15.83428,13.15645],[-16.64878,13.15415],[-16.76333,13.06416],[-16.7439,12.58545],[-16.59766,12.71528],[-16.55322,12.60488],[-16.7603,12.52578],[-16.71182,12.35483],[-16.41631,12.36768],[-16.14419,12.45742],[-15.83955,12.43789],[-15.5748,12.49038],[-15.19609,12.67993],[-14.34922,12.67642],[-13.72925,12.67393],[-13.08291,12.63355],[-13.06128,12.48999],[-12.93071,12.53228],[-12.79731,12.4519],[-12.39907,12.34009],[-12.29121,12.32803],[-12.04238,12.39805],[-11.8081,12.38731],[-11.57368,12.42632],[-11.3894,12.4044],[-11.44878,12.53193],[-11.39038,12.94199],[-11.54878,13.17026],[-11.63496,13.36987],[-11.89458,13.44443],[-12.0542,13.63306],[-12.04414,13.73389],[-11.96089,13.87529],[-12.02012,13.97466],[-12.01919,14.20649],[-12.22842,14.45859],[-12.18652,14.64815],[-12.28061,14.80903]]]},"properties":{"ADMIN":"Senegal","NAME_EN":"Senegal","ISO_A2_EH":"SN","ISO_A2":"SN","LABEL_X":-14.778586,"LABEL_Y":15.138125,"MIN_LABEL":2.7,"LABELRANK":3,"TINY":-99,"TYPE":"Sovereign country"}},
{"type":"Feature","geometry":{"type":"MultiPolygon","coordinates":[[[[41.9877,16.71563],[41.94668,16.74893],[41.94795,16.93643],[41.77607,16.84688],[41.80156,16.77876],[41.96416,16.65347],[42.17041,16.70864],[42.05996,16.80352],[41.9877,16.71563]]],[[[51.97764,18.99614],[52.80674,19.27246],[53.6669,19.55913],[54.97734,19.99595],[55.3877,21.23623],[55.64102,22.00186],[55.18584,22.7041],[55.1043,22.62148],[53.83213,22.77681],[52.55508,22.93281],[51.9044,23.70752],[51.59258,24.07886],[51.56836,24.28618],[51.30986,24.34038],[51.41836,24.53096],[51.26797,24.60723],[51.09336,24.56465],[50.96602,24.57393],[50.8044,24.78926],[50.55791,25.08667],[50.45518,25.42481],[50.28125,25.56611],[50.13027,25.84663],[50.03164,26.11099],[50.15547,26.10054],[50.21387,26.3085],[50.18496,26.40493],[50.02734,26.52686],[49.98613,26.82891],[49.7165,26.95586],[49.5377,27.15176],[49.40527,27.18096],[49.1751,27.43765],[49.2375,27.49273],[48.90645,27.62905],[48.79717,27.72432],[48.83281,27.80068],[48.77373,27.95908],[48.62637,28.13257],[48.44248,28.54292],[47.67129,28.53315],[47.58311,28.62798],[47.52129,28.83784],[47.4332,28.98955],[46.53145,29.09624],[46.35645,29.06367],[45.49893,29.13154],[44.69082,29.20234],[44.09961,29.61934],[43.44082,30.08398],[42.85772,30.49522],[42.07441,31.08037],[40.8084,31.72544],[40.36934,31.93897],[39.14541,32.12451],[38.96231,31.99492],[37.77383,31.69634],[36.95859,31.4915],[37.479,31.00776],[37.98008,30.5],[37.63359,30.31328],[37.46924,29.99507],[36.75527,29.86602],[36.70391,29.83164],[36.47607,29.49512],[36.06846,29.20054],[36.01543,29.19048],[34.95078,29.35352],[34.79912,28.72051],[34.77988,28.50732],[34.61621,28.14834],[35.07832,28.08701],[35.18047,28.03486],[35.42383,27.73379],[35.58135,27.43247],[35.76299,27.25879],[35.85166,27.07046],[36.03203,26.88101],[36.09375,26.76582],[36.24961,26.59478],[36.51875,26.10488],[36.6752,26.03887],[36.7627,25.75132],[36.9207,25.64116],[37.14883,25.29111],[37.26631,24.96006],[37.18086,24.82002],[37.33848,24.61582],[37.54307,24.29165],[37.71338,24.27441],[37.821,24.1875],[37.91973,24.1854],[38.28887,23.91099],[38.46416,23.71187],[38.70606,23.30552],[38.79688,23.04858],[38.94111,22.88184],[38.93877,22.80479],[39.06201,22.59219],[39.0959,22.39277],[39.03398,22.20337],[38.98789,21.88174],[39.14707,21.51899],[39.09356,21.31035],[39.27607,20.97398],[39.49121,20.73701],[39.61367,20.51768],[39.72832,20.39033],[39.88408,20.29297],[40.08066,20.26592],[40.48223,19.99346],[40.61592,19.82236],[40.75918,19.75547],[40.7916,19.64639],[40.91328,19.49014],[41.11602,19.08218],[41.22949,18.67842],[41.43174,18.45244],[41.50762,18.2561],[41.75,17.88574],[42.05225,17.66934],[42.29395,17.43496],[42.3833,17.12246],[42.54414,16.95967],[42.55293,16.86846],[42.69883,16.73696],[42.79932,16.37178],[43.03359,16.55039],[43.16504,16.6894],[43.18447,16.81182],[43.1165,16.94199],[43.15596,17.20503],[43.23691,17.26646],[43.19092,17.35938],[43.41797,17.51626],[43.59727,17.47144],[43.71299,17.36553],[43.91699,17.32471],[44.15596,17.39854],[44.54648,17.40435],[44.74678,17.43169],[45.14805,17.42744],[45.40654,17.31978],[46.31035,17.2313],[46.68203,17.26856],[46.77852,17.21211],[46.97568,16.95347],[47.14356,16.94668],[47.4418,17.11187],[47.57959,17.44834],[48.17217,18.15693],[49.04199,18.58179],[49.19238,18.62134],[50.35527,18.77778],[51.2584,18.89937],[51.97764,18.99614]]]]},"properties":{"ADMIN":"Saudi Arabia","NAME_EN":"Saudi Arabia","ISO_A2_EH":"SA","ISO_A2":"SA","LABEL_X":44.6996,"LABEL_Y":23.806908,"MIN_LABEL":1.7,"LABELRANK":2,"TINY":-99,"TYPE":"Sovereign country"}},
{"type":"Feature","geometry":{"type":"Polygon","coordinates":[[[6.65996,0.12065],[6.75,0.24346],[6.68691,0.4044],[6.52432,0.34028],[6.46816,0.22734],[6.51973,0.06631],[6.65996,0.12065]]]},"properties":{"ADMIN":"São Tomé and Principe","NAME_EN":"São Tomé and Príncipe","ISO_A2_EH":"ST","ISO_A2":"ST","LABEL_X":7.021,"LABEL_Y":0.9709,"MIN_LABEL":5,"LABELRANK":6,"TINY":3,"TYPE":"Sovereign country"}},
{"type":"Feature","geometry":{"type":"Polygon","coordinates":[[[12.48525,43.90142],[12.51465,43.95298],[12.44111,43.98242],[12.39688,43.93457],[12.48525,43.90142]]]},"properties":{"ADMIN":"San Marino","NAME_EN":"San Marino","ISO_A2_EH":"SM","ISO_A2":"SM","LABEL_X":12.441206,"LABEL_Y":43.933916,"MIN_LABEL":5,"LABELRANK":6,"TINY":5,"TYPE":"Sovereign country"}},
{"type":"Feature","geometry":{"type":"MultiPolygon","coordinates":[[[[-172.3335,-13.46523],[-172.66963,-13.52383],[-172.74409,-13.57871],[-172.53569,-13.7917],[-172.33086,-13.77471],[-172.22495,-13.8043],[-172.17685,-13.68467],[-172.22153,-13.55957],[-172.3335,-13.46523]]],[[[-171.4541,-14.04648],[-171.46138,-13.97764],[-171.60391,-13.8792],[-171.85815,-13.80713],[-171.98486,-13.82441],[-172.02808,-13.90684],[-171.91191,-14.00166],[-171.72822,-14.04727],[-171.4541,-14.04648]]]]},"properties":{"ADMIN":"Samoa","NAME_EN":"Samoa","ISO_A2_EH":"WS","ISO_A2":"WS","LABEL_X":-172.438241,"LABEL_Y":-13.639139,"MIN_LABEL":3,"LABELRANK":4,"TINY":-99,"TYPE":"Sovereign country"}},
{"type":"Feature","geometry":{"type":"Polygon","coordinates":[[[-61.17451,13.15811],[-61.12402,13.29404],[-61.18213,13.35596],[-61.27729,13.20957],[-61.17451,13.15811]]]},"properties":{"ADMIN":"Saint Vincent and the Grenadines","NAME_EN":"Saint Vincent and the Grenadines","ISO_A2_EH":"VC","ISO_A2":"VC","LABEL_X":-61.3359,"LABEL_Y":13.0879,"MIN_LABEL":5,"LABELRANK":6,"TINY":-99,"TYPE":"Sovereign country"}},
{"type":"Feature","geometry":{"type":"Polygon","coordinates":[[[-60.89521,13.82197],[-60.88677,14.01113],[-60.94458,14.07285],[-61.06357,13.91558],[-61.06064,13.78311],[-60.95142,13.71758],[-60.89521,13.82197]]]},"properties":{"ADMIN":"Saint Lucia","NAME_EN":"Saint Lucia","ISO_A2_EH":"LC","ISO_A2":"LC","LABEL_X":-60.980094,"LABEL_Y":13.892371,"MIN_LABEL":5,"LABELRANK":6,"TINY":4,"TYPE":"Sovereign country"}},
{"type":"Feature","geometry":{"type":"Polygon","coordinates":[[[-62.63066,17.23999],[-62.71372,17.35327],[-62.79463,17.40259],[-62.83892,17.33926],[-62.63066,17.23999]]]},"properties":{"ADMIN":"Saint Kitts and Nevis","NAME_EN":"Saint Kitts and Nevis","ISO_A2_EH":"KN","ISO_A2":"KN","LABEL_X":-62.757975,"LABEL_Y":17.336558,"MIN_LABEL":5,"LABELRANK":6,"TINY":4,"TYPE":"Sovereign country"}},
{"type":"Feature","geometry":{"type":"Polygon","coordinates":[[[29.57695,-1.38789],[29.35166,-1.51758],[29.19658,-1.71992],[29.1294,-1.86025],[29.14805,-2.13184],[29.10645,-2.2332],[28.87637,-2.40029],[28.85762,-2.44668],[28.92178,-2.68203],[29.01436,-2.72021],[29.06318,-2.60254],[29.29707,-2.67305],[29.39023,-2.80859],[29.69805,-2.79473],[29.86816,-2.71641],[29.9124,-2.54863],[29.93018,-2.33955],[30.14229,-2.41396],[30.23379,-2.34707],[30.4085,-2.31299],[30.55361,-2.4001],[30.82871,-2.33848],[30.87656,-2.14336],[30.81914,-1.96748],[30.8126,-1.56309],[30.71074,-1.39678],[30.63193,-1.36748],[30.47022,-1.13115],[30.50996,-1.06728],[30.36025,-1.07461],[30.10156,-1.36865],[29.99053,-1.44697],[29.88164,-1.45176],[29.82539,-1.33555],[29.57695,-1.38789]]]},"properties":{"ADMIN":"Rwanda","NAME_EN":"Rwanda","ISO_A2_EH":"RW","ISO_A2":"RW","LABEL_X":30.103894,"LABEL_Y":-1.897196,"MIN_LABEL":3,"LABELRANK":3,"TINY":-99,"TYPE":"Sovereign country"}},
{"type":"Feature","geometry":{"type":"MultiPolygon","coordinates":[[[[137.17861,55.10044],[136.9957,55.09273],[136.79531,55.00938],[137.05527,54.92676],[137.17861,55.10044]]],[[[86.65313,74.9813],[86.39053,74.85088],[86.92715,74.83076],[87.12432,74.93989],[86.65313,74.9813]]],[[[-179.79853,68.94043],[-179.99995,68.98345],[-180,68.73867],[-180,68.4939],[-180,68.24912],[-180,68.0044],[-180,67.75962],[-180,67.51484],[-180,67.27012],[-180,67.02534],[-180,66.78057],[-180,66.53584],[-180,66.29106],[-180,66.04629],[-180,65.80156],[-180,65.55679],[-180,65.31196],[-180,65.06724],[-179.70459,65.18721],[-179.3521,65.51675],[-179.36597,65.63862],[-179.72832,65.80381],[-179.78364,66.01797],[-179.61616,66.12788],[-179.3272,66.1626],[-179.34014,66.2875],[-178.91553,66.17993],[-178.53413,66.31655],[-178.74673,66.01367],[-178.87935,65.93648],[-178.50234,65.74043],[-178.50464,65.53721],[-178.3102,65.48486],[-177.48877,65.50371],[-177.05625,65.61362],[-176.09326,65.47105],[-175.92295,65.35249],[-175.85386,65.01084],[-175.39512,64.80239],[-175.03603,64.81367],[-174.31802,64.63765],[-174.00137,64.44898],[-173.72974,64.3645],[-173.47495,64.42861],[-173.27549,64.28965],[-173.00913,64.29746],[-172.73916,64.41226],[-172.40146,64.41392],[-172.4874,64.54419],[-172.85415,64.60991],[-172.92402,64.70493],[-172.80107,64.79053],[-172.99912,64.87661],[-172.59282,64.90796],[-172.21318,65.04815],[-172.28603,65.20571],[-172.21157,65.4252],[-172.55654,65.61201],[-171.95718,65.54209],[-171.90713,65.49595],[-171.05425,65.54995],[-171.11899,65.69502],[-170.66631,65.62153],[-170.56099,65.65625],[-170.54067,65.86543],[-170.15942,66.00806],[-169.83169,65.99893],[-169.77788,66.14311],[-170.19194,66.20127],[-170.92666,66.52974],[-171.3605,66.67676],[-171.79556,66.93174],[-172.27393,66.96558],[-172.62104,67.02681],[-172.64058,66.925],[-173.22827,66.96855],[-173.15781,67.06909],[-173.67969,67.14478],[-173.88403,67.10644],[-174.44761,67.10313],[-174.08643,66.94287],[-174.00552,66.77861],[-174.23159,66.63189],[-174.10185,66.54063],[-173.77397,66.43467],[-174.01772,66.38252],[-174.50376,66.53794],[-174.9249,66.62314],[-174.77119,66.78433],[-174.78364,66.9168],[-174.93813,67.09302],[-174.84985,67.34888],[-175.15508,67.36538],[-175.34521,67.67808],[-177.40752,68.24517],[-178.24985,68.54141],[-178.69263,68.546],[-178.87388,68.7541],[-179.2793,68.82519],[-179.47085,68.9124],[-179.79853,68.94043]]],[[[130.68731,42.30254],[130.83418,42.52295],[130.75615,42.67329],[131.1583,42.62603],[131.39326,42.82231],[131.51641,42.99644],[131.72207,43.20264],[132.02871,43.11895],[132.2332,43.24507],[132.33438,43.23867],[132.30381,42.8833],[132.48135,42.90977],[132.70898,42.87583],[132.86357,42.79375],[132.99658,42.80801],[133.15996,42.69697],[133.58672,42.82822],[133.70938,42.82993],[134.01045,42.94746],[134.15645,43.04214],[134.6918,43.29058],[135.13106,43.52573],[135.26016,43.68462],[135.4834,43.83501],[135.5332,43.97148],[135.87461,44.37354],[136.14228,44.48911],[136.25117,44.6668],[136.46045,44.82212],[136.80352,45.17114],[137.14697,45.39351],[137.4252,45.63999],[137.68545,45.81836],[137.76914,45.92852],[138.10635,46.25073],[138.21016,46.46294],[138.33691,46.54341],[138.3918,46.74507],[138.58682,47.05723],[139.00137,47.3833],[139.16699,47.63486],[139.37266,47.88735],[139.99844,48.32378],[140.17061,48.52368],[140.22422,48.77285],[140.37832,48.96411],[140.30898,49.05391],[140.51719,49.59614],[140.4627,49.91148],[140.62451,50.08242],[140.53545,50.13076],[140.47637,50.546],[140.5209,50.8002],[140.6707,51.05132],[140.6877,51.23228],[140.83857,51.41416],[140.93262,51.61992],[141.12939,51.72778],[141.3669,51.92065],[141.38555,52.05723],[141.48525,52.17852],[141.16982,52.36841],[141.24502,52.55015],[141.25586,52.84014],[141.08682,52.89756],[140.87451,53.03984],[141.18125,53.01528],[141.40205,53.18398],[141.37373,53.29277],[141.21768,53.33447],[141.00566,53.49458],[140.6876,53.59644],[140.34707,53.8126],[140.17871,54.05156],[139.70742,54.27715],[139.31973,54.19297],[139.10508,54.21782],[138.6957,54.32002],[138.72168,54.04375],[138.66074,53.74478],[138.45068,53.53701],[138.29219,53.59243],[138.56914,53.8188],[138.56816,53.94717],[138.37891,53.90928],[138.25293,53.72642],[137.95049,53.60356],[137.73818,53.5603],[137.32832,53.53897],[137.22148,53.5792],[137.51699,53.70708],[137.64482,53.86582],[137.62275,53.97046],[137.33926,54.10054],[137.51318,54.1564],[137.66602,54.2833],[137.37773,54.28232],[137.09619,54.12856],[137.25801,54.02524],[137.15537,53.82168],[136.88643,53.83936],[136.71885,53.8041],[136.68301,53.9313],[136.77041,54.35332],[136.79727,54.621],[136.23799,54.61406],[135.85156,54.58394],[135.25771,54.73149],[135.2625,54.94331],[135.54063,55.11377],[135.75078,55.16065],[136.1752,55.35225],[136.46025,55.57671],[136.79356,55.69419],[137.38408,55.97476],[137.6915,56.13936],[138.07383,56.43311],[138.21777,56.629],[138.66211,56.96553],[138.96572,57.08814],[139.18164,57.26152],[139.44385,57.32969],[139.61924,57.45571],[139.86152,57.54932],[140.00234,57.6875],[140.44688,57.81367],[140.68496,58.21216],[140.9877,58.41685],[141.34707,58.52808],[141.75469,58.74526],[142.02539,58.99966],[142.58027,59.24014],[143.19219,59.37012],[143.52383,59.34365],[143.86875,59.41138],[144.4834,59.37627],[145.55459,59.41353],[145.75645,59.37373],[145.93164,59.19839],[146.27344,59.22148],[146.44434,59.43047],[147.04004,59.36572],[147.51445,59.26856],[147.87461,59.38804],[148.25742,59.41421],[148.49121,59.26231],[148.91406,59.28272],[148.70889,59.44854],[149.20498,59.48818],[149.06523,59.63052],[149.29043,59.72847],[149.64258,59.77041],[150.45723,59.59072],[150.72949,59.46914],[150.98252,59.57134],[151.17031,59.58325],[151.48574,59.52412],[151.79805,59.32324],[152.10449,59.29058],[151.99004,59.16006],[151.50498,59.16401],[151.12109,59.08252],[151.32676,58.8751],[151.70459,58.8667],[152.08789,58.91045],[152.16523,58.99702],[152.40068,59.02642],[152.57559,58.9541],[152.88223,58.93906],[153.07773,59.08189],[153.27295,59.09131],[153.36113,59.2148],[153.69521,59.22476],[154.01094,59.07554],[154.24668,59.10859],[154.45801,59.21655],[154.70352,59.14131],[154.82373,59.18755],[155.16045,59.19014],[155.1667,59.36016],[154.97129,59.44961],[154.58252,59.54009],[154.35762,59.48145],[154.1498,59.52852],[154.26885,59.6584],[154.29307,59.83335],[154.44072,59.88379],[154.57822,60.09502],[154.9708,60.37666],[155.42783,60.54985],[155.85332,60.77715],[156.05596,60.99561],[156.62969,61.27246],[156.68027,61.48062],[157.08418,61.67568],[157.46934,61.79893],[158.07012,61.75361],[158.33369,61.82568],[158.54717,61.81089],[159.07666,61.92227],[159.29502,61.91416],[159.55234,61.71948],[160.18252,61.90283],[160.31738,61.79336],[160.1627,61.5375],[159.88311,61.2918],[159.94922,61.12861],[159.79043,60.95664],[160.18428,61.04766],[160.37891,61.02549],[160.22578,60.83154],[160.17363,60.63843],[160.48203,60.73984],[160.7666,60.75332],[161.03711,60.96289],[162.18838,61.54067],[162.39258,61.66211],[162.69902,61.65259],[163.08525,61.57056],[163.25781,61.69946],[163.00928,61.7915],[163.13106,62.0499],[163.16348,62.25957],[163.30215,62.373],[163.33174,62.55093],[164.25566,62.69658],[164.56699,62.67549],[164.79238,62.57109],[165.04404,62.51699],[165.12412,62.41152],[164.59834,62.47056],[164.20723,62.29224],[164.07422,62.04502],[164.01953,61.71069],[163.88271,61.64014],[163.8044,61.46138],[164.00547,61.3438],[163.89336,61.24048],[163.61963,61.11133],[163.55352,61.02564],[163.70996,60.9168],[163.35234,60.80044],[162.97314,60.78291],[162.71318,60.65947],[162.26631,60.53672],[162.00361,60.42017],[161.75352,60.1523],[161.44932,60.02734],[161.21895,59.84561],[160.85527,59.62686],[160.54746,59.54736],[160.35039,59.39404],[159.84736,59.12715],[159.5915,58.80366],[159.03691,58.42393],[158.68701,58.28135],[158.21045,58.02529],[157.97461,57.98594],[157.66641,58.01978],[157.45039,57.79927],[157.2168,57.77681],[156.98574,57.83018],[156.7916,57.74795],[156.94824,57.61577],[156.97676,57.46631],[156.72842,57.15225],[156.5293,57.02119],[156.06748,56.78159],[155.98252,56.69522],[155.7166,56.07222],[155.55488,55.34849],[155.62031,54.86455],[155.70645,54.52148],[155.90488,53.92813],[156.09883,53.00649],[156.11035,52.86616],[156.22861,52.62627],[156.36475,52.50938],[156.37734,52.36655],[156.48984,51.91304],[156.50039,51.4751],[156.54346,51.31162],[156.6708,51.22686],[156.74775,50.96929],[157.20225,51.21274],[157.48984,51.40894],[157.53096,51.47988],[157.82324,51.60532],[158.10352,51.80962],[158.33164,52.09087],[158.46348,52.30498],[158.48076,52.62666],[158.60879,52.87363],[158.43232,52.95742],[158.63955,53.0148],[158.74541,52.90894],[158.95205,53.04756],[159.58594,53.2377],[159.77158,53.22969],[159.94746,53.1251],[160.00215,53.2749],[159.89766,53.38076],[159.95586,53.5522],[159.84375,53.78364],[159.92178,54.0084],[160.07441,54.18916],[160.51719,54.43086],[160.77266,54.54136],[161.12988,54.59824],[161.29404,54.52056],[161.72568,54.53296],[162.10557,54.75215],[162.08027,54.88613],[161.82422,55.13892],[161.7294,55.35801],[161.77559,55.65483],[162.08496,56.08965],[162.52822,56.26069],[162.48867,56.39912],[162.67148,56.49009],[162.9752,56.44902],[162.71318,56.33086],[162.62813,56.23228],[162.84033,56.06563],[163.04736,56.04468],[163.33555,56.23252],[163.24326,56.56455],[163.25654,56.68804],[162.92207,56.72266],[162.80264,56.81148],[162.81484,57.02339],[162.7793,57.35762],[163.10879,57.56484],[163.21387,57.68682],[163.14502,57.83731],[162.71836,57.94609],[162.52197,57.9041],[162.46699,57.76621],[162.19746,57.82915],[162.03965,57.91826],[161.96006,58.0769],[162.1416,58.44741],[162.45303,58.70859],[163.0043,59.02017],[163.27285,59.30259],[163.26904,59.52002],[163.40996,59.83496],[163.78008,60.04111],[164.13506,59.98438],[164.37686,60.05806],[164.66973,59.99746],[164.8543,59.84097],[165.01895,59.86074],[165.08457,60.09858],[165.28525,60.13491],[165.94199,60.35689],[166.18018,60.48037],[166.35215,60.48481],[166.13604,59.97935],[166.33184,59.87241],[166.96406,60.30703],[167.22676,60.4063],[168.1375,60.57393],[168.46279,60.59224],[168.67031,60.56289],[169.22676,60.59595],[169.61836,60.43804],[169.88701,60.21792],[169.98262,60.06709],[170.35098,59.96553],[170.42344,60.0478],[170.6082,60.43491],[170.94932,60.52295],[171.48975,60.72573],[171.72949,60.84312],[172.06729,60.91567],[172.39277,61.06177],[172.39609,61.16738],[172.58477,61.19043],[172.73066,61.3144],[172.90801,61.31162],[172.85654,61.46919],[173.13184,61.40664],[173.62344,61.71606],[173.82236,61.6794],[174.13887,61.79517],[174.51436,61.82363],[174.79756,61.93887],[175.19238,62.03442],[175.26787,62.10239],[176.32842,62.34605],[176.70254,62.50576],[177.15947,62.56099],[176.96348,62.69326],[177.02354,62.77725],[177.35967,62.73696],[177.35127,62.58745],[178.01924,62.54697],[179.1207,62.32036],[179.17695,62.46919],[179.57051,62.6875],[179.51094,62.86279],[179.25957,63.0083],[179.40508,63.07773],[179.33232,63.19019],[179.02813,63.28242],[178.70645,63.52153],[178.44043,63.60557],[178.73145,63.66709],[178.65029,63.96528],[178.45137,64.01138],[178.38145,64.26089],[177.95332,64.22227],[177.6875,64.30474],[177.43291,64.44448],[177.46719,64.73682],[177.04981,64.71924],[176.73096,64.62485],[176.35098,64.70513],[176.24697,64.84302],[176.83106,64.84922],[177.06875,64.78667],[177.22285,64.86167],[177.74863,64.71704],[178.28535,64.67227],[178.51953,64.60298],[179.15,64.78159],[179.44824,64.82202],[179.82734,65.03418],[180,65.06724],[180,68.98345],[179.27266,69.25967],[178.95068,69.2958],[178.84834,69.38721],[177.93369,69.49561],[177.39453,69.61162],[176.92441,69.646],[176.10752,69.8603],[175.75117,69.90415],[175.29561,69.86006],[173.94805,69.87412],[173.43867,69.94683],[173.27744,69.82383],[172.55957,69.96836],[171.97051,70.00034],[171.24668,70.07612],[170.48682,70.10757],[170.50313,69.85654],[170.16094,69.62656],[170.58223,69.58335],[170.71416,69.38823],[170.99668,69.13472],[170.99541,69.04531],[170.5376,68.82539],[169.60986,68.78604],[169.41465,68.91963],[169.31065,69.07954],[168.30303,69.27148],[168.15,69.57739],[167.9501,69.69917],[167.62813,69.74033],[166.82031,69.49956],[165.98047,69.546],[165.76074,69.58442],[164.51328,69.60913],[164.15957,69.71929],[163.49805,69.69326],[163.20137,69.71475],[162.37568,69.64907],[161.94512,69.54512],[161.53691,69.37954],[161.48008,69.20171],[161.56563,68.90518],[161.36514,68.823],[161.23018,68.65391],[161.129,68.65386],[161.34062,68.90518],[161.30986,68.98228],[161.03555,69.09819],[160.91074,69.60635],[160.73945,69.65518],[159.83252,69.78496],[159.7294,69.87022],[160.00645,70.30967],[159.91182,70.5061],[159.72793,70.64966],[159.35068,70.79072],[158.70215,70.93501],[158.03701,71.03926],[157.44736,71.07451],[155.89522,71.09551],[155.5959,71.03862],[155.02949,71.03423],[154.41396,70.97446],[153.79414,70.87998],[152.50879,70.83447],[151.76201,70.98247],[152.09277,71.02329],[151.58242,71.28696],[150.96777,71.38047],[150.24297,71.26719],[150.66777,71.45523],[150.59981,71.52012],[150.06084,71.51084],[149.85713,71.60147],[148.92334,71.71465],[149.04873,71.79575],[149.88106,71.84302],[149.96309,71.99219],[149.50156,72.16431],[148.40205,72.31196],[147.43398,72.34092],[147.12705,72.29204],[146.36797,71.92207],[145.80479,71.74648],[145.18857,71.6958],[144.98965,71.75337],[145.12578,71.92715],[145.40723,71.89014],[145.75674,71.94131],[145.70967,72.20635],[146.23027,72.1375],[146.40166,72.0355],[146.80703,72.23657],[146.59414,72.30244],[145.03916,72.25986],[144.4707,72.17476],[144.36094,72.26533],[144.77637,72.38228],[146.23477,72.34971],[146.25293,72.44224],[145.48574,72.54209],[143.51582,72.69824],[142.06143,72.7208],[141.51836,72.78867],[141.30977,72.85772],[140.8082,72.89097],[140.65234,72.84282],[140.97285,72.71699],[141.0793,72.58691],[140.45059,72.49312],[139.60117,72.49609],[139.14082,72.32974],[139.17637,72.16348],[139.61699,72.22568],[139.84707,72.14858],[139.64023,71.99834],[139.69512,71.70044],[139.98418,71.4915],[139.20938,71.44478],[139.00488,71.55606],[138.67002,71.63481],[138.5252,71.56274],[138.11846,71.56616],[137.91836,71.38408],[138.09062,71.30742],[137.65059,71.20815],[137.31543,71.35942],[136.40615,71.57075],[135.88477,71.63057],[135.02236,71.51504],[134.70273,71.38682],[134.10283,71.37896],[133.42617,71.49097],[133.13086,71.60669],[132.56231,71.89531],[132.22764,71.64277],[131.90645,71.20264],[131.56201,70.90103],[131.15742,70.74219],[130.66846,70.88833],[130.28125,70.94731],[129.76191,71.11953],[128.94902,71.70757],[129.46084,71.73931],[129.21025,71.91694],[128.91143,71.75532],[128.35879,72.08833],[127.84141,72.30825],[127.80342,72.43403],[128.4752,72.24556],[128.93496,72.07949],[129.2835,72.09204],[129.41172,72.31548],[129.1166,72.48574],[128.6334,72.55015],[129.25039,72.70518],[129.01728,72.87246],[128.59902,72.89517],[129.05371,73.04541],[128.88867,73.19023],[127.74033,73.48154],[127.03135,73.54746],[126.55254,73.33491],[126.25742,73.41978],[126.25449,73.54819],[125.61709,73.52061],[124.79629,73.71177],[124.38809,73.75483],[123.79688,73.62676],[123.49111,73.66636],[123.30508,73.53291],[123.38389,73.34731],[123.62227,73.19326],[123.16035,72.95488],[122.61523,73.02793],[122.69209,72.89082],[122.02979,72.89722],[121.88604,72.96089],[120.99717,72.93672],[120.59795,72.9811],[119.75039,72.9791],[118.96035,73.11729],[118.43027,73.24653],[118.4502,73.58979],[117.30859,73.59917],[116.49551,73.67607],[115.3377,73.70259],[114.81602,73.60718],[114.06055,73.58467],[113.15693,73.45957],[113.41621,73.64761],[113.03281,73.91387],[112.79541,73.74609],[112.14727,73.70894],[111.40039,73.82773],[111.05625,73.93936],[110.26143,74.01743],[109.86914,73.93062],[109.66563,73.80024],[109.75273,73.72256],[110.38828,73.72603],[110.42871,73.62891],[109.85527,73.47246],[109.33106,73.48745],[109.08994,73.37842],[108.00127,73.2356],[107.75039,73.17315],[107.10879,73.1773],[106.47793,73.1394],[106.0667,72.94985],[105.67715,72.95928],[106.18867,73.30801],[106.6794,73.33066],[107.27109,73.62104],[107.76543,73.625],[108.19951,73.69409],[109.075,74.03232],[109.81025,74.16919],[109.84033,74.32197],[110.22588,74.37866],[110.37354,74.46606],[110.89277,74.5481],[111.29902,74.65845],[111.86826,74.74004],[112.19199,74.85317],[112.9249,75.01504],[113.61357,75.29297],[113.72617,75.45064],[112.95566,75.57192],[112.6292,75.8354],[113.61992,75.59268],[113.871,75.85601],[113.56387,75.89165],[113.42773,76.11211],[112.79844,76.12964],[112.61953,76.38355],[112.09395,76.48032],[111.78613,76.60356],[111.11484,76.72305],[110.47148,76.7584],[109.98115,76.71187],[109.36934,76.74922],[108.02793,76.71846],[107.90225,76.56968],[107.62422,76.51011],[106.63877,76.57339],[107.42979,76.92656],[106.9416,77.03438],[106.33867,77.04785],[105.71201,77.00147],[104.91191,77.17471],[105.38457,77.23784],[106.05957,77.39053],[105.89453,77.48887],[104.96523,77.59473],[104.81426,77.6521],[104.01455,77.73042],[103.56074,77.63193],[103.13145,77.62647],[101.51768,77.1981],[100.98994,76.99048],[100.92041,76.82251],[101.09932,76.704],[100.84375,76.5252],[100.32236,76.47915],[98.80566,76.48066],[99.6168,76.24019],[99.5627,76.10933],[98.66201,76.24268],[97.20547,76.0187],[96.8792,75.93106],[96.50859,76.00557],[95.98604,76.00967],[95.91992,76.11314],[95.03848,76.11353],[94.57559,76.15176],[93.64844,76.05415],[93.25928,76.09878],[93.17813,75.95898],[93.54981,75.8541],[91.84541,75.72368],[91.47949,75.64966],[91.00469,75.64956],[90.18496,75.59106],[89.59512,75.45825],[89.31025,75.47012],[88.50371,75.29048],[87.67139,75.12959],[87.1708,75.19175],[87.14072,75.07227],[87.41934,74.94092],[86.86289,74.71787],[86.65147,74.68242],[86.20127,74.81621],[85.79102,74.64512],[86.11611,74.62856],[86.7001,74.52246],[87.22969,74.36387],[86.89795,74.32534],[86.66475,74.41426],[86.18291,74.42305],[86.00137,74.31602],[86.57109,74.24375],[87.20967,73.87866],[87.57119,73.81074],[87.12012,73.61504],[86.36592,73.61978],[87.02949,73.82417],[86.59141,73.89429],[85.61143,73.82158],[85.44834,73.73462],[84.73789,73.76284],[83.54473,73.6665],[81.81699,73.65884],[80.5832,73.56846],[80.39805,73.35684],[80.50967,73.08608],[80.8416,72.94917],[80.65625,72.71201],[80.82705,72.48828],[81.28272,72.35884],[81.79287,72.32661],[82.18359,72.23755],[82.31914,72.07183],[82.64541,71.92524],[83.20029,71.87471],[83.53438,71.68394],[83.57129,71.59439],[83.15127,71.10361],[83.57891,70.76592],[83.73594,70.54648],[83.49707,70.34526],[83.07383,70.27671],[83.08076,70.09302],[82.85654,70.10454],[82.68232,70.21773],[82.91982,70.40742],[83.03018,70.58052],[83.05107,70.81523],[82.86914,70.95483],[82.33594,70.80737],[82.23916,70.99771],[82.32285,71.26001],[82.91797,71.41992],[83.23359,71.66816],[82.98613,71.74868],[82.54727,71.75859],[82.07988,71.70684],[81.51123,71.74614],[80.85606,71.97022],[80.7625,72.08916],[79.95391,72.22305],[79.42207,72.38076],[78.48262,72.39497],[77.96816,72.32871],[77.47158,72.19214],[77.49287,72.07173],[78.01641,72.09204],[78.23242,71.9523],[77.77754,71.83643],[77.55078,71.84209],[76.87139,72.03301],[76.42168,72.00601],[76.03242,71.9104],[76.31211,71.59546],[77.48106,71.31157],[77.9084,71.32407],[78.2126,71.26631],[78.38652,71.08711],[78.5877,70.9939],[78.52578,70.91182],[78.06826,70.98633],[77.58965,71.16792],[76.11045,71.21855],[75.33203,71.34175],[75.28027,71.43008],[75.50322,71.65464],[75.24746,71.81338],[75.5502,72.1708],[75.74141,72.29624],[75.60352,72.58106],[75.36934,72.79663],[75.15244,72.85273],[74.78682,72.81187],[75.00801,72.61943],[75.09707,72.42065],[74.99219,72.14482],[74.31123,71.95781],[73.67178,71.84507],[73.08623,71.44492],[73.50723,71.26353],[73.73154,71.0687],[74.31094,70.65361],[74.20674,70.44546],[73.83018,70.17568],[73.56016,69.70723],[73.89092,69.41797],[73.77568,69.19824],[73.97744,69.11465],[74.3626,69.14458],[74.81484,69.09058],[75.05352,69.11631],[75.42002,69.23862],[76.00098,69.23506],[77.65068,68.90303],[77.90684,68.48228],[77.99512,68.25947],[77.66484,68.19038],[77.53594,68.00767],[77.58828,67.7519],[78.92246,67.58911],[77.98555,67.55918],[77.6751,67.5896],[77.17441,67.77852],[77.24844,67.94102],[77.23848,68.46958],[77.11172,68.59619],[76.73506,68.7769],[76.45918,68.97827],[76.10752,68.97573],[75.12461,68.86172],[74.57959,68.75122],[74.39141,68.4206],[74.74268,68.07354],[74.76953,67.76636],[74.67607,67.69463],[74.07451,67.41411],[73.79209,66.99531],[73.3416,66.80684],[72.41738,66.56079],[72.32158,66.33213],[71.91699,66.24673],[71.56563,66.33374],[71.14551,66.36665],[70.33945,66.34238],[69.19434,66.57866],[69.01348,66.78833],[69.21777,66.82861],[69.74043,66.8146],[69.87715,66.84546],[70.2834,66.68579],[70.38281,66.60249],[70.7249,66.51943],[70.93945,66.54815],[71.55117,66.76045],[71.36523,66.96152],[71.66816,66.9397],[71.84746,67.00762],[72.59434,67.58696],[72.94873,67.69624],[73.15215,67.86504],[73.13945,68.18135],[73.46523,68.43076],[73.54805,68.57451],[72.81191,68.81523],[72.57676,68.9687],[72.52734,69.08052],[72.61562,69.48403],[72.52969,70.17251],[72.46943,70.27495],[72.7,70.45732],[72.73164,70.82285],[72.58135,71.15112],[72.0793,71.30669],[71.86729,71.45737],[71.91201,71.54795],[72.27949,71.69551],[72.62441,72.07944],[72.75293,72.34316],[72.81211,72.69141],[72.44639,72.79033],[71.92959,72.81968],[71.5002,72.91367],[70.65537,72.89038],[69.64512,72.89756],[69.39141,72.95552],[69.03906,72.66992],[68.60742,72.01274],[68.26924,71.68281],[67.5418,71.41201],[66.91758,71.28237],[66.76807,71.13989],[66.84707,71.06372],[66.66611,70.90059],[66.82246,70.79736],[67.14336,70.83755],[67.28477,70.73872],[67.14648,70.21992],[67.23926,70.10806],[66.92637,70.01426],[66.804,69.65923],[67.06445,69.6937],[68.00586,69.48003],[68.11738,69.23623],[68.54277,68.96709],[68.76289,68.91738],[69.14053,68.95064],[68.82949,68.56743],[68.5042,68.34844],[67.73076,68.51367],[67.14922,68.75396],[67.00244,68.87358],[66.41611,68.94785],[65.8127,69.077],[65.73574,69.13232],[65.03154,69.26982],[64.59219,69.43564],[64.19043,69.53467],[63.36143,69.67529],[62.63125,69.74312],[61.77051,69.76304],[61.01592,69.85147],[60.17061,69.59092],[60.66455,69.11025],[60.93359,68.98677],[60.48916,68.72896],[59.896,68.70635],[59.89736,68.42192],[59.6043,68.35112],[59.09902,68.44434],[59.11231,68.61631],[59.37051,68.73838],[58.91895,69.00381],[58.17305,68.88975],[57.12686,68.554],[56.62022,68.61904],[56.04365,68.64888],[55.41807,68.56782],[54.92305,68.37383],[54.86133,68.20185],[54.56123,68.27305],[53.96787,68.22734],[53.26055,68.26748],[53.34258,68.34321],[53.93086,68.43555],[53.75889,68.63398],[53.97061,68.84429],[53.80195,68.9959],[52.68359,68.7312],[52.5501,68.59243],[52.66973,68.42676],[52.32227,68.3397],[52.28535,68.45937],[51.99473,68.53877],[51.33613,68.40244],[50.83887,68.34995],[49.93125,68.06514],[49.15527,67.87041],[48.6957,67.87422],[48.87793,67.73135],[47.87471,67.58418],[47.9082,67.45469],[47.76807,67.27563],[47.70908,67.04502],[47.49648,66.92983],[46.69082,66.82554],[45.98604,66.85313],[45.75254,66.98916],[45.56221,67.1856],[44.93945,67.35078],[44.93945,67.47744],[45.52871,67.75757],[46.69043,67.84883],[46.68359,67.97046],[45.89199,68.47969],[45.51943,68.54653],[45.07813,68.57817],[44.04805,68.54883],[43.47197,68.67983],[43.404,68.60855],[44.16914,68.3271],[44.22539,67.99561],[43.78242,67.25449],[43.85537,67.18862],[44.2918,67.09966],[44.40391,67.0042],[44.48867,66.67178],[44.09717,66.23506],[44.1044,66.00859],[43.65313,66.25098],[43.2332,66.41553],[42.60215,66.42251],[42.21055,66.51968],[41.78086,66.25933],[41.47578,66.12344],[41.07607,66.02109],[40.6916,65.96343],[40.32783,65.75171],[39.8165,65.59795],[39.79805,65.34985],[40.14268,65.06328],[40.28125,64.9981],[40.44492,64.77871],[40.05781,64.77075],[39.84863,64.69053],[39.75801,64.57705],[39.56738,64.57056],[39.05352,64.71392],[38.54092,64.79126],[38.41211,64.85708],[38.00938,64.87876],[37.52813,65.10825],[37.14082,65.19429],[36.88281,65.17236],[36.78594,64.98716],[36.53457,64.93862],[36.52822,64.84736],[37.18369,64.4085],[37.42959,64.37358],[37.74063,64.39697],[37.95371,64.32012],[38.0708,64.02583],[37.96797,63.94912],[37.63535,63.89341],[37.44219,63.81338],[36.36494,64.00283],[36.14648,64.18901],[35.64707,64.37832],[35.43203,64.34678],[35.03535,64.44023],[34.86953,64.56001],[34.80352,64.98599],[34.67109,65.16812],[34.40645,65.39575],[34.61572,65.50991],[34.78633,65.86455],[34.39981,66.12842],[34.1127,66.22524],[33.5667,66.321],[33.65596,66.44263],[33.21738,66.53164],[33.18057,66.67993],[32.92871,66.7041],[32.46367,66.91631],[32.3999,67.15269],[32.93047,67.08682],[32.84756,67.02153],[33.15019,66.84395],[33.48203,66.76455],[34.45156,66.65122],[34.48262,66.55034],[34.82461,66.61113],[35.51348,66.3958],[36.37344,66.3023],[36.76992,66.29356],[37.29482,66.22505],[37.62822,66.12959],[38.39756,66.06445],[39.28906,66.13203],[40.10332,66.29995],[40.52158,66.44663],[41.18897,66.82617],[41.27559,66.91431],[41.35879,67.20967],[41.13389,67.26694],[40.96641,67.71348],[40.38066,67.83189],[40.03574,68.01538],[39.56895,68.07173],[38.83154,68.3249],[38.43018,68.35562],[37.73057,68.69214],[36.61826,69.00347],[35.85791,69.19175],[35.28984,69.27544],[34.86397,69.22808],[34.22939,69.31314],[33.68438,69.31025],[33.32773,69.15186],[33.4543,69.42817],[32.63682,69.48945],[32.37773,69.4791],[32.17676,69.67402],[32.7543,69.60571],[32.99463,69.62617],[32.9417,69.75186],[32.56543,69.80649],[31.98457,69.95366],[32.03057,69.8353],[31.78857,69.81577],[31.45273,69.6896],[30.86973,69.78345],[30.86074,69.53843],[30.61543,69.53257],[30.22754,69.63379],[29.99404,69.39248],[29.38828,69.29815],[29.20996,69.09702],[28.96582,69.02197],[28.56602,68.92822],[28.75205,68.77144],[28.4707,68.48838],[28.68516,68.1898],[29.34385,68.06187],[29.82158,67.754],[29.9792,67.68857],[29.94121,67.54746],[29.57227,67.32437],[29.08701,66.97095],[29.09307,66.84922],[29.46436,66.53218],[29.6709,66.27612],[29.90342,66.09106],[30.0875,65.78652],[30.09531,65.68169],[29.71592,65.62456],[29.72803,65.47344],[29.62969,65.22388],[29.81084,65.10791],[29.6042,64.96841],[29.7832,64.8043],[30.07285,64.76504],[30.12012,64.64463],[29.98555,64.55772],[30.10811,64.36611],[30.48789,64.23652],[30.50391,64.02061],[30.05537,63.68901],[30.41856,63.50405],[31.18086,63.2083],[31.50928,62.95532],[31.53398,62.8854],[31.28565,62.56782],[30.93574,62.32378],[30.56563,62.12759],[29.69014,61.54609],[29.25166,61.28779],[28.40742,60.89692],[27.79766,60.53613],[28.1793,60.571],[28.51279,60.6773],[28.65059,60.61099],[28.64316,60.37529],[29.06914,60.19146],[29.72119,60.19531],[29.97676,60.02637],[30.17266,59.95713],[30.12256,59.87358],[29.66973,59.95566],[29.14727,59.99976],[28.94727,59.82876],[28.45391,59.81426],[28.33457,59.69253],[28.13115,59.78652],[28.01397,59.72476],[28.0125,59.48428],[28.15107,59.37441],[27.89766,59.27764],[27.75762,59.052],[27.46445,58.84131],[27.42705,58.73306],[27.53135,58.43525],[27.48779,58.27007],[27.75283,57.84102],[27.54209,57.79941],[27.4,57.6668],[27.35195,57.52813],[27.79688,57.31694],[27.81455,57.1669],[27.63945,56.84565],[27.80606,56.86709],[28.00752,56.59985],[28.10313,56.5457],[28.20205,56.2604],[28.14795,56.14292],[28.28428,56.05591],[28.56397,56.09199],[28.79473,55.94258],[29.0874,56.02114],[29.375,55.93872],[29.35342,55.78438],[29.48223,55.68457],[29.93701,55.84526],[30.23359,55.84522],[30.45625,55.78682],[30.62559,55.66626],[30.90684,55.57002],[30.90059,55.39741],[30.81445,55.27871],[30.97773,55.05049],[30.82988,54.91499],[30.79883,54.78325],[31.12129,54.64849],[31.07481,54.4918],[31.18477,54.45298],[31.40361,54.19595],[31.79199,54.05591],[31.83779,54.00078],[31.7542,53.81045],[32.20039,53.78125],[32.4502,53.69292],[32.46963,53.54697],[32.68574,53.44815],[32.7043,53.33633],[32.14199,53.09116],[31.84971,53.1062],[31.66826,53.20093],[31.41787,53.19605],[31.25879,53.0167],[31.53516,52.79824],[31.52617,52.63301],[31.58555,52.53247],[31.57734,52.31231],[31.76338,52.10107],[31.97383,52.04663],[32.28281,52.11401],[32.36299,52.27212],[32.50791,52.30855],[32.89971,52.25635],[33.14844,52.34043],[33.73525,52.34478],[33.92207,52.25147],[34.11309,51.97964],[34.39785,51.78042],[34.3793,51.7165],[34.12109,51.67915],[34.28066,51.31167],[34.71231,51.17222],[35.06406,51.20342],[35.15811,51.06099],[35.31191,51.0439],[35.44014,50.72769],[35.41162,50.5397],[35.67373,50.346],[35.89023,50.43711],[36.11641,50.40855],[36.30606,50.28047],[36.49981,50.28047],[36.61943,50.20923],[36.75908,50.29185],[37.42285,50.41148],[37.58232,50.29185],[37.7042,50.10908],[38.04688,49.92002],[38.25859,50.05234],[38.45117,49.96406],[38.64775,49.95288],[38.91836,49.82471],[39.17481,49.85596],[39.30293,49.74204],[39.46279,49.72803],[39.78057,49.57202],[40.03066,49.59673],[40.12617,49.36885],[40.07002,49.20029],[39.88975,49.06406],[39.68652,49.00791],[39.79287,48.80772],[39.64473,48.59121],[39.83565,48.54277],[39.96104,48.23794],[39.88506,48.16836],[39.73594,47.84482],[39.39102,47.83374],[38.90029,47.85513],[38.71895,47.71411],[38.2874,47.55918],[38.20137,47.3208],[38.28076,47.27666],[38.21435,47.09146],[38.48477,47.17554],[38.66816,47.14395],[38.92832,47.17568],[39.02373,47.27222],[39.1957,47.26885],[39.29346,47.10576],[38.80107,46.90615],[38.43867,46.81309],[38.50098,46.66367],[38.22998,46.70127],[37.96797,46.61802],[37.7665,46.63613],[37.91387,46.40649],[38.07773,46.39434],[38.49229,46.09053],[38.18359,46.09482],[38.13281,46.00283],[37.9331,46.00171],[37.84092,45.79956],[37.6124,45.5647],[37.64717,45.3772],[36.94121,45.2897],[36.61914,45.1855],[36.65078,45.12647],[36.94443,45.06958],[37.20479,44.97197],[37.41133,44.73535],[37.57246,44.67085],[37.85146,44.69883],[38.18125,44.41968],[38.71728,44.28809],[39.3294,43.89727],[39.5167,43.72788],[39.97832,43.41982],[40.15019,43.56978],[40.51895,43.51201],[40.64805,43.53389],[41.08311,43.37446],[41.3582,43.3334],[41.58057,43.21924],[42.05,43.19014],[42.41904,43.22422],[42.56602,43.15513],[42.76065,43.16958],[42.9916,43.0915],[43.08916,42.98906],[43.55781,42.84448],[43.78262,42.74702],[43.73838,42.61699],[43.95742,42.56655],[44.50586,42.74863],[44.64434,42.73472],[44.77109,42.6168],[44.871,42.7564],[45.2082,42.64824],[45.34375,42.52979],[45.56289,42.53574],[45.72754,42.47505],[45.63857,42.20508],[45.954,42.0354],[46.2127,41.98989],[46.42988,41.89097],[46.55215,41.81231],[46.74932,41.8126],[47.01016,41.5875],[47.20527,41.45562],[47.26113,41.31509],[47.52061,41.22905],[47.86113,41.21274],[48.05606,41.45869],[48.39141,41.6019],[48.57285,41.84448],[48.38379,41.95342],[48.22861,42.18096],[47.82236,42.61348],[47.72773,42.68071],[47.70908,42.81094],[47.46318,43.03506],[47.51289,43.21875],[47.50898,43.50972],[47.62783,43.80596],[47.4292,43.77988],[47.36152,43.99336],[47.22988,44.19238],[47.02363,44.34326],[46.75303,44.42065],[46.70723,44.50332],[46.75527,44.65654],[47.11475,44.90596],[47.22148,45.02427],[47.48867,45.45508],[47.52422,45.60171],[47.70107,45.68618],[47.83018,45.66304],[48.15918,45.73701],[48.48701,45.93486],[48.68965,45.88887],[48.68369,46.08618],[49.07959,46.18921],[49.23223,46.33716],[48.61016,46.56646],[48.50918,46.64995],[48.60527,46.76592],[48.77637,46.71035],[48.95938,46.77461],[48.55254,47.321],[48.10996,47.74541],[47.48193,47.80391],[47.29238,47.74092],[47.09326,47.94771],[47.11904,48.127],[47.0043,48.28447],[46.66094,48.41226],[46.60918,48.57388],[46.70264,48.80557],[47.01426,49.09834],[47.01816,49.1999],[46.80205,49.36709],[46.88955,49.69697],[46.99199,49.85273],[47.29522,50.0585],[47.32647,50.27354],[47.50361,50.40273],[47.70576,50.37798],[47.84961,50.28232],[48.22481,49.93193],[48.43428,49.82852],[48.75898,49.92832],[48.84326,50.01314],[48.70049,50.35376],[48.65518,50.61987],[48.8084,50.60132],[49.32344,50.85171],[49.49805,51.08359],[49.82227,51.13189],[49.93232,51.19717],[50.24688,51.2895],[50.75615,51.67515],[50.79395,51.7292],[51.16348,51.64746],[51.34453,51.47534],[51.60908,51.48398],[52.00713,51.67271],[52.33106,51.6813],[52.57119,51.48164],[52.82051,51.49458],[53.03838,51.46372],[53.33809,51.48237],[53.53467,51.39956],[53.68809,51.25181],[54.0415,51.11519],[54.42148,50.78032],[54.47148,50.58379],[54.65,50.66016],[54.60625,50.87988],[54.72715,50.9981],[55.01484,50.86978],[55.19522,50.74473],[55.54229,50.60181],[55.79766,50.60205],[56.04971,50.71353],[56.14395,50.84463],[56.49141,51.01953],[56.62022,50.98086],[57.01172,51.06519],[57.179,51.03604],[57.44219,50.88887],[57.65381,50.92515],[57.83887,51.09165],[58.35918,51.06382],[58.54746,50.97105],[58.88369,50.69443],[59.45234,50.62041],[59.52305,50.49287],[59.8124,50.58203],[59.95518,50.79927],[60.11211,50.83418],[60.28809,50.70415],[60.63799,50.66372],[60.94229,50.69551],[61.22686,50.77481],[61.38945,50.86104],[61.58506,51.22969],[61.55469,51.32461],[61.36309,51.4419],[61.01484,51.49238],[60.97354,51.53706],[60.46475,51.65117],[60.3875,51.773],[60.06748,51.89063],[60.06553,51.97647],[60.42549,52.12559],[60.67031,52.15083],[60.9376,52.28057],[60.97949,52.39478],[60.82129,52.56982],[60.80234,52.74473],[61.04746,52.97246],[61.40078,52.996],[61.97422,52.94375],[62.08272,53.00542],[62.01465,53.10786],[61.65986,53.22847],[61.19922,53.28716],[61.24795,53.55098],[60.97949,53.62173],[61.11318,53.75347],[61.14375,53.96382],[61.33369,54.04927],[61.92871,53.94648],[62.04023,54.00264],[62.49902,54.01318],[62.63272,54.06929],[63.07393,54.10523],[63.19131,54.17105],[64.00391,54.26709],[64.19941,54.34741],[64.46123,54.38418],[64.6499,54.35225],[64.92676,54.39663],[65.15781,54.3644],[65.2374,54.51606],[65.47695,54.62329],[65.70781,54.6187],[66.22266,54.66738],[67.69336,54.87241],[67.82988,54.94356],[68.07383,54.95957],[68.24404,55.05244],[68.20625,55.16094],[68.52481,55.20483],[68.71289,55.3085],[68.97725,55.3896],[69.49326,55.35689],[69.74023,55.30737],[69.98174,55.19907],[70.18242,55.16245],[70.48633,55.28237],[70.73809,55.30518],[70.91016,55.12798],[71.18555,54.59932],[71.09316,54.21221],[71.33643,54.15835],[72.00449,54.20566],[72.10537,54.30845],[72.26914,54.27212],[72.38731,54.12305],[72.4043,53.96445],[72.58594,53.99595],[72.62227,54.13433],[72.91406,54.10732],[73.11934,53.98076],[73.38066,53.96284],[73.61797,54.06738],[73.67891,53.92944],[73.39941,53.81148],[73.28574,53.59839],[73.46992,53.4689],[73.64297,53.57627],[73.85898,53.61973],[74.06865,53.61143],[74.40273,53.50444],[74.45195,53.64727],[74.83418,53.82568],[75.05215,53.82671],[75.37705,53.97012],[75.43721,54.08965],[75.65684,54.10601],[76.2666,54.31196],[76.49648,54.33569],[76.75938,54.43687],[76.78897,54.32188],[76.65459,54.14526],[76.42207,54.11353],[76.57568,53.94253],[77.7044,53.37915],[77.85996,53.26919],[78.47549,52.63843],[79.46885,51.49312],[79.98623,50.77456],[80.22022,50.91177],[80.42363,50.94629],[80.44805,51.18335],[80.65049,51.27734],[80.87734,51.28145],[80.96563,51.1898],[81.12725,51.19106],[81.07754,51.01494],[81.12461,50.94629],[81.38828,50.95649],[81.46592,50.73984],[81.93369,50.76636],[82.09805,50.71084],[82.49395,50.72759],[82.76084,50.89336],[83.01924,50.89727],[83.16025,50.98921],[83.35732,50.99458],[83.71777,50.88716],[83.94512,50.77466],[84.17598,50.52056],[84.25781,50.28823],[84.32324,50.23916],[84.60732,50.20239],[84.98945,50.06143],[85.00078,49.89414],[85.21016,49.66484],[85.37158,49.62393],[85.93359,49.55044],[86.18086,49.49932],[86.61016,49.76914],[86.73066,49.69556],[86.61426,49.60972],[86.81211,49.48789],[86.95293,49.32207],[87.23369,49.21616],[87.32285,49.08579],[87.81426,49.16231],[87.93477,49.16455],[88.11572,49.2563],[88.19258,49.45171],[88.6332,49.48613],[88.83164,49.44844],[89.17998,49.53223],[89.24395,49.62705],[89.39561,49.61152],[89.6541,49.71748],[89.64385,49.90303],[89.97734,49.98433],[90.00498,50.06929],[90.5169,50.21333],[91.02158,50.41548],[91.34082,50.47007],[91.8043,50.6936],[92.19238,50.70059],[92.35479,50.86416],[92.62666,50.68828],[92.7793,50.77866],[92.94131,50.77822],[93.10313,50.60391],[94.25107,50.5564],[94.35469,50.22183],[94.61475,50.02373],[94.93027,50.04375],[95.04434,49.96157],[95.52266,49.91123],[95.85195,50.01294],[96.06553,49.99873],[96.31504,49.90112],[96.50576,49.9187],[96.98574,49.88281],[97.20859,49.73081],[97.35977,49.74146],[97.58936,49.91148],[97.85391,49.94678],[98.10342,50.07783],[98.25029,50.30244],[98.27949,50.53325],[98.02979,50.64463],[97.95313,50.85518],[97.82529,50.98525],[97.94688,51.34844],[98.0376,51.44995],[98.21992,51.50562],[98.35273,51.71763],[98.64053,51.80117],[98.80254,51.95747],[98.84863,52.07007],[99.40703,51.92354],[99.71924,51.87163],[99.92168,51.75552],[100.53623,51.71348],[101.38125,51.45264],[101.5709,51.46719],[102.11152,51.35347],[102.21504,50.82944],[102.3166,50.71846],[102.28838,50.58511],[102.46943,50.52568],[102.6833,50.38716],[103.16172,50.29072],[103.3044,50.20029],[103.63291,50.13857],[103.80264,50.17607],[104.17969,50.16943],[104.46631,50.30615],[105.09473,50.38994],[105.38359,50.47373],[105.8752,50.40537],[106.21787,50.30459],[106.71113,50.3126],[106.94131,50.19668],[107.04023,50.08648],[107.2333,49.9894],[107.63096,49.98311],[107.94785,49.92471],[107.93672,49.69102],[108.03379,49.59399],[108.40693,49.39639],[108.61367,49.3228],[109.23672,49.33491],[109.52871,49.26987],[110.1999,49.17041],[110.42783,49.21997],[110.63106,49.1376],[110.82793,49.16616],[111.33662,49.35586],[112.07969,49.42422],[112.49492,49.53232],[112.80645,49.52358],[113.05557,49.61626],[113.16416,49.79717],[113.57422,50.00703],[113.88115,50.10112],[114.0707,50.20474],[114.29707,50.27441],[114.74316,50.23369],[115.00332,50.13857],[115.27451,49.94888],[115.4292,49.89648],[115.71777,49.88062],[116.13457,50.01079],[116.55117,49.92031],[116.6833,49.82378],[117.24561,49.62485],[117.47715,49.60942],[117.87344,49.51348],[118.45156,49.84448],[118.75596,49.96284],[118.97949,49.97886],[119.25986,50.06641],[119.34629,50.27896],[119.1919,50.37983],[119.28066,50.56099],[119.4457,50.70283],[119.57344,50.94678],[119.746,51.10772],[119.81318,51.26704],[119.96699,51.42212],[120.0669,51.60068],[120.23701,51.723],[120.51055,51.84854],[120.68145,51.97305],[120.74981,52.09653],[120.66543,52.2999],[120.69922,52.4936],[120.65615,52.56665],[120.36006,52.627],[120.06758,52.63291],[120.09453,52.78721],[120.42129,52.96807],[120.7041,53.17183],[120.98545,53.28457],[121.40547,53.31704],[122.33779,53.48501],[122.74473,53.46851],[123.1541,53.54458],[123.60781,53.54653],[123.99473,53.40562],[124.29141,53.34087],[124.46592,53.22964],[124.81231,53.13384],[124.9709,53.19731],[125.22559,53.16582],[125.64902,53.04229],[125.72813,52.89072],[125.87188,52.87153],[126.04815,52.73945],[126.01602,52.61021],[126.15664,52.54663],[126.31289,52.39976],[126.45557,52.12647],[126.51055,51.92583],[126.70078,51.70303],[126.70918,51.56631],[126.80547,51.50566],[126.83379,51.31489],[126.92481,51.10015],[127.30703,50.70796],[127.34717,50.5501],[127.30606,50.45352],[127.39531,50.29858],[127.59023,50.20898],[127.51231,50.07168],[127.50244,49.87344],[127.71113,49.67153],[127.99961,49.5686],[128.23711,49.55928],[128.704,49.60015],[128.81934,49.46377],[129.12012,49.36206],[129.49815,49.38882],[129.53369,49.32344],[129.79258,49.19888],[130.03711,48.97227],[130.196,48.89165],[130.55313,48.86118],[130.61719,48.77319],[130.55215,48.60249],[130.8043,48.3415],[130.71211,48.12764],[130.73262,48.01924],[130.84863,47.92944],[131.00273,47.69146],[131.31934,47.72783],[131.55674,47.68203],[131.78525,47.68052],[132.38018,47.72949],[132.56191,47.76851],[132.70723,47.94727],[132.87715,47.9791],[133.14404,48.10566],[133.46836,48.09717],[133.84219,48.27373],[134.29336,48.37344],[134.56357,48.32173],[134.66934,48.15332],[134.56602,48.02251],[134.75234,47.71543],[134.59619,47.52388],[134.4835,47.44736],[134.29082,47.41357],[134.16768,47.3022],[134.20215,47.12808],[134.03857,46.85815],[134.02266,46.71318],[133.8666,46.49912],[133.90273,46.36694],[133.86133,46.24775],[133.70068,46.13975],[133.68574,46.00894],[133.51309,45.87881],[133.43643,45.60469],[133.18604,45.49482],[133.11338,45.32144],[133.11348,45.13071],[132.93604,45.02993],[131.97754,45.24399],[131.85186,45.32686],[131.654,45.20537],[131.44688,44.98403],[131.08232,44.91001],[130.96777,44.79995],[131.06065,44.65967],[131.25527,44.07158],[131.21328,44.00293],[131.17422,43.70474],[131.18242,43.50557],[131.26182,43.43306],[131.17559,43.14219],[131.08613,43.03809],[131.06856,42.90225],[130.57725,42.81162],[130.42481,42.72705],[130.57656,42.62324],[130.52695,42.5354],[130.68731,42.30254]]],[[[47.44199,80.85366],[46.79912,80.75523],[45.12451,80.65225],[45.14922,80.59873],[46.14141,80.44673],[46.67754,80.56133],[47.30391,80.6062],[47.6001,80.74194],[48.62549,80.6293],[48.4457,80.80601],[47.44199,80.85366]]],[[[50.27813,80.92725],[49.24434,80.82139],[49.18525,80.55864],[48.40264,80.5688],[47.65606,80.50054],[46.64443,80.30034],[46.99102,80.18276],[47.63242,80.11196],[48.4668,80.11011],[49.01074,80.20742],[48.89609,80.36919],[49.58594,80.37656],[49.846,80.49766],[50.96084,80.54048],[51.70361,80.68765],[50.80107,80.91416],[50.27813,80.92725]]],[[[67.76533,76.2376],[68.16543,76.28486],[68.89981,76.57295],[68.87334,76.7896],[68.48574,76.93369],[67.53496,77.00776],[66.82881,76.92383],[66.06299,76.74609],[65.86289,76.61333],[64.46348,76.37817],[63.52617,76.30952],[62.97148,76.23667],[62.47109,76.23047],[61.78711,76.29102],[61.20166,76.28203],[61.05391,76.11987],[60.2793,76.09624],[60.03613,75.98384],[58.88125,75.85479],[57.7834,75.50669],[57.60684,75.34126],[57.0875,75.38384],[56.57031,75.09775],[56.03555,75.19424],[55.81006,75.1249],[55.99805,75.00337],[56.49873,74.95708],[55.91367,74.79609],[55.58223,74.62769],[56.07832,74.4813],[55.34092,74.41963],[54.64268,73.95957],[54.38633,73.93564],[53.76289,73.76616],[54.20459,73.54204],[54.2999,73.35098],[55.00684,73.45386],[55.54922,73.35684],[56.43037,73.29722],[56.96387,73.36655],[57.13438,73.5044],[57.54258,73.6582],[57.87227,73.85044],[57.76738,74.01382],[58.44141,74.12886],[58.66504,74.28926],[58.53467,74.49893],[59.10098,74.50752],[59.24014,74.69297],[59.596,74.61372],[59.74727,74.7459],[60.22246,74.79658],[60.50137,74.90464],[60.24111,74.97075],[60.65537,75.05503],[61.35596,75.31484],[63.65947,75.66875],[64.2626,75.71968],[66.28242,75.98369],[67.12695,76.10815],[67.76533,76.2376]]],[[[55.31982,73.3083],[54.80391,73.38765],[54.09102,73.27647],[53.75322,73.29326],[53.19795,73.14756],[53.24727,72.97315],[52.81221,72.87524],[52.52852,72.73735],[52.9166,72.6689],[52.62207,72.30098],[52.25205,72.12974],[51.88545,72.15322],[51.58252,72.07119],[51.44356,71.93438],[51.43867,71.77681],[51.59043,71.57114],[51.8126,71.49131],[52.41885,71.53687],[52.90898,71.49502],[53.36387,71.54165],[53.40996,71.34014],[53.88613,71.19629],[53.85703,71.07041],[53.58779,71.0523],[53.72236,70.81445],[54.33262,70.74468],[54.60117,70.68008],[55.23691,70.66602],[55.68731,70.69219],[55.79688,70.61558],[56.14248,70.65786],[56.43457,70.56299],[56.64883,70.64653],[57.1459,70.58911],[57.62539,70.72881],[56.89482,70.927],[56.4544,71.10737],[56.04316,71.34561],[55.61367,71.68989],[55.47109,71.86924],[55.29785,71.93535],[55.51807,72.22065],[55.35596,72.46509],[55.61641,72.59907],[55.72344,72.76641],[56.08379,72.7894],[56.18897,73.03301],[56.42959,73.20117],[56.1377,73.25615],[55.31982,73.3083]]],[[[96.52656,81.07559],[95.80068,81.28047],[95.15957,81.271],[94.61162,81.11465],[93.06514,80.98848],[92.59258,80.78086],[93.2625,80.79126],[92.57793,80.53325],[91.89668,80.47754],[91.52383,80.35855],[91.6374,80.26992],[92.20156,80.1793],[93.87236,80.01011],[94.56504,80.12607],[97.1752,80.24102],[97.2502,80.36299],[97.02539,80.53555],[97.22139,80.65244],[97.85645,80.6981],[97.83184,80.79829],[96.75498,80.95786],[96.52656,81.07559]]],[[[97.67451,80.15825],[96.4166,80.10435],[94.98731,80.09683],[94.34727,79.94194],[94.25713,79.82974],[93.40469,79.63159],[93.0708,79.49531],[94.21875,79.40234],[94.65234,79.12749],[95.79648,79.00142],[96.34736,79.01587],[97.55547,78.82656],[98.41113,78.78779],[99.43955,78.83423],[99.9293,78.96143],[99.16709,79.3063],[99.68066,79.32334],[99.78164,79.62827],[100.06123,79.7771],[99.29492,80.01636],[98.59648,80.0522],[98.35313,79.88433],[97.75996,79.89585],[98.01777,80.02285],[97.67451,80.15825]]],[[[102.88477,79.25396],[102.78984,79.39214],[101.59063,79.35044],[101.19609,79.20444],[100.90137,78.98008],[100.87559,78.78359],[100.28398,78.6792],[100.01895,78.33892],[99.28711,78.03809],[99.50029,77.97607],[100.08223,77.975],[101.2041,78.19194],[102.18047,78.20532],[103.00313,78.25586],[103.71934,78.25825],[104.83262,78.35273],[105.3126,78.4999],[105.146,78.81885],[104.45205,78.88003],[103.67285,79.15],[102.95039,79.05576],[102.88477,79.25396]]],[[[140.04873,75.82895],[139.74336,75.95308],[138.81397,76.19971],[138.20762,76.11494],[137.50117,75.90967],[137.70654,75.75957],[137.26885,75.74941],[137.21523,75.5544],[137.28975,75.34863],[137.00625,75.23501],[137.21797,75.12373],[137.68301,75.00855],[138.09229,74.79746],[139.09912,74.65654],[139.32559,74.68682],[139.60586,74.94561],[140.26787,74.84692],[141.98731,74.99126],[142.2874,74.8499],[142.77822,74.86777],[143.12793,74.97031],[142.6168,75.13325],[142.15107,75.45757],[142.08623,75.66065],[142.55156,75.7209],[143.00244,75.65986],[142.73447,75.54458],[142.72949,75.33765],[143.17031,75.1169],[144.01973,75.04468],[144.40781,75.1023],[144.8835,75.26895],[144.72676,75.36558],[145.25527,75.5856],[143.68584,75.86367],[143.18516,75.81362],[142.46035,75.90361],[141.74229,76.10806],[141.48545,76.13716],[141.03262,75.98896],[140.94414,75.70049],[140.49629,75.6898],[140.38906,75.79585],[140.04873,75.82895]]],[[[146.79522,75.37075],[146.75098,75.51045],[146.43848,75.5582],[146.14854,75.19829],[146.70332,75.11421],[147.14404,74.99844],[147.62686,74.95894],[148.09238,74.82568],[149.0502,74.77246],[149.59688,74.77261],[150.33125,74.8668],[150.64629,74.94458],[150.53057,75.09985],[150.10391,75.21924],[148.475,75.27241],[148.43242,75.41353],[147.49697,75.44053],[146.79522,75.37075]]],[[[178.86152,70.82642],[179.15254,70.88027],[179.64766,70.89893],[180,70.99302],[180,71.53774],[179.54766,71.44766],[178.89111,71.2311],[178.62832,71.04736],[178.86152,70.82642]]],[[[142.76104,54.39395],[142.55166,54.27896],[142.33496,54.28071],[142.67022,53.96841],[142.64287,53.73677],[142.50918,53.5876],[142.52617,53.44746],[142.31895,53.40547],[142.14199,53.49561],[141.96445,53.4564],[141.82354,53.3395],[141.87363,53.03892],[141.80332,52.55562],[141.66084,52.27295],[141.66846,51.93335],[141.80811,51.78921],[141.72236,51.73633],[142.00596,51.52051],[142.20674,51.22256],[142.20791,50.99849],[142.10049,50.77647],[142.07109,50.51499],[142.15312,50.21675],[142.14228,49.56914],[142.02012,49.07847],[141.86631,48.7501],[141.89727,48.65469],[142.13535,48.29009],[142.18174,48.01338],[141.96406,47.58745],[142.03867,47.14028],[141.8665,46.69419],[141.83037,46.45107],[141.96162,46.01348],[142.07715,45.91704],[142.20859,46.08887],[142.40645,46.55469],[142.57803,46.70078],[142.69189,46.71084],[142.8293,46.60527],[143.28232,46.55898],[143.35215,46.47622],[143.41865,46.22202],[143.58066,46.36069],[143.54033,46.5751],[143.44727,46.79199],[143.21768,46.79487],[143.08926,47.00078],[143.00557,47.22271],[142.86397,47.3918],[142.67012,47.53691],[142.55693,47.73789],[142.57422,48.07217],[143.10498,49.19883],[143.38223,49.29067],[143.73232,49.31201],[143.96777,49.27632],[144.12549,49.20855],[144.53633,48.89356],[144.27207,49.31133],[144.19961,49.54976],[144.04795,49.89575],[143.81602,50.28262],[143.73603,50.50674],[143.53418,51.24629],[143.45547,51.47148],[143.32051,51.58325],[143.29473,51.74434],[143.15557,52.08374],[143.17227,52.34937],[143.32363,52.61357],[143.32471,52.96309],[143.22363,53.29605],[142.91797,53.79424],[142.97617,54.14097],[142.76104,54.39395]]],[[[-178.87646,71.57705],[-179.69102,71.57798],[-179.99995,71.53774],[-179.99995,70.99302],[-179.50669,70.92344],[-177.82178,71.06758],[-177.52358,71.1669],[-177.53218,71.26309],[-178.35356,71.5292],[-178.87646,71.57705]]],[[[35.81611,65.18208],[35.55859,65.0936],[35.84228,65.00147],[35.81611,65.18208]]],[[[52.90332,71.36499],[52.29658,71.35684],[52.83535,71.08584],[53.20518,71.15972],[52.90332,71.36499]]],[[[161.46709,68.90098],[161.51699,68.96958],[161.39424,69.10644],[161.35088,69.36934],[161.54033,69.43652],[161.61777,69.59243],[161.50518,69.63945],[161.11074,69.46982],[161.13652,69.11025],[161.46113,68.99561],[161.46709,68.90098]]],[[[137.95986,71.50767],[137.8168,71.58789],[137.28184,71.57993],[137.71182,71.42324],[137.95986,71.50767]]],[[[96.53242,76.27813],[95.78623,76.2939],[95.31113,76.21475],[96.10879,76.15547],[96.53242,76.27813]]],[[[96.28545,77.02666],[96.52842,77.20552],[95.4207,77.05649],[95.85469,76.97495],[96.28545,77.02666]]],[[[74.66055,72.87344],[74.72529,73.10815],[74.19854,73.10908],[74.1002,73.02153],[74.66055,72.87344]]],[[[70.0207,66.5022],[70.07666,66.6959],[69.80039,66.73648],[69.46934,66.71597],[69.65137,66.56533],[70.0207,66.5022]]],[[[51.40928,79.94424],[50.93633,80.09424],[50.09141,79.98057],[50.4541,79.92441],[51.40928,79.94424]]],[[[59.68887,79.95581],[59.54453,80.11885],[58.94609,80.04233],[59.68887,79.95581]]],[[[58.62236,81.04165],[58.04951,81.11846],[57.40518,80.91514],[57.93789,80.79336],[58.85996,80.77939],[58.62236,81.04165]]],[[[50.26523,69.1856],[50.16729,69.25708],[49.2252,69.51123],[48.95332,69.50928],[48.63135,69.43604],[48.31992,69.26924],[48.27881,69.04033],[48.43906,68.80488],[48.66699,68.73315],[49.18047,68.77842],[49.62627,68.85972],[49.9208,69.05327],[50.26523,69.1856]]],[[[63.37383,80.7001],[64.54834,80.75542],[65.4374,80.93071],[65.38203,81.05674],[64.80205,81.19727],[64.31016,81.1752],[64.0957,80.99834],[63.11582,80.9668],[62.52031,80.82188],[63.37383,80.7001]]],[[[57.95625,80.12324],[58.39795,80.31875],[59.25547,80.34321],[58.48047,80.46475],[57.075,80.49395],[57.39229,80.13916],[57.95625,80.12324]]],[[[62.16777,80.83477],[61.59746,80.89292],[60.48154,80.80425],[59.59229,80.8165],[59.3044,80.52153],[59.64981,80.43125],[60.27832,80.49443],[61.05127,80.4186],[61.68125,80.58633],[62.07578,80.61694],[62.16777,80.83477]]],[[[61.14082,80.95034],[61.45742,81.10396],[60.58662,81.0877],[60.0582,80.98462],[61.14082,80.95034]]],[[[53.52139,80.18521],[53.85166,80.26836],[53.18565,80.41265],[52.21338,80.26372],[52.85635,80.17324],[53.52139,80.18521]]],[[[57.07871,80.35093],[56.02441,80.34131],[56.20059,80.07647],[57.08018,80.09468],[57.07871,80.35093]]],[[[57.81025,81.54605],[57.0915,81.54121],[55.7167,81.18848],[56.82188,81.23794],[57.45098,81.13555],[58.01533,81.25483],[57.85869,81.36807],[58.43604,81.46416],[57.81025,81.54605]]],[[[54.71895,81.11597],[54.0666,80.81362],[55.11719,80.7519],[55.7125,80.63731],[56.81475,80.66362],[57.69414,80.79229],[56.17012,81.02915],[55.4707,81.01987],[54.71895,81.11597]]],[[[63.65098,81.60933],[63.70957,81.6873],[62.79492,81.71895],[62.88496,81.60889],[63.65098,81.60933]]],[[[58.29541,81.71519],[59.35645,81.75898],[59.26182,81.8542],[58.13457,81.82798],[58.29541,81.71519]]],[[[92.6835,79.68521],[93.60352,79.81675],[93.80313,79.90454],[92.17344,80.04546],[91.42598,80.04922],[91.12607,79.90493],[92.15371,79.68467],[92.6835,79.68521]]],[[[91.56719,81.14121],[91.47783,81.18394],[90.06992,81.21372],[89.97578,81.11314],[91.22285,81.06382],[91.56719,81.14121]]],[[[141.01025,73.99946],[141.09746,74.16782],[140.84922,74.27378],[140.40742,74.26645],[140.10156,74.18428],[140.1832,74.00459],[140.50723,73.91865],[141.01025,73.99946]]],[[[142.18486,73.8959],[141.93184,73.91494],[141.08477,73.86587],[140.59356,73.56455],[140.66279,73.452],[141.59668,73.31084],[142.34219,73.25288],[143.19326,73.22075],[143.49131,73.24644],[143.46397,73.45889],[143.34375,73.56875],[142.63916,73.80308],[142.18486,73.8959]]],[[[135.94863,75.40957],[136.16895,75.60557],[135.61387,75.76631],[135.45195,75.38955],[135.94863,75.40957]]],[[[136.19746,73.91362],[136.25918,73.98496],[135.62832,74.21992],[135.40244,74.20171],[136.05147,73.9291],[136.19746,73.91362]]],[[[137.94053,55.09263],[137.57734,55.19702],[137.43555,55.01602],[137.4627,54.87339],[137.66113,54.65327],[137.99121,54.8207],[138.17207,55.06006],[137.94053,55.09263]]],[[[169.20078,69.58047],[169.37481,69.88262],[168.35791,70.01567],[168.19629,70.0084],[167.78887,69.83687],[168.34805,69.66436],[168.91572,69.57144],[169.20078,69.58047]]],[[[163.63516,58.60337],[163.96006,58.74375],[164.27881,58.83809],[164.61572,58.8856],[164.6293,59.11221],[164.51738,59.22676],[164.20215,59.09619],[163.76094,59.01504],[163.72656,58.79854],[163.63516,58.60337]]],[[[166.65029,54.83906],[166.4043,55.00562],[166.24805,55.16543],[166.27578,55.31196],[165.93125,55.35147],[165.75107,55.29453],[165.9919,55.19048],[166.11973,55.03037],[166.32481,54.86455],[166.65029,54.83906]]],[[[154.81045,49.31201],[154.80234,49.46826],[154.8833,49.56641],[154.8249,49.64692],[154.61299,49.38062],[154.81045,49.31201]]],[[[156.40508,50.65762],[156.4875,50.84297],[156.37647,50.86211],[156.16797,50.73189],[156.40508,50.65762]]],[[[155.92109,50.3022],[156.04443,50.45176],[156.12285,50.67129],[156.09688,50.77188],[155.88477,50.68413],[155.68018,50.40073],[155.43389,50.36895],[155.21836,50.29785],[155.24307,50.09463],[155.39717,50.04126],[155.51641,50.14561],[155.79238,50.20205],[155.92109,50.3022]]],[[[149.6877,45.64204],[149.8834,45.78315],[150.19502,45.9332],[150.23457,46.01231],[150.55313,46.20855],[150.34863,46.21343],[149.9623,46.02192],[149.79629,45.87607],[149.66592,45.8398],[149.44707,45.59336],[149.6877,45.64204]]],[[[148.59951,45.31763],[148.79072,45.32398],[148.81221,45.51001],[148.61231,45.48467],[148.32422,45.28242],[148.05605,45.26211],[147.96455,45.37773],[147.76943,45.19072],[147.43047,44.94522],[147.24658,44.85606],[147.14092,44.66333],[147.31016,44.67764],[147.56309,44.83555],[147.65781,44.97715],[147.91377,44.99038],[148.26231,45.21685],[148.59951,45.31763]]],[[[146.20762,44.49766],[146.11211,44.50015],[145.94043,44.27266],[145.66631,43.99907],[145.76699,43.94072],[145.91406,44.10371],[146.11231,44.24595],[146.29619,44.28096],[146.43652,44.37568],[146.20762,44.49766]]],[[[113.38721,74.40044],[112.95176,74.47959],[112.08447,74.54898],[111.94922,74.38877],[111.64297,74.27295],[112.1958,74.14624],[112.78242,74.09507],[113.25889,74.27271],[113.38721,74.40044]]],[[[76.24893,79.65107],[76.15371,79.57876],[76.64951,79.49341],[77.36016,79.55684],[76.24893,79.65107]]],[[[80.02666,80.84815],[80.42793,80.92769],[79.21738,80.96035],[79.09854,80.81206],[80.02666,80.84815]]],[[[70.67393,73.09502],[71.62617,73.17398],[71.58955,73.28315],[71.23164,73.44775],[70.94023,73.5144],[70.35,73.47764],[69.9959,73.35938],[69.92012,73.08452],[70.38037,73.0481],[70.67393,73.09502]]],[[[77.63252,72.29126],[78.36514,72.48242],[78.2791,72.55322],[77.74854,72.6312],[77.37783,72.56528],[76.90313,72.36558],[76.90596,72.29766],[77.63252,72.29126]]],[[[79.50147,72.72192],[79.54131,72.91865],[79.16426,73.09434],[78.65684,72.89229],[78.88057,72.75161],[79.50147,72.72192]]],[[[82.17236,75.41939],[81.91279,75.49771],[81.50059,75.36792],[81.65479,75.28892],[82.22158,75.35054],[82.17236,75.41939]]],[[[60.45049,69.93486],[59.63633,70.19702],[59.00527,70.46519],[58.79424,70.43296],[58.47305,70.26685],[58.68008,70.05103],[58.95273,69.89277],[59.14424,69.92192],[59.50264,69.86621],[59.57822,69.73862],[60.21592,69.6877],[60.44023,69.72593],[60.45049,69.93486]]],[[[20.95781,55.27891],[20.89981,55.28667],[20.52031,54.99487],[20.39668,54.95127],[19.97451,54.92119],[19.94414,54.75],[19.7585,54.54482],[19.6044,54.45918],[20.2082,54.42075],[22.16846,54.35986],[22.76621,54.35679],[22.67988,54.49302],[22.83125,54.83848],[22.56729,55.05913],[22.07236,55.06367],[21.55469,55.19531],[21.38926,55.27554],[21.23574,55.26411],[21.18887,54.93521],[20.8875,54.90947],[20.59482,54.98237],[20.95781,55.27891]]],[[[33.59414,46.09624],[33.66484,45.94707],[33.28008,45.76523],[33.14229,45.74922],[32.50801,45.40381],[32.61133,45.32808],[32.91865,45.34815],[33.18691,45.19478],[33.39248,45.18784],[33.55518,45.09766],[33.61221,44.90781],[33.45068,44.55366],[33.65586,44.4332],[33.90996,44.3876],[34.07441,44.42383],[34.28174,44.53843],[34.46992,44.72168],[34.7169,44.80713],[35.08769,44.80264],[35.15478,44.89634],[35.35781,44.97842],[35.47256,45.09849],[35.67754,45.102],[35.87012,45.00532],[36.22988,45.02598],[36.39336,45.06538],[36.45078,45.23232],[36.575,45.39356],[36.17051,45.45308],[36.01289,45.37168],[35.8335,45.40161],[35.55801,45.31089],[35.37393,45.35361],[35.00167,45.73338],[34.79973,45.79075],[34.79408,45.89232],[34.68688,45.97695],[34.4499,45.96567],[34.35398,46.06159],[34.02672,46.10673],[33.80667,46.20829],[33.65997,46.21957],[33.59414,46.09624]]]]},"properties":{"ADMIN":"Russia","NAME_EN":"Russia","ISO_A2_EH":"RU","ISO_A2":"RU","LABEL_X":44.686469,"LABEL_Y":58.249357,"MIN_LABEL":1.7,"LABELRANK":2,"TINY":-99,"TYPE":"Sovereign country"}},
{"type":"Feature","geometry":{"type":"Polygon","coordinates":[[[28.2125,45.45044],[28.07471,45.59898],[28.15977,45.64712],[28.09971,45.97261],[28.11914,46.13867],[28.24434,46.45127],[28.23945,46.64082],[28.07178,46.97842],[27.85381,47.1145],[27.61406,47.34053],[27.44922,47.55313],[27.33691,47.63975],[27.15205,47.95928],[26.98076,48.15503],[26.78731,48.25581],[26.61895,48.25986],[26.30566,48.20376],[26.1627,47.99253],[25.46426,47.91079],[25.16963,47.8231],[25.07383,47.7457],[24.89336,47.71777],[24.57891,47.93106],[24.17773,47.90606],[23.62871,47.99585],[23.4082,47.98999],[23.20264,48.08452],[22.87666,47.94727],[22.67676,47.79902],[22.29063,47.72783],[21.99971,47.50503],[21.99531,47.3957],[21.86934,47.30459],[21.78545,47.13814],[21.49443,46.78975],[21.49707,46.7043],[21.32022,46.60781],[21.15195,46.30435],[21.03984,46.24224],[20.83701,46.25972],[20.61367,46.1335],[20.50811,46.16694],[20.2418,46.10859],[20.35859,45.97549],[20.775,45.74981],[20.77422,45.48442],[20.9418,45.36533],[21.22647,45.24131],[21.43145,45.19253],[21.4918,45.12227],[21.35703,44.99077],[21.38438,44.87007],[21.63613,44.71045],[21.90928,44.66611],[22.09307,44.54194],[22.20098,44.56069],[22.35068,44.67612],[22.49766,44.70625],[22.7209,44.60552],[22.554,44.54033],[22.49453,44.43545],[22.70508,44.23779],[23.02852,44.07798],[22.86826,43.9479],[22.91904,43.83447],[23.22461,43.87388],[23.53457,43.85356],[23.95078,43.78667],[24.22676,43.76348],[24.43057,43.79439],[25.15967,43.68633],[25.49707,43.6708],[25.81885,43.76685],[25.9334,43.87056],[26.21582,44.00728],[26.48926,44.08398],[27.08691,44.16738],[27.42539,44.02051],[27.88428,43.98735],[28.05,43.82241],[28.42344,43.74048],[28.58535,43.74224],[28.65859,43.98384],[28.64541,44.29565],[28.85176,44.5061],[28.80703,44.56504],[28.92617,44.81001],[28.8915,44.91865],[29.04775,44.92568],[29.04824,44.75757],[29.55752,44.84341],[29.63535,44.97964],[29.70586,45.25991],[29.56768,45.3708],[29.40371,45.41968],[29.22354,45.40293],[28.76074,45.23413],[28.45127,45.29219],[28.2125,45.45044]]]},"properties":{"ADMIN":"Romania","NAME_EN":"Romania","ISO_A2_EH":"RO","ISO_A2":"RO","LABEL_X":24.972624,"LABEL_Y":45.733237,"MIN_LABEL":3,"LABELRANK":3,"TINY":-99,"TYPE":"Sovereign country"}},
{"type":"Feature","geometry":{"type":"Polygon","coordinates":[[[51.26797,24.60723],[51.42793,24.66826],[51.58691,24.96484],[51.60195,25.14795],[51.48535,25.52471],[51.57227,25.78101],[51.54307,25.90239],[51.38906,26.01113],[51.26231,26.15327],[51.10811,26.08057],[51.00313,25.98145],[50.86865,25.6127],[50.76289,25.44473],[50.77734,25.17744],[50.84678,24.88857],[50.8044,24.78926],[50.96602,24.57393],[51.09336,24.56465],[51.26797,24.60723]]]},"properties":{"ADMIN":"Qatar","NAME_EN":"Qatar","ISO_A2_EH":"QA","ISO_A2":"QA","LABEL_X":51.143509,"LABEL_Y":25.237383,"MIN_LABEL":4,"LABELRANK":5,"TINY":-99,"TYPE":"Sovereign country"}},
{"type":"Feature","geometry":{"type":"MultiPolygon","coordinates":[[[[-17.19087,32.8686],[-17.17119,32.72187],[-17.01826,32.66279],[-16.8374,32.64829],[-16.69326,32.75801],[-16.9292,32.84141],[-17.05449,32.81587],[-17.19087,32.8686]]],[[[-8.77715,41.94106],[-8.8876,41.7646],[-8.81084,41.65195],[-8.73838,41.28467],[-8.65557,41.02949],[-8.68462,40.75254],[-8.77241,40.60566],[-8.88662,40.17944],[-8.83784,40.11567],[-9.14829,39.54258],[-9.37476,39.33828],[-9.35283,39.24815],[-9.41435,39.11211],[-9.47412,38.73086],[-9.25039,38.65674],[-9.21328,38.4481],[-8.91479,38.51211],[-8.81094,38.29976],[-8.80225,38.18384],[-8.87895,37.95869],[-8.79185,37.73281],[-8.81416,37.43081],[-8.9978,37.03228],[-8.59766,37.12134],[-8.13677,37.07705],[-7.83413,37.00571],[-7.4936,37.16831],[-7.40615,37.17944],[-7.50352,37.5855],[-7.44394,37.72827],[-7.18545,38.00635],[-7.02285,38.04473],[-6.9748,38.19443],[-7.1064,38.18101],[-7.34302,38.45742],[-7.28154,38.71455],[-7.04604,38.90703],[-6.99795,39.05644],[-7.17241,39.13521],[-7.30576,39.33814],[-7.33545,39.46514],[-7.44512,39.53618],[-7.4541,39.68066],[-7.11768,39.68169],[-7.03672,39.71397],[-6.89609,40.02183],[-7.02783,40.14263],[-7.0147,40.20835],[-6.81016,40.34311],[-6.84795,40.41099],[-6.81836,40.65405],[-6.85771,40.87832],[-6.92847,41.00913],[-6.69014,41.2145],[-6.40312,41.37539],[-6.2125,41.53203],[-6.3917,41.66538],[-6.54219,41.67251],[-6.55752,41.87412],[-6.61826,41.94238],[-7.03047,41.95064],[-7.40361,41.83369],[-7.69307,41.88848],[-7.92085,41.88364],[-8.15249,41.81196],[-8.22476,41.89585],[-8.12998,42.01816],[-8.21309,42.13369],[-8.53809,42.06934],[-8.77715,41.94106]]],[[[-27.07524,38.64346],[-27.04194,38.74121],[-27.25967,38.80269],[-27.38594,38.76582],[-27.30283,38.66104],[-27.07524,38.64346]]],[[[-28.14727,38.45269],[-28.40215,38.55337],[-28.45449,38.40864],[-28.23115,38.38467],[-28.14727,38.45269]]],[[[-25.64897,37.84092],[-25.78374,37.91113],[-25.83369,37.82607],[-25.73447,37.76289],[-25.43901,37.71533],[-25.25112,37.73501],[-25.2666,37.84863],[-25.64897,37.84092]]]]},"properties":{"ADMIN":"Portugal","NAME_EN":"Portugal","ISO_A2_EH":"PT","ISO_A2":"PT","LABEL_X":-8.271754,"LABEL_Y":39.606675,"MIN_LABEL":3,"LABELRANK":2,"TINY":-99,"TYPE":"Sovereign country"}},
{"type":"Feature","geometry":{"type":"Polygon","coordinates":[[[23.60527,51.51792],[23.54482,51.71025],[23.62568,51.80933],[23.65244,52.04038],[23.4584,52.16953],[23.19697,52.25693],[23.2041,52.33789],[23.47959,52.55156],[23.84473,52.66421],[23.91543,52.77026],[23.88711,53.02754],[23.78926,53.27095],[23.59893,53.59922],[23.48467,53.9398],[23.45361,54.14346],[23.01553,54.34834],[22.76621,54.35679],[22.16846,54.35986],[20.2082,54.42075],[19.6044,54.45918],[19.40713,54.38608],[18.97627,54.34893],[18.66963,54.43091],[18.43623,54.74473],[18.32344,54.83818],[17.84297,54.8167],[17.26191,54.72954],[16.88545,54.59639],[16.55977,54.55381],[16.18633,54.29038],[15.9,54.25396],[14.71572,54.01831],[14.38418,53.92471],[14.21143,53.95034],[14.21367,53.87075],[14.5584,53.82319],[14.4876,53.67188],[14.25889,53.72964],[14.41455,53.2835],[14.36856,53.10557],[14.12861,52.87822],[14.51406,52.64561],[14.61943,52.52852],[14.55459,52.35967],[14.70537,52.20747],[14.75254,52.08184],[14.60166,51.83237],[14.73867,51.62715],[14.72471,51.52388],[14.90596,51.46333],[15.0166,51.25273],[14.96387,51.09512],[14.80938,50.85898],[14.98291,50.88657],[14.99375,51.01436],[15.25859,50.95855],[15.3544,50.81177],[15.73057,50.7397],[16.00723,50.61162],[16.28223,50.65562],[16.41973,50.57363],[16.21035,50.42373],[16.6791,50.09746],[16.99336,50.25972],[16.86914,50.4145],[17.15195,50.37832],[17.41523,50.25479],[17.72012,50.29863],[17.58936,50.15747],[17.8748,49.97227],[18.02832,50.03525],[18.30527,49.91406],[18.5624,49.87935],[18.59463,49.75781],[18.80693,49.61372],[18.83223,49.51079],[18.96836,49.39624],[19.14941,49.4],[19.2502,49.51143],[19.4416,49.59771],[19.66416,49.39605],[19.77393,49.37217],[19.80225,49.19233],[20.05762,49.1813],[20.16367,49.31641],[20.36299,49.38525],[20.61611,49.3917],[20.94727,49.31709],[21.0794,49.41826],[21.63965,49.41196],[21.89014,49.34346],[22.02012,49.20952],[22.53867,49.07271],[22.80977,49.02075],[22.70566,49.17119],[22.73242,49.29517],[22.64941,49.53901],[23.03633,49.89907],[23.71172,50.37734],[23.97266,50.41006],[24.09473,50.61704],[23.97842,50.7856],[24.10576,50.84497],[23.93809,50.99253],[23.86348,51.12622],[23.66445,51.31006],[23.60527,51.51792]]]},"properties":{"ADMIN":"Poland","NAME_EN":"Poland","ISO_A2_EH":"PL","ISO_A2":"PL","LABEL_X":19.490468,"LABEL_Y":51.990316,"MIN_LABEL":2.5,"LABELRANK":3,"TINY":-99,"TYPE":"Sovereign country"}},
{"type":"Feature","geometry":{"type":"MultiPolygon","coordinates":[[[[121.10156,18.61528],[120.81377,18.60342],[120.59971,18.50786],[120.58447,18.36875],[120.50508,18.16265],[120.3584,17.63818],[120.42451,17.43833],[120.40889,16.95562],[120.32119,16.76187],[120.30527,16.52925],[120.38926,16.22163],[120.33701,16.06646],[120.15977,16.04766],[120.0334,16.18457],[119.83076,16.32656],[119.77256,16.25513],[119.76895,16.00845],[119.8916,15.8377],[119.93281,15.43091],[120.03662,15.11455],[120.08213,14.85107],[120.25078,14.79331],[120.43877,14.45337],[120.58867,14.48311],[120.54678,14.76611],[120.58369,14.88125],[120.70791,14.77661],[120.88809,14.71577],[120.94131,14.64507],[120.92207,14.49312],[120.68828,14.29121],[120.6168,14.18804],[120.63711,13.80449],[120.7291,13.90054],[120.84072,13.88472],[120.93232,13.76187],[121.00615,13.75811],[121.20352,13.64028],[121.34414,13.64912],[121.44629,13.71187],[121.50107,13.84219],[121.64346,13.91597],[121.77793,13.93765],[122.07275,13.78838],[122.20527,13.64824],[122.40693,13.49277],[122.49795,13.36353],[122.51523,13.26001],[122.5999,13.19414],[122.6751,13.25317],[122.66787,13.39536],[122.59619,13.56201],[122.50801,13.65684],[122.46797,13.88672],[122.59522,13.90762],[122.78135,13.73706],[122.89619,13.59194],[123.16328,13.44175],[123.29551,13.21558],[123.31094,13.04409],[123.40234,13.03311],[123.62676,12.91177],[123.73604,12.89692],[123.91797,12.93994],[123.87783,12.6897],[123.96172,12.59497],[124.05977,12.56709],[124.13731,12.79116],[124.14277,13.03579],[123.95518,13.09971],[123.78516,13.11055],[123.81924,13.26948],[123.60811,13.52808],[123.54961,13.64575],[123.60713,13.70444],[123.80625,13.72173],[123.85762,13.79961],[123.72598,13.88433],[123.43232,13.96626],[123.32031,14.06167],[123.29697,13.83643],[123.23145,13.74736],[123.05996,13.78877],[123.071,13.95996],[123.01455,14.07983],[122.85606,14.25078],[122.62715,14.31753],[122.49082,14.32236],[122.19971,14.14805],[122.27441,14.04473],[122.21172,13.93018],[122.07959,13.94712],[121.91172,14.02041],[121.80049,14.11387],[121.64854,14.48149],[121.62656,14.68174],[121.69541,14.73731],[121.54395,14.99917],[121.39229,15.32441],[121.60703,15.66982],[121.56094,15.82676],[121.59531,15.93325],[121.78867,16.07744],[121.97471,16.15791],[122.13516,16.18481],[122.22588,16.43521],[122.42578,16.82266],[122.51914,17.12485],[122.40752,17.17813],[122.36231,17.34487],[122.23682,17.43486],[122.1752,17.57568],[122.15098,17.75649],[122.17949,18.06426],[122.29385,18.23428],[122.29981,18.40278],[122.14668,18.48657],[122.03848,18.32793],[121.84561,18.29541],[121.59297,18.37647],[121.25449,18.56343],[121.10156,18.61528]]],[[[117.31113,8.4396],[117.5166,8.53833],[117.57217,8.64199],[117.67988,8.67783],[117.98955,8.8771],[118.13408,9.10137],[118.43496,9.25601],[118.56963,9.42275],[118.77383,9.7668],[118.78213,9.91611],[118.94863,9.99346],[119.1915,10.06108],[119.28477,10.25171],[119.42246,10.3544],[119.59522,10.40742],[119.68438,10.55171],[119.52666,10.95317],[119.56025,11.2668],[119.46533,11.2938],[119.26113,10.84517],[119.3127,10.68711],[119.28701,10.57402],[119.14307,10.40928],[119.02383,10.35356],[118.84512,10.1313],[118.72754,10.03501],[118.5334,9.79365],[118.11484,9.34668],[118.02383,9.26977],[117.88477,9.24067],[117.59326,8.96831],[117.3499,8.71357],[117.25586,8.54097],[117.31113,8.4396]]],[[[122.49619,11.61509],[122.29072,11.77202],[121.96367,11.89736],[121.89121,11.79087],[122.06699,11.72373],[122.10352,11.64292],[122.05967,11.32568],[122.05088,11.09736],[121.96436,10.87168],[121.98008,10.63857],[121.93379,10.49365],[121.98838,10.4583],[122.19766,10.6229],[122.52207,10.6919],[122.67315,10.80093],[122.76992,10.82383],[122.80293,10.99004],[123.0165,11.1165],[123.14414,11.36357],[123.1583,11.53555],[122.93125,11.5293],[122.72627,11.60791],[122.6127,11.56416],[122.49619,11.61509]]],[[[123.13086,9.06411],[123.22871,9.12139],[123.32051,9.27295],[123.3084,9.35698],[123.14981,9.60615],[123.16201,9.86426],[123.29609,10.12451],[123.34356,10.32539],[123.49287,10.58232],[123.56758,10.78076],[123.51065,10.92305],[123.25664,10.99395],[122.9833,10.88662],[122.9584,10.69834],[122.81699,10.50381],[122.8665,10.28403],[122.85557,10.08691],[122.71299,9.99014],[122.47148,9.96152],[122.39951,9.82305],[122.41094,9.6939],[122.5625,9.48281],[122.8666,9.31982],[122.99473,9.05884],[123.13086,9.06411]]],[[[124.57461,11.34307],[124.54824,11.39502],[124.33066,11.53521],[124.44551,10.92358],[124.6627,10.96196],[124.78672,10.7814],[124.79863,10.68223],[124.7377,10.43975],[124.78955,10.32754],[124.78076,10.16807],[125.02656,10.03311],[124.9875,10.36758],[125.10537,10.21831],[125.25332,10.26382],[125.1877,10.58486],[125.01318,10.78569],[125.03975,10.9519],[125.02656,11.21172],[124.92998,11.37285],[124.82109,11.40142],[124.72432,11.32207],[124.57461,11.34307]]],[[[125.23955,12.52788],[125.1502,12.57256],[124.84014,12.53457],[124.56582,12.52622],[124.29473,12.56934],[124.38486,12.24399],[124.5291,12.0792],[124.67676,12.0209],[124.88428,11.77549],[124.99502,11.76494],[124.91699,11.5584],[125.03428,11.34126],[125.15586,11.26704],[125.2334,11.14507],[125.43184,11.1126],[125.62813,11.13203],[125.60898,11.32305],[125.50576,11.54424],[125.45654,11.95254],[125.53565,12.19141],[125.32022,12.32183],[125.31035,12.44629],[125.23955,12.52788]]],[[[120.7044,13.47949],[120.40127,13.51704],[120.5083,13.26006],[120.65137,13.16914],[120.76367,12.96982],[120.796,12.748],[120.89941,12.64585],[120.92217,12.51162],[121.10762,12.30361],[121.23672,12.2188],[121.39434,12.30059],[121.41231,12.42305],[121.54063,12.63818],[121.47969,12.83711],[121.52275,13.1312],[121.35684,13.26548],[121.20273,13.43232],[121.12246,13.38125],[120.91533,13.50107],[120.7044,13.47949]]],[[[126.00596,9.32095],[125.87666,9.51314],[125.64248,9.65449],[125.5209,9.75913],[125.41397,9.66919],[125.5334,9.14092],[125.49873,9.01475],[125.37559,8.9918],[125.20967,9.02715],[125.14102,8.86875],[124.86895,8.97227],[124.78682,8.87412],[124.73115,8.56299],[124.62178,8.52266],[124.45127,8.60635],[124.3252,8.50845],[124.22578,8.27139],[124.15938,8.20147],[123.99688,8.15898],[123.87744,8.18882],[123.84922,8.43272],[123.7834,8.54771],[123.68008,8.6206],[123.43457,8.70332],[123.34121,8.57041],[123.14717,8.51602],[123.01758,8.39834],[122.99629,8.22051],[122.91113,8.15645],[122.67295,8.13311],[122.33711,8.02842],[122.13184,7.8105],[122.04717,7.36357],[121.92461,7.19951],[121.9042,7.0752],[121.96426,6.96821],[122.09815,6.91372],[122.17617,7.0042],[122.31973,7.34023],[122.49795,7.67275],[122.61621,7.76314],[122.7918,7.72246],[122.84297,7.5293],[122.98955,7.54629],[123.09668,7.70044],[123.17822,7.52944],[123.39092,7.40752],[123.47637,7.66538],[123.49307,7.80791],[123.66582,7.81777],[123.76475,7.74263],[123.96846,7.66465],[124.20664,7.39644],[124.19072,7.26733],[124.04512,7.11411],[123.98525,6.9937],[123.98789,6.86299],[124.04815,6.66655],[124.07813,6.40444],[124.21279,6.23325],[124.63633,5.99819],[124.92734,5.87534],[125.03535,5.87065],[125.17402,6.04697],[125.26846,6.03315],[125.2332,5.8083],[125.28789,5.63228],[125.45586,5.66426],[125.66797,5.97866],[125.6707,6.225],[125.58848,6.46577],[125.38066,6.68994],[125.40098,6.79575],[125.54219,7.0166],[125.64072,7.10508],[125.68926,7.26304],[125.82441,7.3333],[125.90117,7.11699],[126.08008,6.73335],[126.10977,6.48965],[126.18936,6.30967],[126.24023,6.73389],[126.19209,6.85254],[126.29404,6.88232],[126.43906,7.01235],[126.58154,7.24775],[126.59336,7.54678],[126.57012,7.67725],[126.43535,7.83281],[126.45869,8.20283],[126.37979,8.32676],[126.36533,8.48389],[126.17305,8.56006],[126.1416,8.6273],[126.31953,8.84473],[126.30459,8.95205],[126.19199,9.1249],[126.19336,9.27671],[126.0876,9.26074],[126.00596,9.32095]]],[[[123.37031,9.44961],[123.49356,9.58931],[123.63398,9.92173],[123.64336,10.02022],[123.78867,10.2208],[123.95215,10.3166],[124.05127,10.5856],[124.02754,10.76787],[124.05332,10.92578],[123.92988,10.96382],[123.83154,10.73101],[123.72647,10.56221],[123.71143,10.47368],[123.51436,10.14033],[123.38623,9.96709],[123.40371,9.88926],[123.31602,9.48897],[123.37031,9.44961]]],[[[121.15938,6.07564],[121.0377,6.096],[120.89824,6.00693],[120.93066,5.89619],[121.08301,5.89302],[121.21816,5.94273],[121.29443,5.86997],[121.3915,6.0021],[121.21387,6.00352],[121.15938,6.07564]]],[[[117.07988,7.8834],[117.07705,8.06914],[116.99356,8.05054],[116.96953,7.89492],[117.07988,7.8834]]],[[[119.91621,10.48599],[120.0084,10.57012],[119.85205,10.64014],[119.76445,10.55161],[119.79316,10.45527],[119.91621,10.48599]]],[[[120.1,12.16768],[119.89668,12.31343],[119.86592,12.19902],[120.01055,12.00825],[120.31455,12.0124],[120.34141,12.07744],[120.19375,12.16704],[120.1,12.16768]]],[[[120.03877,11.70332],[120.07315,11.7835],[120.03594,11.91724],[119.86094,11.95396],[119.96387,11.66939],[120.03877,11.70332]]],[[[122.64951,10.47271],[122.73721,10.65459],[122.67256,10.73882],[122.5375,10.60757],[122.53838,10.42495],[122.64951,10.47271]]],[[[124.59385,9.78721],[124.55508,9.8792],[124.57715,10.02671],[124.33574,10.15991],[124.17285,10.1352],[124.05977,10.0002],[123.90889,9.91963],[123.81719,9.81738],[123.93565,9.62398],[124.12246,9.59932],[124.35986,9.63022],[124.47754,9.7479],[124.59385,9.78721]]],[[[120.25039,5.25659],[120.20801,5.34009],[119.82734,5.13315],[119.95811,5.07954],[120.01328,5.15112],[120.1916,5.16831],[120.25039,5.25659]]],[[[122.09287,6.42832],[122.20098,6.48291],[122.28809,6.63892],[122.0583,6.74072],[121.80869,6.61372],[121.95918,6.41582],[122.09287,6.42832]]],[[[126.05938,9.76621],[126.12949,9.94356],[126.07383,10.05923],[125.99121,9.83853],[126.05938,9.76621]]],[[[125.69023,9.91445],[125.70332,10.07178],[125.64668,10.24541],[125.68457,10.39204],[125.52461,10.30972],[125.49482,10.1187],[125.69023,9.91445]]],[[[121.91484,13.54033],[121.81504,13.42446],[121.8292,13.32861],[122.00488,13.20498],[122.12236,13.36514],[122.11455,13.46318],[121.9957,13.54678],[121.91484,13.54033]]],[[[122.09404,12.35488],[122.13164,12.53755],[122.00156,12.59854],[121.98945,12.4353],[121.92324,12.3313],[121.98193,12.24531],[122.09404,12.35488]]],[[[122.65449,12.30903],[122.67363,12.42427],[122.60361,12.4916],[122.42295,12.45508],[122.60332,12.2856],[122.65449,12.30903]]],[[[123.77539,12.45391],[123.70869,12.61079],[123.58721,12.6333],[123.7415,12.39854],[123.77539,12.45391]]],[[[123.7166,12.28735],[123.46299,12.50122],[123.23643,12.5835],[123.26719,12.39546],[123.21055,12.10659],[123.29268,12.03638],[123.41885,12.19424],[123.53106,12.19663],[123.61201,12.09023],[123.98272,11.8189],[124.04033,11.9668],[123.9083,12.16909],[123.7166,12.28735]]],[[[124.35361,13.63223],[124.404,13.67944],[124.41719,13.87105],[124.3083,13.94697],[124.2249,14.07759],[124.12285,13.97969],[124.12373,13.79048],[124.03887,13.66314],[124.17539,13.53154],[124.35361,13.63223]]],[[[122.0335,15.00503],[121.83984,15.03814],[121.82031,14.96357],[121.92305,14.8],[122.0335,15.00503]]],[[[125.78457,6.96274],[125.7834,7.13066],[125.68301,7.07319],[125.78457,6.96274]]],[[[124.6084,11.49219],[124.62227,11.54956],[124.51094,11.68711],[124.36035,11.66592],[124.4835,11.48584],[124.6084,11.49219]]],[[[123.69766,9.2373],[123.65488,9.27876],[123.49346,9.19209],[123.61445,9.10332],[123.70625,9.13355],[123.69766,9.2373]]]]},"properties":{"ADMIN":"Philippines","NAME_EN":"Philippines","ISO_A2_EH":"PH","ISO_A2":"PH","LABEL_X":122.465,"LABEL_Y":11.198,"MIN_LABEL":2.5,"LABELRANK":2,"TINY":-99,"TYPE":"Sovereign country"}},
{"type":"Feature","geometry":{"type":"Polygon","coordinates":[[[-69.96592,-4.23594],[-70.16753,-4.0502],[-70.24028,-3.88271],[-70.3395,-3.81435],[-70.52969,-3.86641],[-70.73511,-3.78154],[-70.07402,-2.75019],[-70.09585,-2.6582],[-70.57588,-2.41826],[-70.91455,-2.21855],[-71.11338,-2.24541],[-71.19639,-2.31309],[-71.39697,-2.33408],[-71.55947,-2.22422],[-71.75254,-2.15273],[-71.98428,-2.32656],[-72.13682,-2.38066],[-72.3956,-2.42891],[-72.62534,-2.35166],[-72.88716,-2.4085],[-73.15449,-2.27822],[-73.12651,-2.08105],[-73.19697,-1.83027],[-73.34951,-1.78389],[-73.49629,-1.69307],[-73.49434,-1.53662],[-73.66431,-1.24883],[-73.86318,-1.19668],[-74.05439,-1.02861],[-74.24639,-0.9706],[-74.33442,-0.85088],[-74.41787,-0.58066],[-74.61636,-0.37002],[-74.75537,-0.29863],[-74.80176,-0.2001],[-74.94531,-0.18818],[-75.13838,-0.05049],[-75.28447,-0.10654],[-75.47598,-0.15713],[-75.49106,-0.24834],[-75.42471,-0.40889],[-75.26323,-0.55537],[-75.28359,-0.70713],[-75.24961,-0.95185],[-75.42041,-0.96221],[-75.57056,-1.53125],[-76.08979,-2.1331],[-76.6791,-2.5626],[-77.36006,-2.80967],[-77.8606,-2.98164],[-77.93848,-3.04697],[-78.1833,-3.35019],[-78.22632,-3.48916],[-78.34727,-3.43125],[-78.41977,-3.77685],[-78.55044,-3.98691],[-78.67939,-4.32588],[-78.65293,-4.4582],[-78.68603,-4.5624],[-78.86152,-4.66504],[-78.97539,-4.87324],[-79.07627,-4.99062],[-79.33096,-4.92783],[-79.5019,-4.6706],[-79.51616,-4.53916],[-79.63852,-4.45488],[-79.79727,-4.47637],[-80.13955,-4.29609],[-80.3835,-4.46367],[-80.48848,-4.39365],[-80.35288,-4.2085],[-80.45376,-4.20518],[-80.51001,-4.06953],[-80.43721,-3.97861],[-80.30327,-4.00508],[-80.17925,-3.87773],[-80.27353,-3.42461],[-80.32466,-3.38789],[-80.50366,-3.49609],[-80.65273,-3.63818],[-80.79858,-3.73105],[-80.89194,-3.88164],[-81.23203,-4.23428],[-81.2832,-4.32227],[-81.33662,-4.66953],[-81.1085,-5.02783],[-81.16768,-5.16709],[-80.94312,-5.47539],[-80.88193,-5.63506],[-80.88271,-5.75898],[-80.99165,-5.86094],[-81.09185,-5.8124],[-81.18052,-5.94238],[-81.14204,-6.05674],[-80.81162,-6.28223],[-80.11025,-6.64961],[-79.99497,-6.76894],[-79.76196,-7.0665],[-79.61772,-7.2956],[-79.58887,-7.41894],[-79.37725,-7.83555],[-79.01226,-8.21016],[-78.92539,-8.40459],[-78.76226,-8.61699],[-78.75459,-8.74043],[-78.58013,-9.15664],[-78.44565,-9.3706],[-78.35649,-9.65205],[-78.27559,-9.81035],[-78.1856,-10.08906],[-78.09546,-10.26064],[-77.73608,-10.83672],[-77.66431,-11.02207],[-77.6332,-11.28779],[-77.30991,-11.53242],[-77.22031,-11.66338],[-77.15762,-11.92344],[-77.15273,-12.06035],[-77.0627,-12.10684],[-76.99409,-12.21924],[-76.83213,-12.34873],[-76.75801,-12.52715],[-76.55522,-12.82344],[-76.42734,-13.10996],[-76.22363,-13.37119],[-76.18394,-13.51523],[-76.25923,-13.80283],[-76.37646,-13.86309],[-76.29702,-13.94844],[-76.28901,-14.1331],[-76.17515,-14.22666],[-76.13647,-14.32031],[-75.93389,-14.63359],[-75.73769,-14.78496],[-75.53364,-14.89922],[-75.39658,-15.09355],[-75.27456,-15.17812],[-75.10425,-15.41191],[-74.55488,-15.69902],[-74.3729,-15.83398],[-74.14707,-15.9125],[-73.82495,-16.15283],[-73.40005,-16.3043],[-73.26377,-16.38857],[-72.95771,-16.5209],[-72.79394,-16.61455],[-72.46768,-16.7081],[-72.3625,-16.775],[-72.11128,-17.00254],[-71.86836,-17.15107],[-71.53223,-17.29434],[-71.39941,-17.42197],[-71.33696,-17.68252],[-70.9417,-17.93203],[-70.81748,-18.05254],[-70.41826,-18.3456],[-70.18379,-18.32519],[-69.92637,-18.20605],[-69.8397,-18.09346],[-69.80244,-17.9],[-69.8521,-17.70381],[-69.68477,-17.6498],[-69.51094,-17.50605],[-69.52192,-17.38896],[-69.62588,-17.29443],[-69.62485,-17.20019],[-69.43833,-17.08838],[-69.1998,-16.76846],[-69.0207,-16.64219],[-69.00625,-16.43369],[-68.85781,-16.35478],[-68.91348,-16.26191],[-69.13418,-16.22197],[-69.21758,-16.14912],[-69.3919,-15.73691],[-69.41851,-15.60342],[-69.3019,-15.39941],[-69.17246,-15.23662],[-69.37471,-14.96299],[-69.35947,-14.79531],[-69.27602,-14.7459],[-69.23491,-14.59707],[-69.01314,-14.37725],[-69.00449,-14.26504],[-68.88032,-14.19883],[-68.8917,-14.09434],[-68.97427,-13.97598],[-69.07412,-13.68281],[-68.98345,-13.49639],[-68.97861,-12.88008],[-68.75908,-12.68721],[-68.68525,-12.50195],[-69.04619,-11.87568],[-69.57861,-10.95176],[-69.96035,-10.92988],[-70.22007,-11.04766],[-70.39228,-11.05859],[-70.53325,-10.94687],[-70.64233,-11.01025],[-70.63691,-9.82373],[-70.56724,-9.70459],[-70.63691,-9.47822],[-70.88452,-9.66904],[-70.97075,-9.76572],[-71.23794,-9.96602],[-71.60801,-10.00605],[-72.18159,-10.00371],[-72.17285,-9.84404],[-72.25996,-9.77432],[-72.31807,-9.55664],[-72.37905,-9.51016],[-72.81426,-9.41035],[-73.20942,-9.41143],[-72.97036,-9.12012],[-72.97402,-8.99316],[-73.20312,-8.71934],[-73.30244,-8.654],[-73.3604,-8.4793],[-73.54912,-8.3458],[-73.61011,-8.14541],[-73.77559,-7.93643],[-73.72041,-7.78252],[-73.82207,-7.73896],[-74.00205,-7.55605],[-73.96431,-7.37891],[-73.74946,-7.33535],[-73.72334,-7.26279],[-73.80464,-7.07988],[-73.7581,-6.90576],[-73.4999,-6.67949],[-73.32549,-6.57471],[-73.24033,-6.56406],[-73.13735,-6.46582],[-73.13535,-6.34434],[-73.23555,-6.09844],[-73.16289,-5.9334],[-72.97988,-5.63486],[-72.88706,-5.12275],[-72.69873,-5.06719],[-72.46899,-4.90127],[-72.35283,-4.78603],[-72.25679,-4.74893],[-71.84473,-4.50439],[-71.52134,-4.46973],[-70.97368,-4.35049],[-70.79951,-4.17334],[-70.40464,-4.1501],[-70.23916,-4.30117],[-70.05332,-4.3331],[-69.96592,-4.23594]]]},"properties":{"ADMIN":"Peru","NAME_EN":"Peru","ISO_A2_EH":"PE","ISO_A2":"PE","LABEL_X":-72.90016,"LABEL_Y":-12.976679,"MIN_LABEL":2,"LABELRANK":2,"TINY":-99,"TYPE":"Sovereign country"}},
{"type":"Feature","geometry":{"type":"Polygon","coordinates":[[[-58.15977,-20.16465],[-58.13994,-19.99883],[-58.18018,-19.81787],[-59.09053,-19.28623],[-60.00737,-19.29756],[-60.88877,-19.47852],[-61.51182,-19.60644],[-61.75684,-19.64531],[-61.91694,-20.05537],[-62.27632,-20.5625],[-62.27666,-21.06602],[-62.65098,-22.23369],[-62.62598,-22.29043],[-62.37251,-22.43916],[-62.21416,-22.6124],[-62.0666,-22.86943],[-61.92803,-23.05928],[-61.79853,-23.18203],[-61.571,-23.31943],[-61.50552,-23.39199],[-61.2084,-23.55703],[-61.08472,-23.65644],[-61.03291,-23.75566],[-60.83984,-23.8581],[-60.50537,-23.96357],[-60.26221,-24.01396],[-60.1103,-24.00918],[-59.89248,-24.09355],[-59.60859,-24.2668],[-59.37295,-24.45391],[-59.18726,-24.5623],[-58.72402,-24.78662],[-58.51963,-24.84287],[-58.36538,-24.95928],[-58.13647,-24.97715],[-57.82168,-25.13643],[-57.58716,-25.40508],[-57.57168,-25.53418],[-57.75478,-25.69707],[-57.89062,-26.00654],[-58.08242,-26.13857],[-58.20303,-26.38144],[-58.19131,-26.62998],[-58.32256,-26.85762],[-58.48525,-26.96846],[-58.64175,-27.19609],[-58.60483,-27.31435],[-58.16826,-27.27344],[-57.81221,-27.3166],[-57.39126,-27.43047],[-57.11182,-27.47012],[-56.87173,-27.44062],[-56.71572,-27.49375],[-56.60337,-27.46787],[-56.43716,-27.55381],[-56.16406,-27.32148],[-55.95146,-27.32568],[-55.78999,-27.41641],[-55.63291,-27.35713],[-55.59727,-27.20762],[-55.42666,-27.00928],[-55.13594,-26.93115],[-54.93447,-26.70254],[-54.82549,-26.65225],[-54.67773,-26.30879],[-54.63193,-26.00576],[-54.61587,-25.57607],[-54.61055,-25.43271],[-54.47314,-25.22021],[-54.41299,-24.86748],[-54.31294,-24.52812],[-54.28101,-24.30605],[-54.31826,-24.12812],[-54.2418,-24.04727],[-54.44023,-23.90176],[-54.62549,-23.8125],[-54.98267,-23.97451],[-55.19434,-24.01748],[-55.36631,-23.99102],[-55.44238,-23.86533],[-55.45889,-23.68672],[-55.53828,-23.58096],[-55.51846,-23.41562],[-55.56143,-23.1543],[-55.60112,-23.09473],[-55.65405,-22.81035],[-55.61768,-22.67148],[-55.74663,-22.51269],[-55.75327,-22.41016],[-55.84917,-22.30762],[-56.18984,-22.28115],[-56.35185,-22.17861],[-56.39487,-22.09268],[-56.52383,-22.10254],[-56.63301,-22.23486],[-56.93726,-22.27129],[-57.23823,-22.19521],[-57.33086,-22.21504],[-57.56894,-22.18193],[-57.72109,-22.09922],[-57.82031,-22.14228],[-57.98569,-22.04639],[-57.93276,-21.91074],[-57.91621,-21.69912],[-57.946,-21.49404],[-57.87324,-21.35508],[-57.82695,-21.13359],[-57.83022,-20.99795],[-57.97905,-20.65732],[-58.00225,-20.46543],[-58.12461,-20.29346],[-58.15977,-20.16465]]]},"properties":{"ADMIN":"Paraguay","NAME_EN":"Paraguay","ISO_A2_EH":"PY","ISO_A2":"PY","LABEL_X":-60.146394,"LABEL_Y":-21.674509,"MIN_LABEL":3,"LABELRANK":4,"TINY":-99,"TYPE":"Sovereign country"}},
{"type":"Feature","geometry":{"type":"MultiPolygon","coordinates":[[[[152.96582,-4.75635],[153.02324,-4.66631],[153.04434,-4.47637],[153.13252,-4.35244],[153.12422,-4.25234],[153.0168,-4.10566],[152.1794,-3.41035],[152.03291,-3.25137],[151.80713,-3.17285],[151.47539,-2.94248],[151.22646,-2.87031],[151.17461,-2.78906],[150.82539,-2.57295],[150.84785,-2.77978],[150.96807,-2.77988],[151.40508,-3.03691],[151.57852,-3.15352],[151.79316,-3.33789],[151.97295,-3.45342],[152.19219,-3.50586],[152.35576,-3.66816],[152.59844,-3.99482],[152.66816,-4.13184],[152.69678,-4.28203],[152.68066,-4.49844],[152.73994,-4.63584],[152.8917,-4.83242],[152.96582,-4.75635]]],[[[151.91563,-4.29678],[151.81934,-4.21699],[151.59307,-4.20078],[151.55195,-4.34551],[151.66465,-4.63701],[151.67119,-4.8833],[151.57256,-4.9375],[151.32656,-4.96035],[151.13779,-5.11289],[150.95293,-5.42373],[150.62578,-5.5209],[150.51943,-5.46025],[150.29873,-5.53564],[150.18311,-5.52363],[150.10625,-5.429],[150.08154,-5.18643],[150.17031,-5.0706],[150.04531,-5.03467],[149.96279,-5.44775],[149.83145,-5.52412],[149.63174,-5.51602],[149.47539,-5.57324],[149.24531,-5.57305],[148.99922,-5.48457],[148.7835,-5.51162],[148.56494,-5.50791],[148.43203,-5.47178],[148.34473,-5.54492],[148.33721,-5.66943],[148.40117,-5.76504],[148.62481,-5.83076],[148.80752,-5.91641],[149.12656,-6.12764],[149.38232,-6.07812],[149.48301,-6.1248],[149.65254,-6.29043],[150.19082,-6.28935],[150.42832,-6.27617],[150.70576,-6.14941],[150.80898,-6.07139],[151.04316,-6.01504],[151.2293,-5.91992],[151.42246,-5.74736],[151.51514,-5.55234],[151.86543,-5.56484],[152.07705,-5.4583],[152.14297,-5.35703],[151.99395,-5.14902],[152.01328,-5.00381],[152.25762,-4.95469],[152.4,-4.73125],[152.36357,-4.49082],[152.40566,-4.34072],[152.19727,-4.28516],[152.11719,-4.21221],[151.96758,-4.31699],[151.91563,-4.29678]]],[[[140.97617,-9.11875],[141.1332,-9.22129],[141.40566,-9.15068],[141.62158,-9.21133],[141.97891,-9.19814],[142.22959,-9.16992],[142.64717,-9.32783],[142.85918,-9.20264],[143.36621,-8.96104],[143.39219,-8.80185],[143.30674,-8.66094],[143.11182,-8.47451],[142.79795,-8.34502],[143.09492,-8.31123],[143.61377,-8.20039],[143.55156,-7.98467],[143.7793,-8.02822],[143.88799,-8.01768],[143.94229,-7.94424],[143.74209,-7.5498],[143.89824,-7.67383],[144.22539,-7.76494],[144.35186,-7.66699],[144.43125,-7.67939],[144.50986,-7.56738],[144.77344,-7.64248],[144.97383,-7.80215],[145.2875,-7.86162],[145.46777,-7.93008],[145.72871,-7.95244],[146.0332,-8.07637],[146.18408,-8.24639],[146.29648,-8.45557],[146.45586,-8.64355],[146.63086,-8.95117],[146.69658,-9.02539],[146.91328,-9.0917],[146.92539,-9.24717],[147.01719,-9.38789],[147.4083,-9.67471],[147.55313,-9.9124],[147.76865,-10.07012],[148.05137,-10.12832],[148.15049,-10.10732],[148.3834,-10.18545],[148.71289,-10.16689],[148.93682,-10.25518],[149.35264,-10.28975],[149.54434,-10.33848],[149.7541,-10.35303],[149.94805,-10.48262],[150.0168,-10.57715],[150.31992,-10.65488],[150.48242,-10.63691],[150.64717,-10.51797],[150.48887,-10.42578],[150.44609,-10.30732],[150.63682,-10.33799],[150.66699,-10.25713],[150.53887,-10.20674],[150.36406,-10.18965],[149.96758,-10.06074],[149.87441,-10.01299],[149.76123,-9.80586],[149.98467,-9.73701],[149.97354,-9.66074],[149.75576,-9.61094],[149.47578,-9.58828],[149.26318,-9.49785],[149.20303,-9.40684],[149.26406,-9.18076],[149.24766,-9.071],[149.09746,-9.01689],[148.7918,-9.08945],[148.5831,-9.05176],[148.45117,-8.69453],[148.24687,-8.5543],[148.20645,-8.33867],[148.12676,-8.10361],[147.93613,-7.97539],[147.72432,-7.87627],[147.19004,-7.37812],[147.10488,-7.16699],[146.96074,-6.92881],[146.95361,-6.83408],[147.11914,-6.72168],[147.35576,-6.74238],[147.70957,-6.72363],[147.84551,-6.6624],[147.85449,-6.55117],[147.80205,-6.31523],[147.5667,-6.05693],[147.37666,-5.95078],[147.03428,-5.91924],[146.40342,-5.6166],[146.20537,-5.54512],[145.85283,-5.47129],[145.74522,-5.40244],[145.79287,-5.17793],[145.76699,-4.82305],[145.33457,-4.38525],[145.08779,-4.34912],[144.93848,-4.18818],[144.73789,-4.0291],[144.62666,-3.99307],[144.47773,-3.82529],[144.37441,-3.80273],[144.12197,-3.81523],[144.01582,-3.78359],[143.79717,-3.61728],[143.50898,-3.43115],[143.37832,-3.39531],[142.90518,-3.3207],[142.21152,-3.0835],[141.98574,-2.96357],[141.8875,-2.95254],[141.68682,-2.84502],[141.18565,-2.62783],[140.97344,-2.60977],[140.97383,-3.41328],[140.97422,-4.22646],[140.97471,-5.64951],[140.975,-6.34609],[140.87461,-6.61152],[140.86231,-6.74004],[140.9752,-6.90537],[140.97539,-7.4792],[140.97578,-8.4957],[140.97617,-9.11875]]],[[[148.02578,-5.82637],[148.05479,-5.61152],[147.84648,-5.49082],[147.78106,-5.62725],[147.87451,-5.74922],[148.02578,-5.82637]]],[[[146.01934,-4.72617],[146.05342,-4.64014],[145.9958,-4.53926],[145.9002,-4.6042],[145.904,-4.73301],[146.01934,-4.72617]]],[[[149.76543,-1.55303],[149.72529,-1.43066],[149.58096,-1.35322],[149.5459,-1.47168],[149.67109,-1.57627],[149.76543,-1.55303]]],[[[151.08096,-10.02012],[151.05147,-9.93896],[150.86231,-9.80244],[150.95918,-10.09258],[151.23086,-10.19473],[151.29648,-9.95674],[151.19434,-9.94551],[151.08096,-10.02012]]],[[[150.34541,-9.49385],[150.36816,-9.39648],[150.32012,-9.26416],[150.2083,-9.20635],[150.10977,-9.36191],[150.27285,-9.50039],[150.34541,-9.49385]]],[[[154.28076,-11.36143],[154.10176,-11.31143],[154.06406,-11.41934],[154.28076,-11.36143]]],[[[147.17627,-5.43193],[147.20635,-5.25156],[147.13106,-5.19082],[147.00586,-5.30703],[147.12022,-5.4374],[147.17627,-5.43193]]],[[[147.06758,-1.96016],[146.85713,-1.94853],[146.65625,-1.97402],[146.54648,-2.20859],[146.74785,-2.14883],[146.92637,-2.18906],[147.20635,-2.18193],[147.40059,-2.0251],[147.06758,-1.96016]]],[[[150.43662,-2.66182],[150.42949,-2.47041],[150.22715,-2.38418],[150.10254,-2.40498],[150.04346,-2.5125],[150.16572,-2.66025],[150.43662,-2.66182]]],[[[150.52842,-9.34658],[150.43467,-9.43496],[150.5085,-9.53613],[150.43623,-9.62461],[150.89404,-9.66748],[150.8791,-9.5127],[150.78867,-9.41797],[150.66904,-9.42852],[150.52842,-9.34658]]],[[[152.63096,-8.95937],[152.63809,-9.0584],[152.72012,-9.1665],[152.86748,-9.22432],[152.98496,-9.15078],[152.95293,-9.07012],[152.81006,-8.96719],[152.63096,-8.95937]]],[[[153.53613,-11.47617],[153.30674,-11.35635],[153.23447,-11.42031],[153.379,-11.55957],[153.55371,-11.63057],[153.69951,-11.6126],[153.70322,-11.52852],[153.53613,-11.47617]]],[[[155.95762,-6.68682],[155.92764,-6.56504],[155.82256,-6.38047],[155.63848,-6.2208],[155.46699,-6.14512],[155.37256,-5.97441],[155.22754,-5.86523],[155.09385,-5.62021],[154.99707,-5.53994],[154.74111,-5.54531],[154.70898,-5.74707],[154.78193,-5.9707],[154.94023,-6.10615],[155.01016,-6.20977],[155.20215,-6.30762],[155.20859,-6.52685],[155.34404,-6.72168],[155.5209,-6.83027],[155.71934,-6.86279],[155.95762,-6.68682]]],[[[154.64727,-5.43271],[154.69844,-5.38281],[154.72715,-5.21807],[154.68203,-5.054],[154.54004,-5.11084],[154.58389,-5.31445],[154.64727,-5.43271]]]]},"properties":{"ADMIN":"Papua New Guinea","NAME_EN":"Papua New Guinea","ISO_A2_EH":"PG","ISO_A2":"PG","LABEL_X":143.910216,"LABEL_Y":-5.695285,"MIN_LABEL":2.5,"LABELRANK":2,"TINY":-99,"TYPE":"Sovereign country"}},
{"type":"Feature","geometry":{"type":"MultiPolygon","coordinates":[[[[-77.37422,8.6583],[-77.69722,8.88945],[-77.83081,9.06812],[-78.08276,9.23628],[-78.50435,9.4063],[-78.69692,9.43477],[-78.93164,9.42847],[-79.0167,9.51045],[-79.5773,9.59785],[-79.85508,9.37808],[-79.97798,9.3437],[-80.1271,9.20991],[-80.54687,9.08193],[-80.67646,9.02188],[-80.83867,8.88721],[-81.06309,8.81265],[-81.35479,8.78057],[-81.5456,8.827],[-81.71221,9.01895],[-81.78022,8.95723],[-82.07788,8.93486],[-82.24419,9.03149],[-82.23545,9.14165],[-82.33975,9.20918],[-82.3708,9.42856],[-82.56357,9.57666],[-82.64409,9.50586],[-82.80102,9.5918],[-82.93984,9.44917],[-82.94033,9.06011],[-82.74116,8.95171],[-82.73999,8.89858],[-82.91704,8.74033],[-82.85571,8.6353],[-82.86162,8.45352],[-82.99756,8.36777],[-82.87935,8.07065],[-82.86611,8.24634],[-82.67954,8.32197],[-82.36484,8.27485],[-82.22432,8.23037],[-81.97329,8.21509],[-81.72764,8.13755],[-81.50415,7.72119],[-81.26841,7.62549],[-81.19546,7.66841],[-81.15781,7.8544],[-81.06387,7.89976],[-81.03511,7.71113],[-80.91465,7.4375],[-80.90122,7.27715],[-80.84556,7.22007],[-80.6667,7.22568],[-80.43887,7.27495],[-80.2873,7.42564],[-80.1106,7.43345],[-80.01123,7.50005],[-80.07519,7.66704],[-80.4581,8.07705],[-80.45898,8.21387],[-80.3687,8.28877],[-80.12578,8.34966],[-79.75044,8.59551],[-79.81592,8.63921],[-79.68745,8.85098],[-79.4415,9.00601],[-79.24668,9.02007],[-79.08638,8.99717],[-78.6209,8.71372],[-78.51406,8.62817],[-78.46943,8.44668],[-78.35015,8.46001],[-78.11387,8.37959],[-78.2812,8.24756],[-78.25488,8.13862],[-78.31543,8.06694],[-78.42158,8.06099],[-78.37822,7.8999],[-78.17012,7.5438],[-77.90117,7.22935],[-77.82832,7.44282],[-77.7439,7.53696],[-77.73203,7.71094],[-77.58657,7.54307],[-77.35078,7.70586],[-77.34561,7.83652],[-77.21597,7.93252],[-77.2123,8.03389],[-77.34551,8.26953],[-77.40727,8.42725],[-77.47852,8.49844],[-77.37422,8.6583]]],[[[-78.89834,8.27427],[-78.85615,8.44824],[-78.9606,8.43584],[-78.89834,8.27427]]],[[[-81.60327,7.33281],[-81.69473,7.425],[-81.67144,7.52344],[-81.72876,7.62119],[-81.81216,7.59238],[-81.85205,7.45332],[-81.77012,7.37036],[-81.60327,7.33281]]]]},"properties":{"ADMIN":"Panama","NAME_EN":"Panama","ISO_A2_EH":"PA","ISO_A2":"PA","LABEL_X":-80.352106,"LABEL_Y":8.72198,"MIN_LABEL":4,"LABELRANK":4,"TINY":-99,"TYPE":"Sovereign country"}},
{"type":"Feature","geometry":{"type":"Polygon","coordinates":[[[134.59541,7.38203],[134.65957,7.66328],[134.55596,7.59395],[134.50625,7.43711],[134.59541,7.38203]]]},"properties":{"ADMIN":"Palau","NAME_EN":"Palau","ISO_A2_EH":"PW","ISO_A2":"PW","LABEL_X":134.580157,"LABEL_Y":7.518252,"MIN_LABEL":5,"LABELRANK":6,"TINY":2,"TYPE":"Sovereign country"}},
{"type":"Feature","geometry":{"type":"Polygon","coordinates":[[[76.7669,35.66172],[76.56348,35.773],[76.55127,35.88706],[76.25166,35.81094],[76.14785,35.829],[76.0709,35.98301],[75.94512,36.01758],[75.97441,36.38242],[75.84023,36.64971],[75.66719,36.74199],[75.42422,36.73823],[75.34668,36.91348],[75.05391,36.98716],[74.88926,36.95244],[74.69219,37.03574],[74.54141,37.02217],[74.00186,36.8231],[73.76914,36.88848],[73.1168,36.86856],[72.62285,36.82959],[72.15674,36.70088],[72.09561,36.63374],[71.82227,36.48608],[71.62051,36.43648],[71.23291,36.12178],[71.18506,36.04209],[71.42754,35.83374],[71.60059,35.40791],[71.54551,35.28887],[71.62051,35.18301],[71.45508,34.96694],[71.29414,34.86773],[70.96563,34.53037],[71.0957,34.36943],[71.09131,34.12026],[71.05156,34.04971],[70.84844,33.98189],[70.41572,33.95044],[69.99473,34.05181],[69.88965,34.00728],[69.86807,33.89766],[70.05664,33.71987],[70.28418,33.36904],[70.26113,33.28901],[69.92012,33.1125],[69.70371,33.09473],[69.50156,33.02007],[69.40537,32.68272],[69.24141,32.43355],[69.2793,31.93682],[69.08311,31.73848],[68.86895,31.63423],[68.78232,31.64644],[68.59766,31.80298],[68.44326,31.75449],[68.21397,31.80737],[68.01719,31.67798],[67.73984,31.54819],[67.57822,31.50649],[67.73789,31.34395],[67.45283,31.23462],[67.28731,31.21782],[66.92432,31.30562],[66.73135,31.19453],[66.5668,30.99658],[66.39717,30.91221],[66.28691,30.60791],[66.30547,30.32114],[66.24717,30.04351],[66.31338,29.96856],[66.17705,29.8356],[65.09551,29.55947],[64.52109,29.5645],[64.26611,29.50693],[64.09873,29.39194],[63.56758,29.498],[62.47656,29.40835],[62.37344,29.42539],[61.22441,29.74941],[60.84336,29.85869],[61.31836,29.37261],[61.33789,29.26499],[61.62305,28.7916],[61.88984,28.54653],[62.35303,28.41475],[62.56455,28.23516],[62.7625,28.20205],[62.73975,28.00205],[62.81201,27.49702],[62.76299,27.2502],[62.91543,27.21841],[63.1668,27.25249],[63.30518,27.12456],[63.24209,27.07769],[63.25039,26.87925],[63.18613,26.8376],[63.16807,26.66558],[63.09297,26.63232],[62.78662,26.6439],[62.43926,26.56104],[62.31231,26.49087],[62.23936,26.35703],[61.86982,26.24243],[61.80996,26.16528],[61.7544,25.84336],[61.66865,25.76899],[61.61543,25.28613],[61.58789,25.20234],[61.74365,25.13818],[62.08945,25.15532],[62.19863,25.22485],[62.31533,25.13491],[62.57246,25.25474],[62.66475,25.2648],[63.01504,25.22466],[63.17002,25.25488],[63.49141,25.21084],[63.55664,25.35317],[63.7209,25.38589],[63.93555,25.34253],[64.05938,25.40293],[64.15205,25.33345],[64.54375,25.23667],[64.65898,25.18408],[64.77666,25.30732],[65.06133,25.31108],[65.40625,25.37432],[65.67969,25.35527],[66.13115,25.49326],[66.21904,25.58989],[66.42861,25.57534],[66.53389,25.48438],[66.56992,25.37852],[66.69863,25.22632],[66.68223,24.92886],[66.70303,24.86094],[67.10059,24.79194],[67.17148,24.7561],[67.28867,24.36777],[67.30938,24.17481],[67.47686,24.01826],[67.56309,23.88184],[67.66846,23.81099],[68.16504,23.85732],[68.28252,23.92798],[68.48867,23.96724],[68.72412,23.9647],[68.72813,24.26563],[68.90078,24.29243],[69.11953,24.26865],[69.55918,24.2731],[69.71621,24.17261],[70.02109,24.19155],[70.09824,24.2875],[70.54678,24.41831],[70.5793,24.27905],[70.71631,24.23799],[70.88623,24.34375],[71.04404,24.4001],[70.97324,24.4874],[70.97637,24.61875],[71.04785,24.68774],[70.87773,25.06299],[70.65205,25.4229],[70.64844,25.66694],[70.26465,25.70654],[70.1002,25.91006],[70.07773,26.07197],[70.13262,26.2148],[70.15684,26.47144],[70.05938,26.57876],[69.73594,26.62705],[69.50693,26.74268],[69.47002,26.80444],[69.56797,27.17461],[69.89629,27.47363],[70.14453,27.84902],[70.40371,28.02505],[70.6291,27.93745],[70.7374,27.729],[70.8749,27.71445],[71.18477,27.83164],[71.54297,27.86987],[71.87031,27.9625],[71.94805,28.1773],[72.1792,28.42178],[72.29199,28.69727],[72.34189,28.7519],[72.90332,29.02876],[73.12832,29.36392],[73.23115,29.55064],[73.38164,29.93438],[73.80918,30.09336],[73.9334,30.22207],[73.89932,30.43535],[74.00898,30.51968],[74.21563,30.76899],[74.38037,30.89341],[74.63281,31.03467],[74.51768,31.1856],[74.59395,31.46538],[74.50996,31.71294],[74.55557,31.81856],[74.73945,31.94883],[75.07148,32.08935],[75.2541,32.14033],[75.3335,32.2792],[75.23369,32.37212],[74.98731,32.46221],[74.78887,32.45781],[74.65781,32.51895],[74.66328,32.75767],[74.35459,32.7687],[74.30361,32.9918],[74.12627,33.07544],[73.99424,33.24219],[74.11777,33.38413],[74.15,33.50698],[74.004,33.63242],[74.00098,33.78818],[74.21563,33.88657],[74.24648,33.99019],[73.9499,34.0188],[73.90391,34.10801],[73.97949,34.19131],[73.92461,34.28784],[73.80996,34.32534],[73.81211,34.42236],[73.96123,34.65347],[74.30039,34.76538],[74.95185,34.64585],[75.1875,34.63901],[75.45254,34.53672],[75.70918,34.50308],[76.04102,34.66992],[76.17246,34.66772],[76.45674,34.7561],[76.59443,34.73584],[76.78291,34.90019],[77.00088,34.99199],[77.04863,35.10991],[76.7669,35.66172]]]},"properties":{"ADMIN":"Pakistan","NAME_EN":"Pakistan","ISO_A2_EH":"PK","ISO_A2":"PK","LABEL_X":68.545632,"LABEL_Y":29.328389,"MIN_LABEL":2.7,"LABELRANK":2,"TINY":-99,"TYPE":"Sovereign country"}},
{"type":"Feature","geometry":{"type":"MultiPolygon","coordinates":[[[[58.72207,20.21875],[58.83516,20.42393],[58.95078,20.51616],[58.88438,20.68057],[58.78799,20.49658],[58.64121,20.33735],[58.72207,20.21875]]],[[[53.08565,16.64839],[53.29775,16.72334],[53.60986,16.75996],[53.77539,16.85571],[53.9544,16.91782],[54.06816,17.00552],[54.5665,17.03125],[54.77188,16.96465],[55.06416,17.03892],[55.17373,17.15762],[55.29561,17.38159],[55.25537,17.58565],[55.4791,17.84326],[55.61387,17.88608],[55.99766,17.93521],[56.27031,17.95078],[56.3835,17.98799],[56.55078,18.16597],[56.65508,18.58735],[56.82598,18.75352],[57.17656,18.90259],[57.42793,18.9438],[57.67578,18.95786],[57.81162,19.01709],[57.76397,19.25332],[57.76084,19.43223],[57.71514,19.60693],[57.74121,19.80449],[57.80215,19.95459],[57.86182,20.24414],[58.10293,20.57036],[58.24502,20.59922],[58.20898,20.42397],[58.34873,20.38691],[58.47422,20.40689],[58.69043,20.80713],[58.8957,21.11279],[59.06875,21.28906],[59.37148,21.49883],[59.51758,21.78232],[59.65254,21.95137],[59.68086,22.05381],[59.8,22.21992],[59.82324,22.50898],[59.53516,22.57852],[59.31094,22.79336],[59.19473,22.97188],[59.02988,23.13057],[58.77305,23.51719],[58.57803,23.64346],[58.32451,23.62383],[58.12041,23.71655],[57.61133,23.80366],[57.21982,23.92275],[56.9125,24.1502],[56.64063,24.47031],[56.48984,24.71636],[56.38799,24.9792],[56.26787,24.8667],[56.06387,24.73877],[55.91582,24.97178],[55.7957,24.86812],[55.80391,24.63623],[55.76816,24.49063],[55.80566,24.34981],[55.76084,24.24268],[55.92861,24.21514],[55.98516,24.06338],[55.54785,23.99136],[55.46846,23.94111],[55.53164,23.81904],[55.5085,23.72461],[55.1999,23.03477],[55.18584,22.7041],[55.64102,22.00186],[55.3877,21.23623],[54.97734,19.99595],[53.6669,19.55913],[52.80674,19.27246],[51.97764,18.99614],[52.46455,17.89741],[52.7292,17.30039],[52.80059,17.26792],[53.08565,16.64839]]],[[[56.29785,25.65068],[56.37363,25.80459],[56.42979,26.3272],[56.30557,26.23521],[56.16445,26.20703],[56.08047,26.06265],[56.16748,26.04746],[56.14463,25.69053],[56.29785,25.65068]]]]},"properties":{"ADMIN":"Oman","NAME_EN":"Oman","ISO_A2_EH":"OM","ISO_A2":"OM","LABEL_X":57.336553,"LABEL_Y":22.120427,"MIN_LABEL":4,"LABELRANK":4,"TINY":-99,"TYPE":"Sovereign country"}},
{"type":"Feature","geometry":{"type":"MultiPolygon","coordinates":[[[[20.62217,69.03687],[21.12783,69.08081],[21.05264,69.18657],[21.2668,69.27368],[21.62178,69.2707],[22.30039,68.85586],[22.41094,68.71987],[23.32402,68.64897],[23.70703,68.71387],[23.854,68.80591],[24.94141,68.59326],[25.35713,68.86245],[25.74834,68.99014],[25.74863,69.23144],[26.01152,69.65264],[26.52539,69.91504],[27.10869,69.90469],[27.5917,70.04224],[27.88994,70.06167],[28.41172,69.82275],[29.1416,69.67144],[29.3334,69.473],[28.84629,69.1769],[28.96582,69.02197],[29.20996,69.09702],[29.38828,69.29815],[29.99404,69.39248],[30.22754,69.63379],[30.61543,69.53257],[30.86074,69.53843],[30.86973,69.78345],[30.48438,69.79487],[29.79209,69.72788],[29.63594,69.78013],[29.60137,69.97676],[28.8043,70.09253],[28.78115,70.14541],[29.92588,70.09648],[30.94414,70.27441],[30.92637,70.40112],[30.5959,70.52368],[30.21318,70.54331],[30.06514,70.70298],[29.79648,70.64253],[29.39766,70.73413],[29.10234,70.86074],[28.83154,70.86396],[28.60938,70.75967],[28.43731,70.50137],[28.20273,70.5769],[28.39229,70.97529],[28.1417,71.04302],[27.59707,71.09131],[27.23525,70.94722],[27.55566,70.82739],[27.18369,70.74404],[26.98936,70.51138],[26.58398,70.45381],[26.73398,70.85356],[26.50693,70.91279],[25.47051,70.34058],[25.21182,70.13648],[24.99424,70.21821],[25.14639,70.32402],[25.27354,70.55239],[25.76816,70.85317],[25.04219,70.92861],[24.65801,71.00103],[24.26348,70.82632],[24.42002,70.702],[24.03848,70.48535],[23.66123,70.39976],[23.3794,70.24746],[23.25791,69.99331],[23.04648,70.10186],[22.94121,70.30498],[22.68457,70.37476],[21.99551,70.29336],[21.40039,70.17446],[21.80273,70.06606],[21.97471,69.83457],[21.25371,70.00322],[21.16309,69.8895],[20.62207,69.91392],[20.5625,69.63281],[20.27715,69.53584],[20.38721,69.86763],[20.06895,69.88345],[19.19727,69.74785],[18.99111,69.56113],[18.29316,69.4751],[18.07871,69.32524],[18.10147,69.1563],[17.70459,69.10005],[17.39082,68.79936],[17.13115,68.69346],[16.65186,68.62578],[16.58486,68.46646],[17.57119,68.44746],[16.86494,68.35527],[16.38789,68.38955],[16.17481,68.28125],[16.37217,68.06182],[16.1208,68.02734],[16.06455,68.1999],[15.65664,68.16436],[15.31602,68.06875],[14.79893,67.80933],[14.78135,67.6749],[15.21865,67.65537],[14.75498,67.49902],[14.44834,67.29785],[15.43477,67.24668],[15.41572,67.20244],[14.77559,67.19448],[14.10879,67.11924],[13.88018,66.96489],[13.65156,66.90708],[13.62109,66.79482],[13.31182,66.70185],[13.10469,66.5394],[13.11885,66.23066],[12.78379,66.10044],[12.97607,66.01919],[12.68887,65.9022],[12.62773,65.80615],[12.27285,65.56816],[12.12217,65.36235],[12.15967,65.17896],[11.48936,64.97583],[11.3499,64.90591],[11.22539,64.67949],[10.83398,64.49448],[10.56563,64.41831],[10.23623,64.17964],[10.00996,64.08315],[9.86445,63.91782],[9.70801,63.86489],[9.56729,63.70615],[9.76748,63.69951],[9.92402,63.52178],[10.33916,63.57105],[10.93486,63.77022],[10.91426,63.92109],[11.17559,63.89888],[11.3707,63.80483],[10.72529,63.625],[10.76016,63.46128],[10.34004,63.46934],[10.08057,63.43272],[9.69688,63.62456],[9.32363,63.57036],[8.84238,63.6459],[8.39815,63.53511],[8.59375,63.42612],[8.58018,63.31338],[8.27148,63.28657],[8.10059,63.09097],[7.57188,63.09951],[7.38906,63.02329],[7.0085,62.95767],[6.78154,62.78965],[6.77998,62.70073],[7.24209,62.75234],[7.53838,62.67207],[7.28379,62.6023],[6.74463,62.63789],[6.35293,62.61113],[6.11846,62.44717],[5.5333,62.31089],[5.35772,62.15171],[5.14316,62.15991],[5.15957,61.95698],[5.47305,61.94561],[6.13115,61.85244],[6.01582,61.7875],[5.46533,61.89692],[4.98506,61.90044],[4.92783,61.71069],[5.09941,61.62017],[5.2583,61.45547],[5.00273,61.43359],[5.02168,61.25059],[5.32461,61.10825],[5.00859,61.03818],[5.04912,60.70752],[5.24404,60.56958],[5.13711,60.44561],[5.18359,60.3084],[5.49453,60.07031],[5.20566,60.08794],[5.21953,59.97876],[5.11924,59.83369],[5.23447,59.6918],[5.49453,59.82559],[5.69883,60.01001],[6.15332,60.34624],[6.34697,60.41909],[6.80635,60.50078],[6.66094,60.36724],[6.51807,60.40757],[6.14053,60.2335],[6.11182,60.13208],[5.73047,59.86309],[5.86729,59.73398],[5.77217,59.66094],[5.47246,59.71309],[5.30488,59.64258],[5.18506,59.45366],[5.13164,59.22647],[5.36231,59.16636],[5.56406,59.29121],[5.84522,59.35347],[5.96856,59.18613],[5.8543,58.95947],[5.55557,58.9752],[5.51729,58.72651],[5.70684,58.52363],[6.05469,58.37515],[6.38906,58.26797],[6.65986,58.26274],[7.00488,58.02422],[7.46592,58.02095],[8.16611,58.14531],[8.52139,58.30059],[8.92842,58.56997],[9.3958,58.80566],[9.61846,58.94605],[10.1794,59.00928],[10.43135,59.27964],[10.39815,59.51934],[10.63438,59.60249],[10.64492,59.38921],[10.83447,59.18394],[11.36592,59.10454],[11.38828,59.03652],[11.4707,58.90952],[11.64277,58.92607],[11.79815,59.28989],[11.68076,59.59229],[11.83428,59.69717],[11.93213,59.86367],[12.16924,59.91289],[12.48613,60.10679],[12.58867,60.45073],[12.31465,60.89214],[12.29414,61.00269],[12.68301,61.04683],[12.88076,61.3523],[12.59609,61.54131],[12.15537,61.72075],[12.30352,62.2856],[12.11455,62.5919],[12.10859,62.91948],[12.21816,63.00064],[11.9999,63.2917],[12.21211,63.49224],[12.1752,63.59595],[12.6625,63.94048],[12.9876,64.05049],[13.29961,64.07481],[13.96055,64.01401],[14.14121,64.17354],[14.07764,64.46401],[13.65029,64.58154],[14.11514,64.94614],[14.47969,65.30146],[14.54951,65.64639],[14.63516,65.84502],[14.54326,66.12935],[15.15332,66.19106],[15.48379,66.30596],[15.42295,66.48984],[16.40352,67.05498],[16.43428,67.15508],[16.12744,67.42583],[16.19356,67.50518],[16.58555,67.62832],[16.78359,67.89502],[17.32461,68.10381],[17.9167,67.96489],[18.17666,68.20064],[18.1626,68.52842],[18.37861,68.5624],[19.05264,68.49272],[19.96982,68.3564],[20.24004,68.47754],[19.96885,68.54204],[20.31943,68.75405],[20.33711,68.89966],[20.1167,69.0209],[20.62217,69.03687]]],[[[23.44053,70.81577],[22.35029,70.65767],[22.35869,70.5148],[23.06816,70.59409],[23.44053,70.81577]]],[[[25.58633,71.14209],[25.31494,71.03413],[25.58203,70.96079],[26.13379,70.9958],[25.94502,71.10464],[25.58633,71.14209]]],[[[23.61533,70.54932],[22.94102,70.44458],[23.15918,70.28262],[23.54775,70.40815],[23.61533,70.54932]]],[[[24.01758,70.56738],[24.07832,70.65059],[23.77842,70.74736],[23.67012,70.59707],[24.01758,70.56738]]],[[[13.87285,68.26533],[13.53799,68.24902],[13.19951,68.08726],[13.2294,67.99536],[14.0293,68.18755],[13.87285,68.26533]]],[[[15.20713,68.94312],[14.87236,68.91387],[14.80186,68.79097],[14.55371,68.81885],[14.37344,68.71143],[14.5208,68.63306],[15.22207,68.61631],[15.39658,68.78359],[15.20713,68.94312]]],[[[19.25508,70.06641],[18.34932,69.76787],[18.0835,69.62612],[18.27412,69.5355],[18.78477,69.579],[19.13086,69.81045],[19.33477,69.82026],[19.59229,69.97017],[19.25508,70.06641]]],[[[11.23145,64.86587],[11.13262,64.97617],[10.81348,64.92324],[10.83252,64.84312],[11.23145,64.86587]]],[[[17.50303,69.59624],[17.25195,69.50381],[17.36084,69.38149],[17.00176,69.36191],[16.97178,69.13789],[17.32363,69.13003],[17.95068,69.19815],[18.07676,69.39575],[18.0041,69.50498],[17.50303,69.59624]]],[[[15.76035,68.56123],[15.92793,68.7332],[15.81172,69.02422],[16.11484,69.21641],[15.89268,69.27788],[15.48301,69.04346],[15.56426,68.87373],[15.4126,68.61582],[15.09531,68.44141],[14.58584,68.40034],[14.25723,68.25693],[14.62891,68.19849],[14.92686,68.30659],[15.4375,68.31284],[15.9125,68.38926],[16.19395,68.53848],[16.51924,68.63301],[16.54736,68.71655],[16.32891,68.87632],[16.15059,68.84238],[16.05957,68.68052],[15.76035,68.56123]]],[[[-8.95356,70.83916],[-8.63535,70.94043],[-8.0021,71.04126],[-8.00137,71.17769],[-8.3437,71.14014],[-8.5208,71.03066],[-8.96465,70.91592],[-8.95356,70.83916]]],[[[21.60811,78.5957],[20.36269,78.5148],[20.22793,78.47783],[20.78643,78.25215],[21.03545,78.05918],[21.6084,77.91606],[21.20107,77.61948],[20.87315,77.56533],[21.0499,77.44097],[22.05684,77.50117],[22.44824,77.57114],[22.42695,77.31592],[22.80176,77.27578],[23.84121,77.49775],[24.12979,77.65825],[24.90186,77.75659],[24.23828,77.89854],[23.68398,77.87544],[23.1167,77.9915],[23.45195,78.14946],[22.98887,78.25195],[22.29951,78.22817],[22.04316,78.57695],[21.60811,78.5957]]],[[[20.89785,80.24995],[20.35938,80.40093],[19.81035,80.32681],[19.35469,80.1854],[17.9169,80.14311],[18.34385,80.05957],[18.25537,79.9292],[18.725,79.76074],[19.4,79.72656],[20.12344,79.77856],[20.78408,79.74858],[20.49346,79.63276],[19.67461,79.59116],[20.86113,79.39785],[21.91143,79.38106],[22.6957,79.32905],[22.90371,79.23066],[23.94775,79.19429],[24.75059,79.3646],[25.64121,79.40303],[26.00586,79.61704],[27.19863,79.90659],[27.14834,80.05923],[26.86084,80.16001],[25.83633,80.17515],[25.47129,80.2331],[23.95293,80.30459],[23.68799,80.20654],[23.11455,80.18696],[23.31543,80.42524],[22.45078,80.40225],[22.37637,80.08965],[21.69668,80.15918],[21.54922,80.24292],[20.89785,80.24995]]],[[[16.78672,79.90674],[16.1002,79.88442],[15.81611,79.68184],[15.8751,79.51924],[16.25352,79.11211],[15.66016,79.23486],[15.05234,79.67534],[14.59365,79.79873],[14.03984,79.58565],[14.05586,79.38311],[13.38359,79.48076],[13.03926,79.68516],[13.77754,79.71528],[13.69287,79.86099],[12.75352,79.77578],[12.27998,79.81597],[10.86592,79.79658],[10.68623,79.73359],[10.7376,79.52017],[11.20811,79.12964],[11.89277,79.15234],[12.0458,78.98315],[11.36543,78.95039],[11.86104,78.83189],[11.77383,78.71641],[12.25791,78.59468],[12.66465,78.38477],[13.1502,78.2375],[14.11045,78.2709],[14.63828,78.4146],[14.43184,78.49248],[14.46719,78.67539],[15.13731,78.66426],[15.41738,78.47324],[16.44863,78.50356],[16.77695,78.35044],[16.15029,78.35288],[15.65713,78.29902],[14.99473,78.15122],[13.68057,78.02813],[13.79111,77.85381],[14.08994,77.77139],[14.60391,77.76645],[15.58535,77.86914],[16.06006,77.84712],[16.85293,77.91157],[17.0333,77.7977],[16.20596,77.78247],[14.9208,77.68882],[14.69502,77.52505],[14.07129,77.56411],[14.0042,77.44522],[14.36582,77.23447],[15.12422,77.08511],[15.54678,76.88643],[16.70049,76.5793],[17.0627,76.65898],[16.97666,76.81162],[17.24902,76.96919],[17.15254,77.04893],[17.62334,77.39937],[18.22793,77.52261],[18.36191,77.68228],[18.43926,78.02505],[18.99512,78.08149],[19.05566,78.31895],[19.76875,78.62271],[21.09629,78.67627],[21.38877,78.74043],[20.50068,78.9814],[20.4582,79.12925],[19.08945,79.15703],[18.77227,79.26025],[18.83242,79.38477],[18.58144,79.57158],[18.27207,79.60059],[17.57822,79.88467],[16.78672,79.90674]]],[[[11.25029,78.61069],[10.96084,78.84639],[10.62842,78.75386],[11.12129,78.46328],[11.61631,78.4751],[11.25029,78.61069]]]]},"properties":{"ADMIN":"Norway","NAME_EN":"Norway","ISO_A2_EH":"NO","ISO_A2":"-99","LABEL_X":9.679975,"LABEL_Y":61.357092,"MIN_LABEL":3,"LABELRANK":3,"TINY":-99,"TYPE":"Sovereign country"}},
{"type":"Feature","geometry":{"type":"Polygon","coordinates":[[[128.37461,38.62344],[128.24941,38.74522],[127.97168,38.898],[127.78613,39.08413],[127.39453,39.20791],[127.3835,39.29614],[127.54893,39.46108],[127.52744,39.6957],[127.56816,39.78198],[127.86709,39.89595],[127.9666,39.9956],[128.30449,40.03594],[128.61074,40.1979],[128.70137,40.31753],[129.10977,40.49106],[129.34111,40.72632],[129.70869,40.85732],[129.74199,40.93227],[129.71211,41.12368],[129.76582,41.30386],[129.68242,41.49434],[129.75635,41.71226],[129.87637,41.80552],[130.06826,42.04575],[130.23574,42.1832],[130.45752,42.30171],[130.68731,42.30254],[130.52695,42.5354],[130.24668,42.74482],[130.24033,42.8918],[130.08262,42.97417],[129.89824,42.99815],[129.7792,42.77656],[129.71973,42.475],[129.52373,42.38467],[129.31367,42.41357],[129.19551,42.21846],[128.92344,42.03823],[128.04522,41.9875],[128.03291,41.89849],[128.29092,41.56279],[128.11123,41.38926],[127.91865,41.46113],[127.6877,41.43999],[127.17969,41.53135],[127.00693,41.74204],[126.90352,41.78106],[126.60127,41.64097],[126.49043,41.35806],[126.25361,41.13779],[126.14453,41.07827],[125.98906,40.90464],[125.72832,40.8667],[125.4169,40.65991],[125.31445,40.64463],[124.88936,40.45981],[124.38662,40.10425],[124.36211,40.00405],[124.34863,39.90689],[124.55742,39.79058],[124.63828,39.61509],[124.77529,39.75806],[125.1001,39.59033],[125.36084,39.52661],[125.40967,39.28838],[125.15732,38.87153],[125.29893,38.74297],[125.30967,38.66538],[125.06738,38.55674],[124.88057,38.34165],[124.87451,38.2334],[124.69092,38.1292],[125.19316,38.03779],[124.98877,37.93144],[125.31074,37.84351],[125.44932,37.73022],[125.76914,37.98535],[125.9417,37.87368],[126.20313,37.82852],[126.36992,37.87837],[126.63389,37.78184],[126.6668,37.91719],[127.00967,38.24053],[127.16953,38.30454],[127.74551,38.31924],[128.03896,38.30855],[128.16865,38.35933],[128.37461,38.62344]]]},"properties":{"ADMIN":"North Korea","NAME_EN":"North Korea","ISO_A2_EH":"KP","ISO_A2":"KP","LABEL_X":126.444516,"LABEL_Y":39.885252,"MIN_LABEL":3,"LABELRANK":3,"TINY":-99,"TYPE":"Sovereign country"}},
{"type":"Feature","geometry":{"type":"Polygon","coordinates":[[[13.60635,13.70459],[13.32383,13.67085],[13.19385,13.57305],[13.04844,13.53452],[12.65479,13.32656],[12.51016,13.19434],[12.46318,13.09375],[12.31904,13.07368],[12.11797,13.09043],[11.99004,13.1918],[11.69336,13.29771],[11.41191,13.35361],[10.95889,13.37153],[10.47588,13.33023],[10.18467,13.27012],[9.9293,13.13525],[9.61592,12.81065],[9.20156,12.82148],[8.75059,12.90815],[8.45605,13.05967],[8.09502,13.29116],[7.78867,13.33789],[7.35781,13.10718],[7.17305,13.08633],[7.05674,13.0002],[6.93721,13.0082],[6.8043,13.10767],[6.62656,13.36426],[6.38633,13.60361],[5.49199,13.87285],[5.2419,13.75723],[5.10088,13.74273],[4.82334,13.75977],[4.66484,13.7332],[4.42139,13.64751],[4.14756,13.45772],[4.0874,13.05547],[3.94785,12.77505],[3.64668,12.52998],[3.61846,11.82773],[3.59541,11.69629],[3.49053,11.49922],[3.48779,11.39541],[3.71641,11.07959],[3.75684,10.76875],[3.83447,10.60742],[3.78379,10.43589],[3.68027,10.42778],[3.57656,10.26836],[3.6459,10.16016],[3.55723,9.90732],[3.3252,9.77847],[3.32949,9.66704],[3.13613,9.45161],[3.14805,9.32061],[3.04492,9.08384],[2.77481,9.04853],[2.73291,8.78252],[2.72363,8.4419],[2.68604,7.87373],[2.71934,7.61626],[2.78516,7.47686],[2.75049,7.39507],[2.75674,7.06792],[2.72139,6.98027],[2.77461,6.71172],[2.70645,6.36924],[3.33555,6.39692],[3.43018,6.525],[3.48662,6.40894],[4.12588,6.41138],[4.43135,6.34858],[4.63359,6.21719],[4.86104,6.02632],[5.04209,5.79751],[5.1124,5.64155],[5.21582,5.57168],[5.23242,5.48379],[5.38584,5.40176],[5.3833,5.129],[5.49326,4.83877],[5.58779,4.64722],[5.79863,4.45596],[6.07656,4.29063],[6.55459,4.34141],[6.75703,4.34356],[7.01338,4.39731],[7.15469,4.5144],[7.45986,4.55523],[7.50947,4.59492],[7.64424,4.52534],[8.02852,4.55537],[8.29307,4.55762],[8.32803,4.6561],[8.23379,4.90747],[8.43135,4.74624],[8.55586,4.75523],[8.80098,5.19746],[8.93506,5.78101],[9.06016,6.00908],[9.37334,6.31963],[9.65996,6.53198],[9.77988,6.76016],[9.87422,6.80327],[10.14355,6.99644],[10.20547,6.8916],[10.48232,6.89126],[10.60625,7.06309],[10.7376,6.98828],[11.03252,6.6979],[11.07969,6.50552],[11.15332,6.43794],[11.32461,6.48467],[11.47754,6.59741],[11.55166,6.69727],[11.58008,6.88887],[11.86143,7.11641],[11.76738,7.27227],[12.01602,7.58975],[12.0252,7.72778],[12.15596,7.94248],[12.2334,8.28232],[12.40352,8.59556],[12.58272,8.62412],[12.73115,8.74565],[12.80654,8.88662],[12.87568,9.30352],[12.92949,9.42627],[13.17549,9.53965],[13.22119,9.64517],[13.26992,10.03618],[13.41455,10.17144],[13.53535,10.60508],[13.6999,10.87315],[13.89209,11.14009],[14.05674,11.24502],[14.20234,11.26816],[14.55977,11.49229],[14.56182,11.72871],[14.59736,11.82983],[14.62715,12.10869],[14.51895,12.29824],[14.19746,12.38379],[14.06397,13.07852],[13.60635,13.70459]]]},"properties":{"ADMIN":"Nigeria","NAME_EN":"Nigeria","ISO_A2_EH":"NG","ISO_A2":"NG","LABEL_X":7.50322,"LABEL_Y":9.439799,"MIN_LABEL":1.7,"LABELRANK":2,"TINY":-99,"TYPE":"Sovereign country"}},
{"type":"Feature","geometry":{"type":"Polygon","coordinates":[[[13.60635,13.70459],[13.44824,14.38066],[13.64238,14.63076],[13.80713,14.96611],[14.36797,15.75015],[14.74668,16.14663],[15.47432,16.9084],[15.56152,17.93726],[15.6376,18.81084],[15.73506,19.90405],[15.94883,20.30317],[15.9293,20.39985],[15.58711,20.7333],[15.54033,20.8749],[15.60732,20.9544],[15.29365,21.41152],[15.18184,21.52339],[15.17227,21.92207],[15.08897,22.41836],[14.979,22.99619],[14.23076,22.61846],[14.20068,22.62373],[13.59863,23.11953],[13.48125,23.18018],[12.48877,23.40166],[11.96787,23.51787],[10.93223,22.90728],[10.41436,22.602],[9.37871,21.99141],[8.34307,21.38086],[7.48174,20.8731],[6.98936,20.47051],[6.52705,20.07295],[5.83662,19.47915],[5.74834,19.43423],[4.22764,19.14277],[4.23193,17.83052],[4.23467,16.99639],[4.20293,16.9627],[4.18213,16.58179],[4.12129,16.35772],[4.01484,16.19273],[3.87695,15.75527],[3.52051,15.48311],[3.5043,15.35635],[3.06016,15.4272],[3.00107,15.34097],[1.85938,15.30171],[1.3002,15.27227],[0.96006,14.98691],[0.71865,14.95488],[0.28623,14.98018],[0.21748,14.91148],[0.16387,14.49722],[0.38252,14.2458],[0.35488,14.13901],[0.4292,13.97212],[0.61816,13.70342],[0.74775,13.67451],[0.97773,13.55195],[1.01787,13.46787],[0.97305,13.17036],[0.98731,13.0419],[1.09678,13.00112],[1.56494,12.6354],[1.78984,12.61328],[1.95615,12.70742],[2.07383,12.71397],[2.21152,12.53843],[2.20381,12.4126],[2.06856,12.37915],[2.09141,12.27798],[2.38916,11.89707],[2.41269,11.99932],[2.36602,12.22192],[2.64844,12.29678],[2.80527,12.38384],[2.87813,12.36773],[3.14961,12.11807],[3.35996,11.88047],[3.44981,11.85195],[3.59541,11.69629],[3.61846,11.82773],[3.64668,12.52998],[3.94785,12.77505],[4.0874,13.05547],[4.14756,13.45772],[4.42139,13.64751],[4.66484,13.7332],[4.82334,13.75977],[5.10088,13.74273],[5.2419,13.75723],[5.49199,13.87285],[6.38633,13.60361],[6.62656,13.36426],[6.8043,13.10767],[6.93721,13.0082],[7.05674,13.0002],[7.17305,13.08633],[7.35781,13.10718],[7.78867,13.33789],[8.09502,13.29116],[8.45605,13.05967],[8.75059,12.90815],[9.20156,12.82148],[9.61592,12.81065],[9.9293,13.13525],[10.18467,13.27012],[10.47588,13.33023],[10.95889,13.37153],[11.41191,13.35361],[11.69336,13.29771],[11.99004,13.1918],[12.11797,13.09043],[12.31904,13.07368],[12.46318,13.09375],[12.51016,13.19434],[12.65479,13.32656],[13.04844,13.53452],[13.19385,13.57305],[13.32383,13.67085],[13.60635,13.70459]]]},"properties":{"ADMIN":"Niger","NAME_EN":"Niger","ISO_A2_EH":"NE","ISO_A2":"NE","LABEL_X":9.504356,"LABEL_Y":17.446195,"MIN_LABEL":3,"LABELRANK":3,"TINY":-99,"TYPE":"Sovereign country"}},
{"type":"Feature","geometry":{"type":"Polygon","coordinates":[[[-83.15752,14.99307],[-83.41504,15.00806],[-83.58975,14.90757],[-83.86728,14.79448],[-84.06582,14.78608],[-84.1144,14.73101],[-84.39365,14.69175],[-84.53765,14.6334],[-84.64595,14.66108],[-84.78916,14.79038],[-84.98516,14.75244],[-85.03652,14.60767],[-85.16133,14.52515],[-85.17949,14.34331],[-85.37378,14.22388],[-85.47705,14.10869],[-85.68193,13.98257],[-85.78672,13.84443],[-85.98379,13.96567],[-86.04038,14.05015],[-86.15122,13.99458],[-86.33174,13.77007],[-86.73364,13.76348],[-86.7706,13.69873],[-86.71069,13.31338],[-86.91821,13.22358],[-86.95889,13.05371],[-87.05918,12.99146],[-87.33726,12.97925],[-87.42436,12.92114],[-87.54331,13.0397],[-87.66753,12.90356],[-87.46016,12.75757],[-87.12519,12.43413],[-86.85098,12.24775],[-86.75561,12.15664],[-86.65552,11.98154],[-86.4689,11.73828],[-85.96113,11.33135],[-85.82852,11.19873],[-85.74434,11.06211],[-85.62139,11.18447],[-85.53872,11.16631],[-84.90918,10.94531],[-84.70117,11.0522],[-84.34829,10.97988],[-84.16836,10.78037],[-83.91929,10.73535],[-83.81118,10.74326],[-83.65894,10.83687],[-83.64199,10.91724],[-83.71406,10.93384],[-83.83184,11.13052],[-83.86787,11.30005],[-83.74497,11.5665],[-83.65176,11.64204],[-83.76934,11.93164],[-83.68042,12.02432],[-83.65127,12.28706],[-83.75425,12.50195],[-83.51094,12.41182],[-83.54121,12.59629],[-83.51445,12.94395],[-83.56733,13.32031],[-83.49375,13.73882],[-83.4123,13.99648],[-83.34658,14.05698],[-83.18774,14.34009],[-83.29922,14.74902],[-83.15752,14.99307]]]},"properties":{"ADMIN":"Nicaragua","NAME_EN":"Nicaragua","ISO_A2_EH":"NI","ISO_A2":"NI","LABEL_X":-85.069347,"LABEL_Y":12.670697,"MIN_LABEL":4,"LABELRANK":5,"TINY":-99,"TYPE":"Sovereign country"}},
{"type":"Feature","geometry":{"type":"MultiPolygon","coordinates":[[[[173.11533,-41.2793],[173.04229,-40.95361],[172.98867,-40.84824],[172.7668,-40.77344],[172.64063,-40.51826],[172.27275,-40.75869],[172.13945,-40.94727],[172.09336,-41.20156],[172.01074,-41.44473],[171.83066,-41.65518],[171.67217,-41.74473],[171.48623,-41.79473],[171.36025,-42.07998],[171.25703,-42.46533],[171.02773,-42.69609],[170.7416,-42.92734],[170.30283,-43.10762],[170.01758,-43.34941],[169.85898,-43.42598],[169.66152,-43.59121],[169.51523,-43.62363],[169.16953,-43.77705],[169.0665,-43.86348],[168.80645,-43.99199],[168.65098,-43.97217],[168.3666,-44.08203],[167.85654,-44.50068],[167.78701,-44.59502],[167.19453,-44.96348],[167.02588,-45.12363],[167.12734,-45.26582],[167.05215,-45.3832],[166.90859,-45.30742],[166.77832,-45.40967],[166.73398,-45.54355],[166.83604,-45.77451],[166.51289,-45.81172],[166.49316,-45.96387],[166.72695,-45.96328],[166.73154,-46.19785],[167.10029,-46.24941],[167.36895,-46.2415],[167.49063,-46.15469],[167.68223,-46.19297],[167.84199,-46.36621],[168.18916,-46.36221],[168.31973,-46.44717],[168.38213,-46.60537],[168.57227,-46.61103],[168.7668,-46.56631],[169.09863,-46.63066],[169.34229,-46.62051],[169.68662,-46.55166],[169.91826,-46.33437],[170.18613,-46.16084],[170.41914,-45.94102],[170.77627,-45.8709],[170.70059,-45.68428],[170.88994,-45.37393],[170.93965,-45.21641],[171.11328,-45.03926],[171.19785,-44.76787],[171.23106,-44.52119],[171.31299,-44.30185],[171.44258,-44.13584],[171.65898,-44.11719],[171.89063,-44.00693],[172.38525,-43.82959],[172.48037,-43.72666],[172.92061,-43.89141],[173.1169,-43.79785],[173.07324,-43.67617],[172.80703,-43.621],[172.74043,-43.46787],[172.71856,-43.25879],[172.88887,-43.12422],[173.22119,-42.97656],[173.34756,-42.84082],[173.54512,-42.51797],[173.83984,-42.2709],[173.88799,-42.13018],[174.21543,-41.85019],[174.28311,-41.74062],[174.16992,-41.65723],[174.09238,-41.50518],[174.10205,-41.36592],[174.23711,-41.31221],[174.30254,-41.01953],[174.08057,-41.00615],[173.95762,-41.0999],[173.88984,-41.00723],[173.73789,-40.98896],[173.23086,-41.28418],[173.11533,-41.2793]]],[[[168.14492,-46.86221],[167.95576,-46.69443],[167.78398,-46.6998],[167.80078,-46.90654],[167.629,-47.14228],[167.90557,-47.17988],[168.24092,-47.07002],[168.04316,-46.93262],[168.14492,-46.86221]]],[[[175.54316,-36.2793],[175.40938,-36.0709],[175.34619,-36.21777],[175.54316,-36.2793]]],[[[173.26943,-34.93477],[172.96377,-34.53516],[173.04395,-34.4291],[172.70596,-34.45518],[173.02959,-34.7999],[173.19063,-35.01621],[173.1167,-35.20527],[173.37637,-35.5001],[173.5417,-35.32988],[173.58584,-35.38857],[173.41221,-35.54258],[173.94512,-36.17588],[174.05469,-36.35977],[174.25371,-36.24912],[174.39277,-36.24004],[174.3541,-36.37598],[174.44688,-36.45088],[174.38193,-36.72598],[174.47559,-36.9419],[174.60147,-36.98574],[174.78203,-36.94375],[174.92891,-37.08477],[174.74639,-37.1501],[174.58584,-37.09775],[174.70742,-37.32529],[174.7292,-37.44873],[174.92803,-37.80449],[174.80166,-37.89551],[174.84004,-38.02266],[174.71533,-38.22559],[174.65303,-38.42832],[174.59736,-38.78506],[174.39844,-38.9626],[174.07139,-39.03125],[173.84434,-39.13935],[173.76367,-39.31875],[173.81211,-39.42578],[173.93438,-39.50908],[174.35205,-39.64336],[174.56748,-39.81299],[174.81377,-39.86016],[175.00928,-39.95215],[175.15596,-40.11494],[175.2541,-40.28935],[175.1625,-40.62158],[175.0168,-40.84766],[174.63535,-41.28945],[174.75703,-41.32529],[174.875,-41.27822],[174.90606,-41.43291],[175.16563,-41.41738],[175.22217,-41.57441],[175.30977,-41.61064],[175.68731,-41.41172],[175.98291,-41.21328],[176.25176,-40.87685],[176.38516,-40.66768],[176.61152,-40.44199],[176.68877,-40.29346],[176.84219,-40.15781],[177.10986,-39.67314],[176.9666,-39.60518],[176.9541,-39.36758],[177.12871,-39.18613],[177.40752,-39.08115],[177.78613,-39.11094],[177.87549,-39.22549],[177.96563,-39.14248],[177.91035,-39.02178],[177.97617,-38.72227],[178.08486,-38.69394],[178.26768,-38.55117],[178.31543,-38.44404],[178.39395,-37.96025],[178.53623,-37.69209],[178.27217,-37.5669],[178.00918,-37.55488],[177.72734,-37.70557],[177.5583,-37.89746],[177.33594,-37.99082],[177.16182,-37.98574],[176.77002,-37.88965],[176.2917,-37.68008],[176.1084,-37.64512],[176.11455,-37.53828],[175.99014,-37.43701],[175.87617,-36.95771],[175.78066,-36.80459],[175.68145,-36.74697],[175.46084,-36.47568],[175.38555,-36.55635],[175.4874,-36.68955],[175.49316,-36.86572],[175.55195,-37.04648],[175.54248,-37.20137],[175.38535,-37.20693],[175.29951,-36.99326],[175.04707,-36.91221],[174.89141,-36.90937],[174.72246,-36.84121],[174.81924,-36.61211],[174.75176,-36.49082],[174.80215,-36.30947],[174.54873,-36.00664],[174.39102,-35.77373],[174.58066,-35.78555],[174.50859,-35.66738],[174.54346,-35.58203],[174.32031,-35.24668],[174.14316,-35.3],[174.104,-35.14287],[173.84395,-35.02627],[173.43867,-34.92852],[173.26943,-34.93477]]],[[[166.22109,-50.76152],[166.2251,-50.53096],[166.10137,-50.53896],[166.07383,-50.679],[165.88916,-50.80771],[166.24287,-50.8457],[166.22109,-50.76152]]],[[[-176.17764,-43.74033],[-176.56611,-43.71758],[-176.76108,-43.75791],[-176.52378,-43.90098],[-176.63154,-44.00625],[-176.51553,-44.1166],[-176.33384,-44.04844],[-176.50015,-43.86016],[-176.17764,-43.74033]]]]},"properties":{"ADMIN":"New Zealand","NAME_EN":"New Zealand","ISO_A2_EH":"NZ","ISO_A2":"NZ","LABEL_X":172.787,"LABEL_Y":-39.759,"MIN_LABEL":2,"LABELRANK":2,"TINY":-99,"TYPE":"Country"}},
{"type":"Feature","geometry":{"type":"Polygon","coordinates":[[[-169.80342,-19.08301],[-169.83403,-18.96602],[-169.94834,-19.07285],[-169.90381,-19.13789],[-169.80342,-19.08301]]]},"properties":{"ADMIN":"Niue","NAME_EN":"Niue","ISO_A2_EH":"NU","ISO_A2":"NU","LABEL_X":-169.862565,"LABEL_Y":-19.045956,"MIN_LABEL":4,"LABELRANK":4,"TINY":3,"TYPE":"Dependency"}},
{"type":"Feature","geometry":{"type":"Polygon","coordinates":[[[-159.74053,-21.24922],[-159.76836,-21.18848],[-159.83203,-21.20049],[-159.8396,-21.23809],[-159.74053,-21.24922]]]},"properties":{"ADMIN":"Cook Islands","NAME_EN":"Cook Islands","ISO_A2_EH":"CK","ISO_A2":"CK","LABEL_X":-159.785675,"LABEL_Y":-21.215993,"MIN_LABEL":4,"LABELRANK":4,"TINY":3,"TYPE":"Dependency"}},
{"type":"Feature","geometry":{"type":"MultiPolygon","coordinates":[[[[5.99395,50.75044],[6.04844,50.90488],[5.89473,50.98423],[6.12998,51.14741],[6.07588,51.22412],[6.19326,51.48892],[5.94854,51.7624],[6.1665,51.88076],[6.35566,51.82466],[6.7418,51.91089],[6.74902,52.09868],[6.97725,52.20552],[7.03516,52.38023],[6.96816,52.44409],[6.74883,52.46401],[6.74844,52.63408],[7.01318,52.63355],[7.18994,52.99951],[7.19727,53.28228],[6.96816,53.3273],[6.81621,53.44116],[6.06221,53.40708],[5.53203,53.2687],[5.3584,53.09648],[4.88799,52.90835],[4.76875,52.94131],[4.67832,52.80977],[4.56211,52.44258],[4.48281,52.30918],[4.20879,52.05898],[4.08486,51.99409],[3.94688,51.81055],[4.18262,51.6103],[4.08047,51.55112],[3.74395,51.59605],[3.44893,51.54077],[3.58691,51.45391],[3.82188,51.40938],[4.00654,51.44321],[4.22617,51.38648],[4.50342,51.47471],[4.84805,51.40327],[5.05947,51.45313],[5.0999,51.34648],[5.31084,51.25972],[5.50879,51.275],[5.82715,51.12564],[5.69365,50.77466],[5.99395,50.75044]]],[[[4.22617,51.38648],[3.8834,51.35449],[3.58945,51.39941],[3.3501,51.37769],[3.47197,51.24224],[3.58027,51.28618],[3.90205,51.20767],[4.17256,51.30708],[4.22617,51.38648]]]]},"properties":{"ADMIN":"Netherlands","NAME_EN":"Netherlands","ISO_A2_EH":"NL","ISO_A2":"NL","LABEL_X":5.61144,"LABEL_Y":52.422211,"MIN_LABEL":4,"LABELRANK":5,"TINY":-99,"TYPE":"Country"}},
{"type":"Feature","geometry":{"type":"Polygon","coordinates":[[[-69.89912,12.452],[-69.97314,12.56763],[-70.06611,12.54697],[-69.94219,12.43853],[-69.89912,12.452]]]},"properties":{"ADMIN":"Aruba","NAME_EN":"Aruba","ISO_A2_EH":"AW","ISO_A2":"AW","LABEL_X":-69.972795,"LABEL_Y":12.5174,"MIN_LABEL":5,"LABELRANK":5,"TINY":4,"TYPE":"Country"}},
{"type":"Feature","geometry":{"type":"Polygon","coordinates":[[[-68.75107,12.05977],[-68.82739,12.15855],[-69.01314,12.23135],[-69.07676,12.34204],[-69.15381,12.29844],[-68.99512,12.14185],[-68.80332,12.04546],[-68.75107,12.05977]]]},"properties":{"ADMIN":"Curaçao","NAME_EN":"Curaçao","ISO_A2_EH":"CW","ISO_A2":"CW","LABEL_X":-68.920578,"LABEL_Y":12.145039,"MIN_LABEL":5,"LABELRANK":5,"TINY":4,"TYPE":"Country"}},
{"type":"Feature","geometry":{"type":"Polygon","coordinates":[[[88.10977,27.87061],[87.86074,27.88608],[87.68272,27.82139],[87.14141,27.83833],[87.02012,27.92866],[86.75039,28.02207],[86.69053,28.09492],[86.55449,28.08521],[86.5169,27.96353],[86.40869,27.92866],[86.07871,28.08359],[86.06416,27.93472],[85.9541,27.92822],[85.84023,28.13535],[85.67832,28.27744],[85.41065,28.27603],[85.12246,28.31597],[85.08857,28.37227],[85.15908,28.59224],[85.06914,28.60967],[84.85508,28.55361],[84.71426,28.59556],[84.22871,28.91177],[84.10137,29.21997],[83.93594,29.27949],[83.5835,29.18359],[83.35518,29.43916],[83.15547,29.61265],[83.01397,29.61807],[82.8543,29.6834],[82.48652,29.9415],[82.15898,30.11519],[82.04336,30.32676],[81.6419,30.3875],[81.41719,30.3376],[81.25508,30.09331],[81.11035,30.03682],[81.01025,30.1645],[80.90762,30.17192],[80.54902,29.89981],[80.40186,29.73027],[80.25488,29.42334],[80.23301,29.19463],[80.13047,29.10039],[80.0707,28.83018],[80.41856,28.61201],[80.58701,28.64961],[80.75078,28.5397],[81.16894,28.33501],[81.31084,28.17637],[81.48604,28.06221],[81.85264,27.86709],[81.9877,27.91377],[82.11191,27.86494],[82.45137,27.67183],[82.67734,27.67344],[82.7334,27.51899],[83.06406,27.44453],[83.28975,27.371],[83.44717,27.46533],[83.82881,27.37783],[84.09102,27.49136],[84.61016,27.29868],[84.68535,27.04102],[85.02012,26.87852],[85.15156,26.84663],[85.29297,26.74102],[85.56846,26.83984],[85.6999,26.78164],[85.73731,26.63975],[85.85566,26.6002],[86.00732,26.64937],[86.36611,26.57441],[86.70137,26.43506],[87.01641,26.55542],[87.08955,26.4332],[87.2874,26.3603],[87.41357,26.42295],[87.6334,26.39912],[87.84922,26.43691],[87.99512,26.38237],[88.05488,26.43003],[88.16152,26.72481],[88.11104,26.92847],[87.98438,27.13394],[88.02412,27.40889],[88.14697,27.74922],[88.10977,27.87061]]]},"properties":{"ADMIN":"Nepal","NAME_EN":"Nepal","ISO_A2_EH":"NP","ISO_A2":"NP","LABEL_X":83.639914,"LABEL_Y":28.297925,"MIN_LABEL":3,"LABELRANK":3,"TINY":-99,"TYPE":"Sovereign country"}},
{"type":"Feature","geometry":{"type":"Polygon","coordinates":[[[166.9584,-0.5166],[166.91357,-0.49912],[166.91641,-0.54648],[166.9584,-0.5166]]]},"properties":{"ADMIN":"Nauru","NAME_EN":"Nauru","ISO_A2_EH":"NR","ISO_A2":"NR","LABEL_X":166.932644,"LABEL_Y":-0.520261,"MIN_LABEL":5,"LABELRANK":6,"TINY":3,"TYPE":"Sovereign country"}},
{"type":"Feature","geometry":{"type":"Polygon","coordinates":[[[23.38066,-17.64062],[22.62402,-17.78164],[21.4169,-18.00068],[21.11348,-17.95576],[20.9083,-18.00605],[20.6251,-17.99668],[20.39297,-17.8874],[20.19434,-17.86367],[19.91182,-17.88135],[19.63935,-17.86865],[19.37715,-17.82549],[19.07647,-17.81768],[18.82598,-17.76631],[18.71807,-17.70322],[18.48662,-17.44277],[18.39639,-17.39941],[17.83535,-17.39277],[16.53105,-17.39082],[15.76582,-17.38965],[14.41475,-17.38769],[14.01748,-17.40889],[13.93799,-17.38877],[13.56172,-17.14121],[13.40371,-17.00781],[13.10117,-16.96768],[12.96318,-17.01543],[12.54815,-17.21269],[12.21338,-17.20996],[12.01397,-17.16856],[11.90254,-17.22656],[11.74307,-17.24922],[11.72168,-17.4668],[11.7335,-17.75098],[11.77588,-18.00176],[11.95137,-18.27051],[12.0957,-18.54092],[12.32871,-18.75107],[12.4582,-18.92676],[13.04209,-20.02822],[13.16836,-20.18467],[13.28438,-20.52393],[13.45059,-20.9167],[13.83936,-21.47324],[13.97324,-21.76758],[14.32188,-22.18994],[14.46279,-22.44912],[14.52598,-22.70254],[14.4957,-22.92139],[14.40332,-22.96807],[14.47383,-23.28115],[14.49688,-23.64287],[14.4834,-24.05039],[14.50156,-24.20195],[14.62793,-24.54805],[14.76797,-24.78799],[14.83711,-25.0332],[14.82256,-25.35859],[14.86367,-25.53359],[14.84522,-25.72568],[14.93125,-25.9582],[14.96777,-26.31807],[15.09658,-26.42578],[15.16328,-26.60019],[15.13281,-26.7876],[15.3415,-27.38652],[15.71904,-27.96582],[15.89092,-28.15254],[16.00713,-28.23174],[16.33506,-28.53652],[16.44756,-28.61758],[16.62617,-28.48789],[16.75576,-28.45215],[16.81016,-28.26455],[16.9333,-28.06963],[17.05625,-28.03105],[17.14941,-28.08223],[17.20459,-28.19883],[17.31201,-28.22861],[17.38574,-28.35322],[17.34785,-28.50117],[17.44795,-28.69814],[17.69932,-28.76836],[17.97607,-28.81133],[18.10273,-28.87168],[18.31084,-28.88623],[18.60039,-28.85527],[18.83877,-28.86914],[19.02607,-28.92793],[19.2458,-28.90166],[19.271,-28.77773],[19.48291,-28.66162],[19.67148,-28.50391],[19.98047,-28.45127],[19.98047,-27.86553],[19.98047,-26.53115],[19.98047,-25.6416],[19.98047,-24.77676],[19.9793,-23.67578],[19.97852,-23.10254],[19.97734,-22.00019],[20.971,-22.00019],[20.97949,-21.96191],[20.97813,-20.96816],[20.97617,-19.74434],[20.97412,-18.31885],[21.23252,-18.30684],[22.01143,-18.19863],[22.46006,-18.11572],[23.0999,-18.00957],[23.29863,-18.02734],[23.45977,-18.23106],[23.58057,-18.45293],[23.70049,-18.42432],[23.89834,-18.2292],[24.1293,-18.07754],[24.35898,-17.97822],[24.53057,-18.05273],[24.79219,-17.86465],[24.90908,-17.82139],[25.25879,-17.79356],[25.09219,-17.63437],[24.93242,-17.54346],[24.2749,-17.48106],[23.38066,-17.64062]]]},"properties":{"ADMIN":"Namibia","NAME_EN":"Namibia","ISO_A2_EH":"NA","ISO_A2":"NA","LABEL_X":17.108166,"LABEL_Y":-20.575298,"MIN_LABEL":3,"LABELRANK":3,"TINY":-99,"TYPE":"Sovereign country"}},
{"type":"Feature","geometry":{"type":"Polygon","coordinates":[[[31.28789,-22.40205],[31.41934,-22.8251],[31.53174,-23.27949],[31.54561,-23.48232],[31.79961,-23.89219],[31.98584,-24.46064],[31.98457,-25.63193],[31.92031,-25.77393],[31.94824,-25.95762],[32.06055,-26.01836],[32.04141,-26.28125],[32.10596,-26.52002],[32.11289,-26.83945],[32.35352,-26.86162],[32.88613,-26.84932],[32.93359,-26.25234],[32.84883,-26.26807],[32.70352,-26.1585],[32.59043,-26.0041],[32.72256,-25.8209],[32.79219,-25.64434],[32.96113,-25.49043],[33.34746,-25.26094],[33.83604,-25.06797],[34.60732,-24.82129],[34.99209,-24.65059],[35.15596,-24.54141],[35.43809,-24.17119],[35.48965,-24.06553],[35.54199,-23.82441],[35.37041,-23.79824],[35.37695,-23.70781],[35.49443,-23.18516],[35.57539,-22.96309],[35.49023,-22.65771],[35.54199,-22.37656],[35.49375,-22.12471],[35.41885,-22.17764],[35.40781,-22.40254],[35.31572,-22.39687],[35.3293,-22.0374],[35.26768,-21.65098],[35.12803,-21.39531],[35.11758,-21.19521],[34.98232,-20.80625],[34.76475,-20.56191],[34.69814,-20.40439],[34.75,-20.09082],[34.75576,-19.82197],[34.94785,-19.8127],[35.36533,-19.49394],[35.65127,-19.16387],[35.85371,-18.99336],[36.125,-18.84238],[36.23565,-18.86133],[36.40371,-18.76973],[36.41221,-18.69297],[36.54014,-18.51816],[36.75615,-18.30732],[36.89961,-18.129],[36.93936,-17.99346],[37.24453,-17.73994],[37.51231,-17.5707],[37.83945,-17.39316],[38.04824,-17.32139],[38.14492,-17.24277],[38.6333,-17.07832],[38.88477,-17.0416],[39.08438,-16.97285],[39.24229,-16.79258],[39.62539,-16.5794],[39.84463,-16.43564],[39.79092,-16.29453],[39.98359,-16.22549],[40.09922,-16.06533],[40.10879,-15.9793],[40.31387,-15.76396],[40.55898,-15.47344],[40.65098,-15.26094],[40.61777,-15.11553],[40.69434,-15.06523],[40.70068,-14.92978],[40.83516,-14.7915],[40.81816,-14.46758],[40.63994,-14.39004],[40.71563,-14.21445],[40.60254,-14.16738],[40.59053,-13.84502],[40.54512,-13.46289],[40.58291,-13.37402],[40.56875,-12.98467],[40.44766,-12.90478],[40.55332,-12.82461],[40.58086,-12.63555],[40.52315,-12.39277],[40.50147,-12.11943],[40.53154,-12.00459],[40.4331,-11.65732],[40.46514,-11.44941],[40.40283,-11.33203],[40.54453,-11.06562],[40.51611,-10.92959],[40.59717,-10.83066],[40.48662,-10.76514],[40.61172,-10.66152],[40.46357,-10.46435],[39.98867,-10.8208],[39.81709,-10.9124],[39.56348,-10.97852],[39.32158,-11.12256],[39.171,-11.16689],[38.9875,-11.16728],[38.79473,-11.22891],[38.4918,-11.41328],[38.31514,-11.31113],[38.17656,-11.27871],[37.92022,-11.29473],[37.8293,-11.48193],[37.72481,-11.58066],[37.5417,-11.6751],[37.37285,-11.71045],[37.21836,-11.68652],[36.97891,-11.56699],[36.77109,-11.61035],[36.67383,-11.68428],[36.51865,-11.71621],[36.30566,-11.70635],[36.19131,-11.6707],[36.08223,-11.5373],[35.91133,-11.45469],[35.78545,-11.45293],[35.63096,-11.58203],[34.95947,-11.57812],[34.65957,-11.58867],[34.55391,-11.83408],[34.37598,-12.12021],[34.36084,-12.21055],[34.48291,-12.6668],[34.56367,-13.36016],[34.66162,-13.48672],[34.85049,-13.51602],[35.01387,-13.64346],[35.24746,-13.89687],[35.84717,-14.6709],[35.8667,-14.86377],[35.80537,-15.26562],[35.83027,-15.41894],[35.79121,-15.95869],[35.75527,-16.0583],[35.59932,-16.12588],[35.3585,-16.16055],[35.2915,-16.24717],[35.16719,-16.56025],[35.28115,-16.80781],[35.29043,-17.09697],[35.12461,-17.12725],[35.04395,-17.0169],[35.11211,-16.89853],[35.07988,-16.83389],[34.9334,-16.76035],[34.39551,-16.19922],[34.37598,-16.02373],[34.24824,-15.8875],[34.35801,-15.70527],[34.43496,-15.47715],[34.54082,-15.29727],[34.55117,-14.92236],[34.50527,-14.59814],[34.33252,-14.40859],[33.69609,-14.53027],[33.63643,-14.56816],[33.38994,-14.28945],[33.20176,-14.01338],[32.27285,-14.32305],[31.72891,-14.49609],[31.53789,-14.57715],[30.67334,-14.81914],[30.23184,-14.99033],[30.25215,-15.1832],[30.35059,-15.34971],[30.39609,-15.64307],[30.40938,-15.97822],[30.43779,-15.99531],[31.23623,-16.02363],[31.48984,-16.17969],[31.6876,-16.21416],[31.93984,-16.42881],[32.24326,-16.44873],[32.63584,-16.58945],[32.7418,-16.67764],[32.94805,-16.7123],[32.87627,-16.88359],[32.88438,-17.03779],[32.96934,-17.25156],[32.98076,-17.4375],[32.95469,-17.76543],[32.95557,-18.08291],[32.99307,-18.35957],[32.85449,-18.76367],[32.72197,-18.82842],[32.7165,-19.00185],[32.84981,-19.10439],[32.77764,-19.38877],[32.83076,-19.5582],[33.00674,-19.87383],[32.99277,-19.98486],[32.86963,-20.21719],[32.67256,-20.51611],[32.5293,-20.61309],[32.47764,-20.71299],[32.47617,-20.9501],[32.35361,-21.13652],[32.42979,-21.29707],[32.37109,-21.33486],[31.42949,-22.29883],[31.28789,-22.40205]]]},"properties":{"ADMIN":"Mozambique","NAME_EN":"Mozambique","ISO_A2_EH":"MZ","ISO_A2":"MZ","LABEL_X":37.83789,"LABEL_Y":-13.94323,"MIN_LABEL":3,"LABELRANK":3,"TINY":-99,"TYPE":"Sovereign country"}},
{"type":"Feature","geometry":{"type":"Polygon","coordinates":[[[-2.21963,35.1042],[-2.83994,35.12783],[-2.97222,35.40728],[-3.20601,35.23911],[-3.39473,35.21182],[-3.59062,35.22832],[-3.69326,35.27998],[-3.98242,35.24341],[-4.32998,35.16148],[-4.62832,35.2064],[-4.83721,35.2813],[-5.10537,35.46777],[-5.33765,35.74522],[-5.39736,35.92988],[-5.62285,35.82891],[-5.9248,35.78579],[-5.95757,35.68115],[-6.35312,34.77607],[-6.75576,34.13291],[-6.90098,33.96904],[-7.14468,33.83032],[-7.56235,33.64028],[-8.30117,33.37436],[-8.59629,33.18716],[-8.83623,32.92046],[-9.24585,32.57246],[-9.28657,32.24058],[-9.34746,32.08638],[-9.67495,31.71099],[-9.80869,31.42461],[-9.83242,30.84727],[-9.87549,30.71792],[-9.65293,30.44756],[-9.62383,30.35264],[-9.66709,30.10928],[-9.85264,29.80923],[-10.0105,29.64141],[-10.20059,29.38037],[-10.48647,29.06494],[-10.67383,28.93921],[-11.08096,28.71377],[-11.43018,28.38203],[-11.55269,28.31011],[-11.98608,28.1293],[-12.4689,28.00942],[-12.79365,27.97842],[-12.94893,27.91416],[-13.04072,27.76982],[-13.17598,27.65571],[-13.25615,27.43462],[-13.40981,27.14663],[-13.49575,26.87266],[-13.57578,26.73511],[-13.9521,26.48877],[-14.16836,26.41543],[-14.41387,26.25371],[-14.47056,26.16304],[-14.52275,25.92524],[-14.60229,25.80855],[-14.70703,25.54771],[-14.79492,25.40415],[-14.84292,25.22012],[-14.85605,24.87158],[-14.9043,24.71978],[-15.03887,24.54883],[-15.18862,24.47881],[-15.58633,24.07275],[-15.89932,23.84443],[-15.80596,23.74951],[-15.99673,23.42549],[-16.21025,23.0979],[-16.20185,22.94536],[-16.3043,22.83481],[-16.35874,22.59453],[-16.5144,22.3335],[-16.68398,22.27437],[-16.79326,22.15972],[-16.93086,21.9],[-17.00308,21.4207],[-16.73096,21.47031],[-16.19087,21.48106],[-16.04102,21.50059],[-15.75093,21.49082],[-15.46094,21.45078],[-14.84082,21.45078],[-14.67085,21.6002],[-14.61079,21.75059],[-14.63086,21.86094],[-14.22119,22.31016],[-14.1709,22.76035],[-14.021,23.41074],[-13.89111,23.69102],[-13.77095,23.79063],[-13.31099,23.98106],[-13.06103,24.40098],[-12.99116,24.47031],[-12.71094,24.63047],[-12.43115,24.83066],[-12.31099,25.11094],[-12.17085,25.64023],[-12.03076,26.03086],[-11.71821,26.1041],[-11.63721,26.29551],[-11.4707,26.52012],[-11.33789,26.6334],[-11.31685,26.74473],[-11.39258,26.8834],[-10.9228,27.01035],[-10.55127,26.99082],[-10.25146,26.86094],[-10.03271,26.91074],[-9.90034,26.8502],[-9.73535,26.86094],[-9.41304,27.08848],[-9.0019,27.09043],[-8.79487,27.1207],[-8.75386,27.19102],[-8.80269,27.36094],[-8.77436,27.46055],[-8.81782,27.65645],[-8.68335,27.65645],[-8.68335,28.62075],[-8.65991,28.7186],[-8.55835,28.76787],[-8.26519,28.98052],[-7.99893,29.13242],[-7.68516,29.34951],[-7.48574,29.39224],[-7.23491,29.5749],[-7.09492,29.6252],[-6.63535,29.5688],[-6.52056,29.65986],[-6.50088,29.80913],[-6.21479,29.81069],[-5.775,29.86904],[-5.44878,29.95693],[-5.18013,30.16616],[-4.96826,30.46538],[-4.77852,30.55239],[-4.32285,30.69888],[-3.98535,30.91353],[-3.702,30.94448],[-3.6269,31.00093],[-3.67251,31.11138],[-3.8334,31.1978],[-3.78916,31.36182],[-3.83711,31.51235],[-3.82676,31.66191],[-3.70024,31.7001],[-3.43979,31.70454],[-3.01738,31.83428],[-2.93086,32.04253],[-2.86343,32.07471],[-2.44839,32.12998],[-1.27534,32.08901],[-1.22593,32.10723],[-1.24033,32.3376],[-1.06553,32.46831],[-1.11103,32.5523],[-1.35215,32.70337],[-1.51001,32.87764],[-1.55073,33.07358],[-1.6792,33.31865],[-1.63125,33.56675],[-1.70298,33.71685],[-1.70693,34.17607],[-1.7918,34.36792],[-1.7333,34.46704],[-1.84966,34.60732],[-1.7956,34.7519],[-2.13179,34.97085],[-2.21963,35.1042]]]},"properties":{"ADMIN":"Morocco","NAME_EN":"Morocco","ISO_A2_EH":"MA","ISO_A2":"MA","LABEL_X":-7.187296,"LABEL_Y":31.650723,"MIN_LABEL":2.7,"LABELRANK":3,"TINY":-99,"TYPE":"Sovereign country"}},
{"type":"Feature","geometry":{"type":"Polygon","coordinates":[[[-8.68335,27.65645],[-8.81782,27.65645],[-8.77436,27.46055],[-8.80269,27.36094],[-8.75386,27.19102],[-8.79487,27.1207],[-9.0019,27.09043],[-9.41304,27.08848],[-9.73535,26.86094],[-9.90034,26.8502],[-10.03271,26.91074],[-10.25146,26.86094],[-10.55127,26.99082],[-10.9228,27.01035],[-11.39258,26.8834],[-11.31685,26.74473],[-11.33789,26.6334],[-11.4707,26.52012],[-11.63721,26.29551],[-11.71821,26.1041],[-12.03076,26.03086],[-12.17085,25.64023],[-12.31099,25.11094],[-12.43115,24.83066],[-12.71094,24.63047],[-12.99116,24.47031],[-13.06103,24.40098],[-13.31099,23.98106],[-13.77095,23.79063],[-13.89111,23.69102],[-14.021,23.41074],[-14.1709,22.76035],[-14.22119,22.31016],[-14.63086,21.86094],[-14.61079,21.75059],[-14.67085,21.6002],[-14.84082,21.45078],[-15.46094,21.45078],[-15.75093,21.49082],[-16.04102,21.50059],[-16.19087,21.48106],[-16.73096,21.47031],[-17.00308,21.4207],[-17.09878,20.85688],[-17.04805,20.80615],[-17.06396,20.89883],[-16.96455,21.32925],[-15.91914,21.33047],[-15.2312,21.3313],[-13.85537,21.33296],[-13.01621,21.33394],[-13.09434,22.496],[-13.1665,22.75322],[-13.03149,23.00024],[-12.62041,23.27134],[-12.3729,23.31802],[-12.02344,23.46758],[-12.01631,23.57647],[-12.01631,24.65098],[-12.01631,25.99541],[-11.30771,25.99541],[-10.37612,25.99546],[-9.2582,25.99551],[-8.68223,25.99551],[-8.68335,27.28594],[-8.68335,27.65645]]]},"properties":{"ADMIN":"Western Sahara","NAME_EN":"Western Sahara","ISO_A2_EH":"EH","ISO_A2":"EH","LABEL_X":-12.630304,"LABEL_Y":23.967592,"MIN_LABEL":6,"LABELRANK":7,"TINY":-99,"TYPE":"Indeterminate"}},
{"type":"Feature","geometry":{"type":"Polygon","coordinates":[[[19.19434,43.5333],[18.94023,43.49673],[19.03672,43.35732],[18.85107,43.34634],[18.67422,43.23081],[18.62363,43.02769],[18.44385,42.96846],[18.46602,42.77725],[18.54326,42.67417],[18.43633,42.55972],[18.51748,42.43291],[18.89424,42.24946],[19.12227,42.0605],[19.18643,41.94863],[19.34238,41.86909],[19.36143,42.06909],[19.28066,42.17256],[19.39961,42.3419],[19.65449,42.62856],[19.78828,42.47617],[20.06397,42.54727],[20.02949,42.73203],[20.34434,42.82793],[20.33994,42.89287],[19.94404,43.08164],[19.78115,43.10977],[19.55156,43.21226],[19.41465,43.34282],[19.21875,43.44995],[19.19434,43.5333]]]},"properties":{"ADMIN":"Montenegro","NAME_EN":"Montenegro","ISO_A2_EH":"ME","ISO_A2":"ME","LABEL_X":19.143727,"LABEL_Y":42.803101,"MIN_LABEL":5,"LABELRANK":6,"TINY":-99,"TYPE":"Sovereign country"}},
{"type":"Feature","geometry":{"type":"Polygon","coordinates":[[[87.81426,49.16231],[87.85986,48.96553],[87.74316,48.88164],[87.83184,48.79165],[88.02793,48.7356],[87.97969,48.55513],[88.30996,48.47207],[88.51709,48.38447],[88.57598,48.22017],[89.04766,48.00254],[89.32988,48.02485],[89.56094,48.00396],[89.77813,47.827],[90.02793,47.87769],[90.10322,47.74541],[90.31328,47.67617],[90.4252,47.5041],[90.49619,47.28516],[90.71553,47.00386],[90.86992,46.95449],[90.98574,46.74902],[91.03389,46.529],[90.91152,46.27065],[91.00176,46.03579],[90.7959,45.85352],[90.70967,45.73081],[90.66182,45.52524],[90.87725,45.19609],[91.05,45.21743],[91.31211,45.11812],[91.58438,45.07651],[92.02979,45.06851],[92.42383,45.00894],[92.78789,45.03574],[93.29434,44.98315],[93.65645,44.90098],[93.95791,44.67495],[94.19932,44.64517],[94.36475,44.51948],[94.71201,44.35083],[95.04981,44.25942],[95.35029,44.27808],[95.35645,44.00596],[95.52559,43.95396],[95.84199,43.38369],[95.9125,43.20649],[96.29951,42.92871],[96.38545,42.72036],[97.20566,42.7898],[97.71895,42.73628],[98.94688,42.61621],[99.46787,42.56821],[99.98379,42.67734],[101.09199,42.55132],[101.49531,42.53877],[101.71387,42.46582],[101.97295,42.21587],[102.15664,42.15811],[103.07285,42.00596],[103.71113,41.75132],[104.49824,41.877],[104.49824,41.65869],[105.05059,41.61592],[105.19707,41.73804],[105.86758,41.99399],[106.77002,42.28872],[108.17119,42.44731],[108.68731,42.41611],[109.44316,42.45596],[109.69805,42.55381],[110.40039,42.77368],[111.00723,43.34141],[111.54736,43.49629],[111.77109,43.6646],[111.9332,43.71143],[111.93174,43.81494],[111.83691,43.93467],[111.51973,44.1919],[111.40225,44.36729],[111.62129,44.82715],[111.89805,45.06406],[112.41133,45.0582],[112.59678,44.91768],[113.04941,44.81035],[113.58701,44.7457],[113.87705,44.89619],[114.03027,44.94258],[114.41914,45.20259],[114.51719,45.3646],[114.73877,45.41963],[114.91924,45.37827],[115.1626,45.39023],[115.68106,45.45825],[115.93418,45.62617],[116.10986,45.68672],[116.24063,45.796],[116.21299,45.88691],[116.35762,46.09658],[116.5626,46.2898],[116.85908,46.38794],[116.97881,46.36177],[117.3334,46.36201],[117.40557,46.5709],[117.54688,46.58828],[117.67109,46.52207],[117.81348,46.5377],[117.91045,46.61934],[118.30869,46.71704],[118.72295,46.6919],[118.84395,46.76021],[119.16211,46.63867],[119.70664,46.60601],[119.86719,46.67217],[119.89785,46.85781],[119.78848,46.97881],[119.71113,47.15],[119.52695,47.25591],[119.12295,47.5585],[119.08193,47.65415],[118.75996,47.75762],[118.49844,47.98398],[118.14707,48.02891],[117.76836,47.98789],[117.35078,47.6522],[117.06973,47.8064],[116.76055,47.86978],[116.51348,47.83955],[116.23115,47.8582],[115.89824,47.68691],[115.71172,47.79893],[115.55762,47.94502],[115.5251,48.13086],[115.78555,48.24824],[115.82051,48.57725],[115.95381,48.68936],[116.24336,49.17036],[116.6833,49.82378],[116.55117,49.92031],[116.13457,50.01079],[115.71777,49.88062],[115.4292,49.89648],[115.27451,49.94888],[115.00332,50.13857],[114.74316,50.23369],[114.29707,50.27441],[114.0707,50.20474],[113.88115,50.10112],[113.57422,50.00703],[113.16416,49.79717],[113.05557,49.61626],[112.80645,49.52358],[112.49492,49.53232],[112.07969,49.42422],[111.33662,49.35586],[110.82793,49.16616],[110.63106,49.1376],[110.42783,49.21997],[110.1999,49.17041],[109.52871,49.26987],[109.23672,49.33491],[108.61367,49.3228],[108.40693,49.39639],[108.03379,49.59399],[107.93672,49.69102],[107.94785,49.92471],[107.63096,49.98311],[107.2333,49.9894],[107.04023,50.08648],[106.94131,50.19668],[106.71113,50.3126],[106.21787,50.30459],[105.8752,50.40537],[105.38359,50.47373],[105.09473,50.38994],[104.46631,50.30615],[104.17969,50.16943],[103.80264,50.17607],[103.63291,50.13857],[103.3044,50.20029],[103.16172,50.29072],[102.6833,50.38716],[102.46943,50.52568],[102.28838,50.58511],[102.3166,50.71846],[102.21504,50.82944],[102.11152,51.35347],[101.5709,51.46719],[101.38125,51.45264],[100.53623,51.71348],[99.92168,51.75552],[99.71924,51.87163],[99.40703,51.92354],[98.84863,52.07007],[98.80254,51.95747],[98.64053,51.80117],[98.35273,51.71763],[98.21992,51.50562],[98.0376,51.44995],[97.94688,51.34844],[97.82529,50.98525],[97.95313,50.85518],[98.02979,50.64463],[98.27949,50.53325],[98.25029,50.30244],[98.10342,50.07783],[97.85391,49.94678],[97.58936,49.91148],[97.35977,49.74146],[97.20859,49.73081],[96.98574,49.88281],[96.50576,49.9187],[96.31504,49.90112],[96.06553,49.99873],[95.85195,50.01294],[95.52266,49.91123],[95.04434,49.96157],[94.93027,50.04375],[94.61475,50.02373],[94.35469,50.22183],[94.25107,50.5564],[93.10313,50.60391],[92.94131,50.77822],[92.7793,50.77866],[92.62666,50.68828],[92.35479,50.86416],[92.19238,50.70059],[91.8043,50.6936],[91.34082,50.47007],[91.02158,50.41548],[90.5169,50.21333],[90.00498,50.06929],[89.97734,49.98433],[89.64385,49.90303],[89.6541,49.71748],[89.39561,49.61152],[89.24395,49.62705],[89.17998,49.53223],[88.83164,49.44844],[88.6332,49.48613],[88.19258,49.45171],[88.11572,49.2563],[87.93477,49.16455],[87.81426,49.16231]]]},"properties":{"ADMIN":"Mongolia","NAME_EN":"Mongolia","ISO_A2_EH":"MN","ISO_A2":"MN","LABEL_X":104.150405,"LABEL_Y":45.997488,"MIN_LABEL":3,"LABELRANK":3,"TINY":-99,"TYPE":"Sovereign country"}},
{"type":"Feature","geometry":{"type":"Polygon","coordinates":[[[26.61895,48.25986],[26.78731,48.25581],[26.98076,48.15503],[27.15205,47.95928],[27.33691,47.63975],[27.44922,47.55313],[27.61406,47.34053],[27.85381,47.1145],[28.07178,46.97842],[28.23945,46.64082],[28.24434,46.45127],[28.11914,46.13867],[28.09971,45.97261],[28.15977,45.64712],[28.07471,45.59898],[28.2125,45.45044],[28.47139,45.50718],[28.4916,45.66577],[28.7293,45.852],[28.73877,45.93716],[28.94775,46.04995],[29.00625,46.17647],[28.92744,46.42412],[29.14629,46.5269],[29.61494,46.39883],[29.75195,46.43779],[29.83789,46.35054],[30.13106,46.4231],[29.92432,46.53887],[29.94248,46.72378],[29.87783,46.82891],[29.57197,46.96401],[29.51504,47.09111],[29.54932,47.24683],[29.15977,47.45566],[29.12295,47.53037],[29.21074,47.73154],[29.19482,47.88242],[29.09297,47.97544],[28.97334,47.93301],[28.77383,48.11958],[28.32695,48.16143],[28.29102,48.23857],[28.08848,48.25703],[27.82002,48.41626],[27.54922,48.47773],[27.22852,48.37144],[26.84707,48.38716],[26.61895,48.25986]]]},"properties":{"ADMIN":"Moldova","NAME_EN":"Moldova","ISO_A2_EH":"MD","ISO_A2":"MD","LABEL_X":28.487904,"LABEL_Y":47.434999,"MIN_LABEL":5,"LABELRANK":6,"TINY":-99,"TYPE":"Sovereign country"}},
{"type":"Feature","geometry":{"type":"Polygon","coordinates":[[[7.43867,43.75044],[7.41445,43.7709],[7.37773,43.73174],[7.43867,43.75044]]]},"properties":{"ADMIN":"Monaco","NAME_EN":"Monaco","ISO_A2_EH":"MC","ISO_A2":"MC","LABEL_X":7.398291,"LABEL_Y":43.739652,"MIN_LABEL":5,"LABELRANK":6,"TINY":5,"TYPE":"Sovereign country"}},
{"type":"Feature","geometry":{"type":"MultiPolygon","coordinates":[[[[-117.12827,32.53335],[-117.06313,32.3436],[-116.91367,32.19854],[-116.848,31.99736],[-116.6208,31.85107],[-116.66216,31.56489],[-116.33345,31.20278],[-116.29629,30.97051],[-116.06216,30.80415],[-115.9958,30.41445],[-115.81562,30.30361],[-115.78955,30.08418],[-115.67383,29.7564],[-115.16636,29.42725],[-114.99351,29.38442],[-114.66401,29.09458],[-114.30923,28.72993],[-114.14551,28.60542],[-114.04849,28.42617],[-114.09272,28.22134],[-114.18525,28.01328],[-114.17539,27.83057],[-114.30059,27.873],[-114.44849,27.79688],[-114.57002,27.78394],[-115.03647,27.84185],[-114.99351,27.73604],[-114.53989,27.4311],[-114.44526,27.21816],[-114.3334,27.15801],[-114.11006,27.10596],[-113.99648,26.9877],[-113.84097,26.9665],[-113.70127,26.79136],[-113.59853,26.72129],[-113.42588,26.7958],[-113.27227,26.79097],[-113.20576,26.85698],[-113.02075,26.58325],[-112.6584,26.31675],[-112.37725,26.21392],[-112.17383,25.9126],[-112.1146,25.63037],[-112.05576,25.48823],[-112.12852,25.04312],[-112.07256,24.84004],[-111.84824,24.67007],[-111.80249,24.54253],[-111.68291,24.55581],[-111.41934,24.329],[-111.03618,24.10527],[-110.76489,23.877],[-110.62998,23.73731],[-110.36269,23.60493],[-110.18061,23.3415],[-110.08603,23.00547],[-110.00625,22.89404],[-109.92344,22.88589],[-109.72842,22.98184],[-109.45806,23.21475],[-109.42085,23.48013],[-109.50962,23.5979],[-109.67656,23.66157],[-109.71055,23.80381],[-110.0228,24.17461],[-110.26289,24.34453],[-110.29683,24.19487],[-110.54697,24.21416],[-110.65933,24.34146],[-110.73452,24.58984],[-110.67725,24.78853],[-110.75566,24.99458],[-110.89394,25.14424],[-111.01362,25.42031],[-111.03442,25.52695],[-111.14956,25.57261],[-111.2916,25.7898],[-111.33037,25.93135],[-111.33213,26.12544],[-111.5459,26.5792],[-111.56968,26.70762],[-111.79526,26.87969],[-111.81685,26.75625],[-112.00908,26.96709],[-112.00395,27.0791],[-112.19145,27.18667],[-112.28262,27.34746],[-112.3292,27.52344],[-112.55264,27.65747],[-112.73403,27.82598],[-112.74932,27.99487],[-112.80806,28.09219],[-112.7957,28.20713],[-112.86846,28.29199],[-112.87085,28.42422],[-113.09365,28.51177],[-113.20557,28.79878],[-113.3207,28.81314],[-113.38184,28.94668],[-113.49971,28.92671],[-113.54531,29.10225],[-113.75547,29.36748],[-114.06191,29.60952],[-114.1792,29.73433],[-114.37261,29.83023],[-114.55049,30.02227],[-114.64976,30.23814],[-114.6333,30.50689],[-114.68545,30.62119],[-114.76103,30.95874],[-114.88188,31.1564],[-114.84814,31.53794],[-114.78989,31.64712],[-114.8395,31.79854],[-114.54868,31.73355],[-114.14932,31.50737],[-114.00269,31.52515],[-113.94775,31.62935],[-113.75942,31.55776],[-113.63301,31.46763],[-113.62349,31.3459],[-113.48081,31.2936],[-113.23144,31.25596],[-113.04673,31.17925],[-113.10796,31.0773],[-113.11045,30.79331],[-113.05767,30.65103],[-112.8248,30.30015],[-112.73838,29.98545],[-112.5729,29.71953],[-112.41455,29.53643],[-112.37822,29.34771],[-112.22349,29.26948],[-112.16177,29.0189],[-111.94082,28.82319],[-111.83242,28.64815],[-111.68008,28.47056],[-111.47168,28.38398],[-111.28242,28.11523],[-111.12139,27.96699],[-110.9208,27.88887],[-110.75903,27.91519],[-110.52988,27.86421],[-110.61548,27.65391],[-110.56064,27.45015],[-110.47778,27.32266],[-110.27715,27.16221],[-109.94399,27.07935],[-109.89092,26.8834],[-109.75478,26.70293],[-109.48286,26.71035],[-109.27627,26.53389],[-109.19971,26.30523],[-109.42563,26.03257],[-109.38496,25.72715],[-109.3043,25.63315],[-109.06846,25.55156],[-109.02881,25.48047],[-108.78726,25.53804],[-108.75098,25.42422],[-108.37368,25.19434],[-108.09282,25.09351],[-108.20767,24.97481],[-108.01509,24.7834],[-107.95117,24.61489],[-107.8167,24.53901],[-107.51191,24.48916],[-107.52725,24.36006],[-107.08486,24.01611],[-106.9355,23.88125],[-106.72876,23.61069],[-106.5665,23.44946],[-106.40225,23.19561],[-106.23457,23.06094],[-106.02173,22.82905],[-105.7918,22.62749],[-105.64551,22.3269],[-105.64912,21.98809],[-105.52744,21.81846],[-105.43144,21.61826],[-105.20869,21.49082],[-105.23706,21.11919],[-105.49238,20.77661],[-105.32705,20.75298],[-105.26016,20.57905],[-105.37705,20.51187],[-105.54258,20.49795],[-105.66943,20.3856],[-105.57041,20.22783],[-105.48208,19.97607],[-105.28638,19.70649],[-105.10767,19.56221],[-104.93848,19.30938],[-104.60298,19.15288],[-104.40518,19.09121],[-103.91245,18.82847],[-103.69893,18.63296],[-103.4416,18.32539],[-103.01851,18.18687],[-102.69956,18.06284],[-102.2166,17.95742],[-101.99551,17.97271],[-101.84707,17.92227],[-101.60029,17.65156],[-101.48706,17.61533],[-101.3855,17.51421],[-101.14785,17.39312],[-101.00195,17.27612],[-100.8478,17.20049],[-100.02451,16.92051],[-99.69067,16.71963],[-99.34805,16.66475],[-98.76221,16.53477],[-98.52031,16.30483],[-98.13896,16.2063],[-97.75478,15.96685],[-97.18467,15.90928],[-96.80796,15.72642],[-96.51084,15.6519],[-96.21357,15.69307],[-95.77178,15.88779],[-95.4644,15.97471],[-95.13437,16.17695],[-94.94932,16.21001],[-95.02353,16.30625],[-94.90044,16.41748],[-94.66152,16.2019],[-94.47075,16.18657],[-94.37417,16.28477],[-93.91606,16.05356],[-93.73437,15.88848],[-93.54116,15.75039],[-93.16689,15.44805],[-92.80894,15.13857],[-92.53096,14.83965],[-92.23516,14.54541],[-92.15991,14.69102],[-92.18638,14.81836],[-92.14424,15.00195],[-92.0748,15.07422],[-92.20435,15.2377],[-92.18716,15.3209],[-91.73657,16.07017],[-90.44717,16.07271],[-90.45986,16.16235],[-90.41699,16.39102],[-90.63408,16.51074],[-90.71069,16.70811],[-90.97583,16.86782],[-91.22417,17.11226],[-91.40962,17.25586],[-90.99297,17.25244],[-90.98916,17.81641],[-90.18359,17.81572],[-89.16147,17.81484],[-89.13354,17.9708],[-89.05044,17.99971],[-88.8978,17.91455],[-88.80635,17.96553],[-88.58618,18.29053],[-88.523,18.4459],[-88.29565,18.47241],[-88.19531,18.64263],[-88.19678,18.71968],[-88.07378,18.83447],[-88.01113,18.72686],[-88.05644,18.52446],[-87.95967,18.44087],[-87.85322,18.26899],[-87.76182,18.44614],[-87.73354,18.65503],[-87.65303,18.79854],[-87.59355,19.04639],[-87.50107,19.28779],[-87.62207,19.25049],[-87.65869,19.35234],[-87.48267,19.44375],[-87.42476,19.58335],[-87.64531,19.55391],[-87.68769,19.63711],[-87.58579,19.77949],[-87.43193,19.89849],[-87.46719,20.10215],[-87.42139,20.2314],[-87.22124,20.50728],[-87.05957,20.63125],[-86.8647,20.88506],[-86.77178,21.15054],[-86.81709,21.23423],[-86.82407,21.42168],[-87.03477,21.59224],[-87.21645,21.58242],[-87.25088,21.44697],[-87.48047,21.47246],[-87.68882,21.53584],[-88.13164,21.61587],[-88.25102,21.5669],[-88.4667,21.56939],[-88.87871,21.41411],[-89.81977,21.27461],[-90.18291,21.1209],[-90.35312,21.00942],[-90.45845,20.71372],[-90.48413,20.55635],[-90.48242,20.02573],[-90.50708,19.91186],[-90.69316,19.72988],[-90.73926,19.35225],[-90.95503,19.15166],[-91.34307,18.90059],[-91.36777,18.8061],[-91.27876,18.72065],[-91.27524,18.62446],[-91.53398,18.45654],[-91.80298,18.47061],[-91.91357,18.52852],[-91.88037,18.63779],[-91.97378,18.71587],[-92.44102,18.67529],[-92.71011,18.61167],[-92.88477,18.46865],[-93.12734,18.42344],[-93.22793,18.4438],[-93.55234,18.43047],[-94.18901,18.19526],[-94.54619,18.17485],[-94.79814,18.5146],[-95.0147,18.57061],[-95.18184,18.70073],[-95.56143,18.71914],[-95.62681,18.69058],[-95.82109,18.75464],[-95.98467,19.05376],[-96.28955,19.34375],[-96.45605,19.86978],[-96.70869,20.18828],[-97.12144,20.61499],[-97.19497,20.8001],[-97.50059,21.39805],[-97.51455,21.47798],[-97.63755,21.60366],[-97.75381,22.02666],[-97.78237,22.2793],[-97.85781,22.62451],[-97.74521,22.94238],[-97.76587,23.30615],[-97.71704,23.98062],[-97.66768,24.38999],[-97.50708,25.01455],[-97.42407,25.23311],[-97.2249,25.58545],[-97.16445,25.75493],[-97.14624,25.96148],[-97.28179,25.9416],[-97.35815,25.87051],[-97.58726,25.98418],[-97.80142,26.04204],[-98.08281,26.06445],[-98.27505,26.11118],[-98.37812,26.18237],[-98.59829,26.23784],[-98.76523,26.34043],[-99.10776,26.44692],[-99.22993,26.76191],[-99.44355,27.03667],[-99.44023,27.17012],[-99.51006,27.34033],[-99.50532,27.54834],[-99.75425,27.72993],[-99.88965,27.86729],[-100.00142,28.04785],[-100.29604,28.32769],[-100.33174,28.50254],[-100.54971,28.82134],[-100.65864,29.06856],[-100.75459,29.18252],[-101.01631,29.40068],[-101.03896,29.4604],[-101.30352,29.63408],[-101.44038,29.77686],[-101.99092,29.7957],[-102.26894,29.87119],[-102.47627,29.76909],[-102.61494,29.75234],[-102.73418,29.64395],[-102.83398,29.44395],[-102.89199,29.21641],[-103.08999,29.0419],[-103.25771,29.00112],[-103.85293,29.29106],[-103.98975,29.32315],[-104.21553,29.47988],[-104.40063,29.57373],[-104.504,29.67769],[-104.68135,29.99053],[-104.68135,30.13438],[-104.83589,30.44766],[-104.97881,30.64595],[-105.27583,30.80728],[-105.51401,30.98076],[-105.81269,31.24102],[-106.25571,31.54468],[-106.45322,31.77017],[-107.55234,31.77588],[-108.21182,31.77935],[-108.21445,31.32944],[-109.27476,31.32744],[-109.98164,31.32617],[-111.04199,31.32422],[-111.99048,31.62022],[-112.93896,31.91626],[-113.88745,32.21231],[-114.83594,32.5083],[-114.72476,32.71533],[-115.41138,32.66187],[-116.26982,32.59761],[-117.12827,32.53335]]],[[[-86.93965,20.30332],[-86.75503,20.55176],[-86.92783,20.55151],[-87.01943,20.38232],[-86.93965,20.30332]]],[[[-113.15561,29.05225],[-113.20215,29.30186],[-113.37383,29.33892],[-113.41592,29.48594],[-113.58721,29.57305],[-113.58061,29.41323],[-113.26475,29.09673],[-113.15561,29.05225]]],[[[-115.1706,28.06939],[-115.14853,28.17212],[-115.19697,28.32788],[-115.35293,28.10396],[-115.1706,28.06939]]],[[[-112.20308,29.00532],[-112.28506,29.24043],[-112.46982,29.16773],[-112.51406,28.84761],[-112.27842,28.76934],[-112.20308,29.00532]]],[[[-118.24277,28.94194],[-118.31206,29.13052],[-118.4001,29.11231],[-118.24277,28.94194]]],[[[-111.69888,24.3936],[-111.85684,24.53799],[-112.01328,24.5334],[-111.7123,24.34639],[-111.69888,24.3936]]],[[[-112.05727,24.5457],[-112.22231,24.95112],[-112.29678,24.78965],[-112.17549,24.72959],[-112.05727,24.5457]]]]},"properties":{"ADMIN":"Mexico","NAME_EN":"Mexico","ISO_A2_EH":"MX","ISO_A2":"MX","LABEL_X":-102.289448,"LABEL_Y":23.919988,"MIN_LABEL":2,"LABELRANK":2,"TINY":-99,"TYPE":"Sovereign country"}},
{"type":"Feature","geometry":{"type":"Polygon","coordinates":[[[57.65127,-20.48486],[57.78066,-20.32695],[57.79199,-20.2126],[57.65654,-19.98994],[57.57578,-19.99717],[57.48643,-20.14394],[57.38574,-20.22861],[57.3833,-20.50371],[57.65127,-20.48486]]]},"properties":{"ADMIN":"Mauritius","NAME_EN":"Mauritius","ISO_A2_EH":"MU","ISO_A2":"MU","LABEL_X":57.565848,"LABEL_Y":-20.299506,"MIN_LABEL":4,"LABELRANK":5,"TINY":2,"TYPE":"Sovereign country"}},
{"type":"Feature","geometry":{"type":"Polygon","coordinates":[[[-12.28061,14.80903],[-12.10469,14.74536],[-11.94092,14.88691],[-11.87285,14.99517],[-11.82876,15.24487],[-11.76016,15.42554],[-11.50269,15.63682],[-11.45522,15.62539],[-11.16934,15.35864],[-10.8956,15.15049],[-10.69658,15.42266],[-10.41182,15.43794],[-10.12954,15.38369],[-9.94141,15.37378],[-9.44692,15.4582],[-9.4477,15.57485],[-9.17681,15.49609],[-8.17124,15.49614],[-7.55937,15.49614],[-6.33574,15.49619],[-5.5125,15.49629],[-5.35991,16.28286],[-5.62866,16.56865],[-5.7417,17.55557],[-5.88408,18.79888],[-5.99795,19.79351],[-6.0834,20.5395],[-6.19727,21.53418],[-6.28271,22.28018],[-6.36811,23.02612],[-6.48203,24.0208],[-6.59409,24.99463],[-5.95981,24.99497],[-4.82261,24.99561],[-5.51694,25.42378],[-6.23867,25.84819],[-7.36699,26.51177],[-8.11924,26.95415],[-8.68335,27.28594],[-8.68223,25.99551],[-9.2582,25.99551],[-10.37612,25.99546],[-11.30771,25.99541],[-12.01631,25.99541],[-12.01631,24.65098],[-12.01631,23.57647],[-12.02344,23.46758],[-12.3729,23.31802],[-12.62041,23.27134],[-13.03149,23.00024],[-13.1665,22.75322],[-13.09434,22.496],[-13.01621,21.33394],[-13.85537,21.33296],[-15.2312,21.3313],[-15.91914,21.33047],[-16.96455,21.32925],[-17.06396,20.89883],[-17.04805,20.80615],[-16.99824,21.0397],[-16.87607,21.08613],[-16.62251,20.63418],[-16.53042,20.70952],[-16.42978,20.65234],[-16.33374,20.41587],[-16.21045,20.22793],[-16.2834,19.78716],[-16.51445,19.36196],[-16.47617,19.28506],[-16.30591,19.15381],[-16.21309,19.00332],[-16.08496,18.52119],[-16.04673,18.22314],[-16.03032,17.88794],[-16.07891,17.54585],[-16.20747,17.19258],[-16.34668,16.92642],[-16.46362,16.60151],[-16.53574,16.28682],[-16.53525,15.83838],[-16.44102,16.20454],[-16.30229,16.45132],[-16.16836,16.54707],[-15.95898,16.49214],[-15.6208,16.50659],[-15.37998,16.58198],[-15.21055,16.58262],[-15.11265,16.64492],[-14.53374,16.65596],[-14.3001,16.58027],[-13.97505,16.31113],[-13.86846,16.14815],[-13.55552,16.14404],[-13.40967,16.05918],[-13.29702,15.85386],[-13.25801,15.70039],[-13.0793,15.51045],[-12.99434,15.50488],[-12.86269,15.34043],[-12.8585,15.24253],[-12.65962,15.08208],[-12.54355,15.03901],[-12.40869,14.88901],[-12.28061,14.80903]]]},"properties":{"ADMIN":"Mauritania","NAME_EN":"Mauritania","ISO_A2_EH":"MR","ISO_A2":"MR","LABEL_X":-9.740299,"LABEL_Y":19.587062,"MIN_LABEL":3,"LABELRANK":3,"TINY":-99,"TYPE":"Sovereign country"}},
{"type":"Feature","geometry":{"type":"Polygon","coordinates":[[[14.56621,35.85273],[14.44834,35.95742],[14.35234,35.87227],[14.43643,35.82168],[14.56621,35.85273]]]},"properties":{"ADMIN":"Malta","NAME_EN":"Malta","ISO_A2_EH":"MT","ISO_A2":"MT","LABEL_X":14.433005,"LABEL_Y":35.892886,"MIN_LABEL":4,"LABELRANK":5,"TINY":3,"TYPE":"Sovereign country"}},
{"type":"Feature","geometry":{"type":"Polygon","coordinates":[[[-11.3894,12.4044],[-11.5022,12.19863],[-11.30518,12.01543],[-11.20967,12.02485],[-11.06582,12.1708],[-10.9332,12.20518],[-10.74302,11.92725],[-10.67734,11.89941],[-10.46582,12.13867],[-10.27485,12.21265],[-9.8207,12.04248],[-9.71475,12.04248],[-9.6583,12.14312],[-9.3581,12.25542],[-9.36519,12.4793],[-9.21553,12.48286],[-9.04307,12.40234],[-8.81831,11.92251],[-8.82202,11.67324],[-8.71143,11.61777],[-8.66494,11.51499],[-8.40747,11.38628],[-8.66392,11.03584],[-8.56352,10.99668],[-8.47471,11.04839],[-8.3374,10.99063],[-8.32412,10.74951],[-8.23149,10.43799],[-8.00727,10.32188],[-7.99062,10.1625],[-7.81421,10.23657],[-7.66113,10.42744],[-7.49795,10.4398],[-7.36318,10.25938],[-7.10488,10.20352],[-7.03975,10.14477],[-6.95034,10.34233],[-6.69326,10.34946],[-6.65415,10.65645],[-6.5646,10.58643],[-6.40752,10.57236],[-6.42588,10.67178],[-6.26113,10.72407],[-6.19067,10.40029],[-6.24131,10.2792],[-6.03457,10.19482],[-5.84385,10.38955],[-5.69429,10.4332],[-5.52353,10.42602],[-5.45708,10.77139],[-5.49048,11.04238],[-5.34741,11.13027],[-5.29985,11.20596],[-5.22939,11.52246],[-5.29053,11.6833],[-5.28813,11.82793],[-5.10591,11.96753],[-4.79795,12.03213],[-4.58691,12.15503],[-4.42871,12.3376],[-4.42192,12.58159],[-4.48061,12.67222],[-4.2271,12.7937],[-4.22524,12.87949],[-4.32871,13.11904],[-4.05117,13.38242],[-3.85347,13.37354],[-3.57578,13.19419],[-3.46992,13.19639],[-3.30176,13.28076],[-3.26675,13.40078],[-3.27017,13.57744],[-3.19844,13.67285],[-3.03867,13.63911],[-2.91709,13.67949],[-2.92588,13.78677],[-2.87393,13.95073],[-2.77886,14.07373],[-2.58672,14.22759],[-2.45723,14.27412],[-2.11323,14.16846],[-2.05713,14.19463],[-1.97305,14.45654],[-1.76777,14.48604],[-1.49365,14.62607],[-1.04956,14.81953],[-0.76045,15.04775],[-0.53652,15.07788],[-0.40542,15.0125],[-0.23589,15.05942],[0.21748,14.91148],[0.28623,14.98018],[0.71865,14.95488],[0.96006,14.98691],[1.3002,15.27227],[1.85938,15.30171],[3.00107,15.34097],[3.06016,15.4272],[3.5043,15.35635],[3.52051,15.48311],[3.87695,15.75527],[4.01484,16.19273],[4.12129,16.35772],[4.18213,16.58179],[4.20293,16.9627],[4.23467,16.99639],[4.23193,17.83052],[4.22764,19.14277],[3.40088,18.98843],[3.25596,19.01328],[3.10606,19.1501],[3.25586,19.41094],[3.20166,19.5604],[3.20371,19.7897],[3.13027,19.8502],[2.86572,19.95596],[2.40615,20.06387],[2.21934,20.2478],[1.92881,20.2727],[1.68545,20.37837],[1.61065,20.55557],[1.29023,20.71357],[1.16572,20.81743],[1.14551,21.10225],[0.34443,21.62598],[-0.31055,22.0542],[-1.29297,22.69653],[-2.27539,23.33887],[-3.25786,23.98125],[-3.91279,24.40947],[-4.82261,24.99561],[-5.95981,24.99497],[-6.59409,24.99463],[-6.48203,24.0208],[-6.36811,23.02612],[-6.28271,22.28018],[-6.19727,21.53418],[-6.0834,20.5395],[-5.99795,19.79351],[-5.88408,18.79888],[-5.7417,17.55557],[-5.62866,16.56865],[-5.35991,16.28286],[-5.5125,15.49629],[-6.33574,15.49619],[-7.55937,15.49614],[-8.17124,15.49614],[-9.17681,15.49609],[-9.4477,15.57485],[-9.44692,15.4582],[-9.94141,15.37378],[-10.12954,15.38369],[-10.41182,15.43794],[-10.69658,15.42266],[-10.8956,15.15049],[-11.16934,15.35864],[-11.45522,15.62539],[-11.50269,15.63682],[-11.76016,15.42554],[-11.82876,15.24487],[-11.87285,14.99517],[-11.94092,14.88691],[-12.10469,14.74536],[-12.28061,14.80903],[-12.18652,14.64815],[-12.22842,14.45859],[-12.01919,14.20649],[-12.02012,13.97466],[-11.96089,13.87529],[-12.04414,13.73389],[-12.0542,13.63306],[-11.89458,13.44443],[-11.63496,13.36987],[-11.54878,13.17026],[-11.39038,12.94199],[-11.44878,12.53193],[-11.3894,12.4044]]]},"properties":{"ADMIN":"Mali","NAME_EN":"Mali","ISO_A2_EH":"ML","ISO_A2":"ML","LABEL_X":-2.038455,"LABEL_Y":18.692713,"MIN_LABEL":3,"LABELRANK":3,"TINY":-99,"TYPE":"Sovereign country"}},
{"type":"Feature","geometry":{"type":"Polygon","coordinates":[[[73.51221,4.16455],[73.52832,4.24331],[73.5041,4.23462],[73.47305,4.1707],[73.51221,4.16455]]]},"properties":{"ADMIN":"Maldives","NAME_EN":"Maldives","ISO_A2_EH":"MV","ISO_A2":"MV","LABEL_X":73.507554,"LABEL_Y":4.174441,"MIN_LABEL":4,"LABELRANK":5,"TINY":2,"TYPE":"Sovereign country"}},
{"type":"Feature","geometry":{"type":"MultiPolygon","coordinates":[[[[100.11914,6.44199],[100.1584,6.32422],[100.26328,6.18252],[100.34326,5.98418],[100.37402,5.77798],[100.35264,5.5877],[100.47344,5.04429],[100.61455,4.65225],[100.61455,4.37344],[100.66104,4.22573],[100.79551,4.02339],[100.71543,3.96621],[100.85127,3.77671],[101.02481,3.62471],[101.11543,3.47202],[101.2999,3.25327],[101.3543,3.01113],[101.29551,2.88521],[101.40684,2.81348],[101.51973,2.68364],[101.78125,2.57358],[101.88994,2.44941],[102.14561,2.24849],[102.54824,2.04238],[102.72715,1.85557],[102.89688,1.79233],[103.35684,1.54614],[103.48027,1.32949],[103.54981,1.33281],[103.69453,1.44966],[103.8168,1.47656],[103.9915,1.45479],[104.07617,1.52979],[104.17637,1.36489],[104.28848,1.48066],[104.21856,1.72285],[103.81221,2.58047],[103.53731,2.77476],[103.43945,2.93311],[103.45352,3.52061],[103.36201,3.76914],[103.42051,3.97686],[103.46875,4.39326],[103.45391,4.66948],[103.41582,4.85029],[103.19697,5.26216],[102.98242,5.52495],[102.79023,5.64492],[102.53438,5.86255],[102.34014,6.17202],[102.10107,6.24224],[102.05518,6.09668],[101.93613,5.97935],[101.87363,5.82529],[101.79072,5.77935],[101.65,5.796],[101.55606,5.90776],[101.25703,5.78936],[101.19063,5.66875],[101.11397,5.63677],[100.98164,5.77105],[101.07559,5.95649],[101.05352,6.24258],[100.87393,6.24541],[100.79375,6.42617],[100.62949,6.448],[100.34541,6.5499],[100.26143,6.68272],[100.17676,6.67183],[100.11914,6.44199]]],[[[117.57441,4.17061],[117.64981,4.30449],[117.74102,4.33755],[117.89561,4.26294],[118.0082,4.25024],[118.22871,4.31602],[118.49805,4.36235],[118.58633,4.40967],[118.5625,4.50215],[118.32422,4.6687],[118.18535,4.82852],[118.26055,4.98887],[118.38184,5.01851],[118.67207,4.96406],[119.13223,5.10049],[119.24971,5.19873],[119.22344,5.41265],[118.95732,5.429],[118.71367,5.55855],[118.59482,5.59209],[118.56309,5.68452],[118.45635,5.76343],[118.24912,5.82056],[117.97363,5.70625],[117.93477,5.7875],[118.11582,5.8625],[118.00381,6.05332],[117.81768,5.94043],[117.61719,5.94072],[117.64981,6.07358],[117.61592,6.19653],[117.69561,6.27231],[117.6457,6.47368],[117.29404,6.6769],[117.25244,6.91924],[117.12852,6.9689],[116.91328,6.65967],[116.80772,6.69106],[116.84981,6.82671],[116.83301,6.95205],[116.74981,6.9771],[116.49473,6.52168],[116.13838,6.12954],[116.05977,5.88237],[115.91846,5.72495],[115.79688,5.53613],[115.55645,5.5667],[115.41904,5.41318],[115.4669,5.2541],[115.58203,5.19414],[115.51982,5.04893],[115.3749,4.93276],[115.14004,4.89976],[115.2667,4.63398],[115.2793,4.45635],[115.24668,4.34722],[115.10703,4.39043],[115.02676,4.69136],[115.02676,4.89971],[114.74668,4.71807],[114.79014,4.46392],[114.84023,4.39321],[114.77617,4.1688],[114.6083,4.02398],[114.4166,4.25586],[114.32295,4.26279],[114.22412,4.47788],[114.06387,4.59268],[113.98428,4.5458],[113.98779,4.4207],[113.92393,4.24321],[113.71211,4.00142],[113.44609,3.74058],[113.04473,3.20523],[112.73731,3.07046],[112.11885,2.9147],[111.72773,2.85381],[111.5125,2.74302],[111.44326,2.63433],[111.44385,2.38154],[111.35137,2.36445],[111.24219,2.43574],[111.19551,2.29717],[111.26816,2.13975],[111.17002,1.9023],[111.1542,1.73877],[110.93994,1.51733],[110.6752,1.54805],[110.34922,1.71973],[110.2459,1.69473],[109.98457,1.71763],[109.71963,1.85781],[109.62891,2.02754],[109.53897,1.89619],[109.63584,1.77666],[109.654,1.61489],[109.81807,1.43897],[110.11475,1.19014],[110.31523,0.996],[110.50576,0.86196],[110.61475,0.87813],[110.93809,1.01733],[111.10137,1.05054],[111.28672,1.04321],[111.4832,0.99575],[111.60742,1.02261],[111.76973,0.99946],[111.92315,1.11328],[112.07852,1.14336],[112.18574,1.43906],[112.47617,1.55908],[112.94297,1.56699],[113.00654,1.43389],[113.35898,1.32715],[113.51318,1.3084],[113.62227,1.23594],[113.90234,1.43428],[114.38711,1.50005],[114.5459,1.46714],[114.66094,1.68628],[114.70352,1.85078],[114.83057,1.98003],[114.75869,2.1624],[114.78643,2.25049],[114.96914,2.35083],[115.1791,2.52319],[115.08076,2.63423],[115.08633,2.84111],[115.24697,3.02593],[115.31016,2.99395],[115.4544,3.03433],[115.49316,3.12813],[115.51992,3.36167],[115.56611,3.44575],[115.54453,3.63369],[115.56846,3.93877],[115.67881,4.19302],[115.89619,4.34868],[116.02158,4.29067],[116.13447,4.35518],[116.32031,4.35371],[116.41455,4.3082],[116.51475,4.3708],[117.10059,4.33706],[117.27754,4.29932],[117.45088,4.19287],[117.57441,4.17061]]],[[[100.28897,5.29473],[100.33887,5.41006],[100.20391,5.44688],[100.19102,5.28286],[100.28897,5.29473]]],[[[99.84805,6.46572],[99.74922,6.40962],[99.74375,6.26328],[99.91865,6.35859],[99.84805,6.46572]]],[[[117.1416,7.16821],[117.23936,7.18477],[117.26406,7.35166],[117.14688,7.33701],[117.06426,7.26069],[117.1416,7.16821]]],[[[111.38926,2.41533],[111.37832,2.70933],[111.30039,2.74116],[111.31152,2.4376],[111.38926,2.41533]]],[[[117.88477,4.18613],[117.76143,4.25234],[117.64902,4.16899],[117.88477,4.18613]]]]},"properties":{"ADMIN":"Malaysia","NAME_EN":"Malaysia","ISO_A2_EH":"MY","ISO_A2":"MY","LABEL_X":113.83708,"LABEL_Y":2.528667,"MIN_LABEL":3,"LABELRANK":3,"TINY":-99,"TYPE":"Sovereign country"}},
{"type":"Feature","geometry":{"type":"Polygon","coordinates":[[[33.20176,-14.01338],[33.38994,-14.28945],[33.63643,-14.56816],[33.69609,-14.53027],[34.33252,-14.40859],[34.50527,-14.59814],[34.55117,-14.92236],[34.54082,-15.29727],[34.43496,-15.47715],[34.35801,-15.70527],[34.24824,-15.8875],[34.37598,-16.02373],[34.39551,-16.19922],[34.9334,-16.76035],[35.07988,-16.83389],[35.11211,-16.89853],[35.04395,-17.0169],[35.12461,-17.12725],[35.29043,-17.09697],[35.28115,-16.80781],[35.16719,-16.56025],[35.2915,-16.24717],[35.3585,-16.16055],[35.59932,-16.12588],[35.75527,-16.0583],[35.79121,-15.95869],[35.83027,-15.41894],[35.80537,-15.26562],[35.8667,-14.86377],[35.84717,-14.6709],[35.24746,-13.89687],[35.01387,-13.64346],[34.85049,-13.51602],[34.66162,-13.48672],[34.56367,-13.36016],[34.48291,-12.6668],[34.36084,-12.21055],[34.37598,-12.12021],[34.55391,-11.83408],[34.65957,-11.58867],[34.95947,-11.57812],[34.93701,-11.46348],[34.85059,-11.35195],[34.77383,-11.3417],[34.59766,-11.0375],[34.65234,-10.87285],[34.66182,-10.71006],[34.58359,-10.5251],[34.56992,-10.24111],[34.52422,-10.03018],[34.3209,-9.73154],[34.08857,-9.53779],[33.9956,-9.49541],[33.94395,-9.67217],[33.69766,-9.59815],[33.4209,-9.60801],[33.33086,-9.51914],[33.13047,-9.4959],[32.97402,-9.39502],[32.91992,-9.40742],[32.996,-9.62285],[33.1957,-9.62617],[33.25,-9.75957],[33.35098,-9.86221],[33.31152,-10.03799],[33.52891,-10.23467],[33.55371,-10.39131],[33.65908,-10.59053],[33.46475,-10.7831],[33.34492,-10.81269],[33.26133,-10.89336],[33.37979,-11.15791],[33.22637,-11.53486],[33.28828,-11.61113],[33.30098,-11.88818],[33.25234,-12.1126],[33.34014,-12.3083],[33.49141,-12.33105],[33.39795,-12.48984],[33.02158,-12.63047],[32.94561,-12.80439],[33,-12.89961],[32.96758,-13.225],[32.85186,-13.45703],[32.67207,-13.61035],[32.77178,-13.65654],[32.76514,-13.76103],[32.86719,-13.81738],[32.99209,-14.02217],[33.14805,-13.94092],[33.20176,-14.01338]]]},"properties":{"ADMIN":"Malawi","NAME_EN":"Malawi","ISO_A2_EH":"MW","ISO_A2":"MW","LABEL_X":33.608082,"LABEL_Y":-13.386737,"MIN_LABEL":4,"LABELRANK":6,"TINY":-99,"TYPE":"Sovereign country"}},
{"type":"Feature","geometry":{"type":"MultiPolygon","coordinates":[[[[49.53828,-12.43213],[49.36397,-12.23633],[49.31211,-12.12393],[49.20703,-12.07959],[49.03574,-12.31582],[48.89961,-12.4585],[48.78633,-12.4709],[48.89424,-12.72168],[48.91035,-12.93584],[48.79648,-13.26748],[48.62139,-13.42598],[48.40508,-13.53799],[48.25527,-13.71934],[48.03984,-13.59629],[47.896,-13.73066],[47.90137,-13.8582],[47.99551,-13.96045],[47.95518,-14.06728],[47.77334,-14.36992],[47.81152,-14.54482],[47.52471,-14.99219],[47.4292,-14.9957],[47.49639,-14.81836],[47.46475,-14.71328],[47.35195,-14.76611],[47.28047,-14.94268],[47.09258,-15.1501],[47.1334,-15.36172],[47.03232,-15.42266],[46.99326,-15.24316],[46.88203,-15.22959],[46.4751,-15.51348],[46.33145,-15.71367],[46.31406,-15.90459],[46.19053,-15.74687],[45.7002,-15.81377],[45.59824,-15.99258],[45.34219,-16.03672],[45.27129,-15.9623],[45.1668,-15.98281],[44.90918,-16.17451],[44.47617,-16.21728],[44.42705,-16.28906],[44.42139,-16.70264],[43.9794,-17.3916],[43.94356,-17.58144],[43.99356,-17.69033],[44.04004,-18.28848],[44.10879,-18.50352],[44.23311,-18.74063],[44.23877,-19.07519],[44.44883,-19.42871],[44.45293,-19.55088],[44.40469,-19.92207],[44.34815,-20.14551],[44.23965,-20.37969],[43.91113,-20.86582],[43.8002,-21.1792],[43.50186,-21.35644],[43.43779,-21.64668],[43.34268,-21.79043],[43.2666,-22.04932],[43.26484,-22.38359],[43.32959,-22.69189],[43.39785,-22.88633],[43.56953,-23.08047],[43.72227,-23.52969],[43.64609,-23.74189],[43.65684,-24.10879],[43.6875,-24.35791],[43.85156,-24.53838],[44.03535,-24.9957],[44.25615,-25.11689],[44.3459,-25.22607],[44.47383,-25.27109],[44.81289,-25.33418],[45.11523,-25.54307],[45.20576,-25.57051],[45.50801,-25.56318],[45.60459,-25.52871],[45.9209,-25.34131],[46.15869,-25.23037],[46.38672,-25.17275],[46.72852,-25.1499],[47.03496,-24.979],[47.17734,-24.78721],[47.27285,-24.56435],[47.37256,-24.21846],[47.55801,-23.87461],[47.6041,-23.6331],[47.73945,-23.2334],[47.8583,-22.74727],[47.9084,-22.46582],[48.17588,-21.84307],[48.35078,-21.34902],[48.46856,-20.9],[48.60703,-20.45752],[48.79746,-19.95322],[48.91807,-19.53047],[49.06006,-19.11963],[49.20332,-18.79228],[49.36289,-18.33633],[49.47783,-17.89853],[49.49365,-17.66953],[49.43711,-17.34668],[49.44932,-17.24063],[49.53955,-17.03291],[49.63691,-16.89287],[49.76719,-16.81514],[49.73398,-16.70303],[49.83906,-16.48652],[49.83106,-16.25586],[49.71279,-16.07676],[49.69707,-15.81143],[49.6499,-15.56699],[49.74375,-15.44951],[49.89258,-15.45771],[50.02041,-15.80176],[50.20898,-15.96045],[50.2915,-15.8585],[50.40459,-15.6291],[50.48272,-15.38564],[50.44131,-15.14932],[50.31348,-14.93682],[50.23535,-14.73203],[50.20459,-14.51445],[50.17383,-14.04023],[50.07344,-13.57793],[49.96719,-13.27021],[49.9375,-13.07227],[49.63779,-12.63711],[49.53828,-12.43213]]],[[[48.34219,-13.36387],[48.30889,-13.19824],[48.19121,-13.25996],[48.21191,-13.38525],[48.34219,-13.36387]]]]},"properties":{"ADMIN":"Madagascar","NAME_EN":"Madagascar","ISO_A2_EH":"MG","ISO_A2":"MG","LABEL_X":46.704241,"LABEL_Y":-18.628288,"MIN_LABEL":2.7,"LABELRANK":3,"TINY":-99,"TYPE":"Sovereign country"}},
{"type":"Feature","geometry":{"type":"Polygon","coordinates":[[[21.5625,42.24751],[21.38955,42.21982],[21.25635,42.09951],[21.05977,42.17129],[20.77813,42.07105],[20.74414,41.9043],[20.56621,41.87368],[20.44863,41.52129],[20.48897,41.27261],[20.74082,40.90527],[20.87022,40.91792],[20.96426,40.8499],[21.32373,40.86714],[21.4041,40.90718],[21.57578,40.86894],[21.77949,40.95044],[21.92949,41.10742],[22.2377,41.15518],[22.49356,41.11851],[22.72481,41.17852],[22.75508,41.31274],[22.91602,41.33628],[22.95147,41.60562],[23.00566,41.71694],[22.83682,41.9936],[22.58272,42.10483],[22.34404,42.31397],[22.23975,42.35815],[22.05205,42.30464],[21.9041,42.32207],[21.5625,42.24751]]]},"properties":{"ADMIN":"North Macedonia","NAME_EN":"North Macedonia","ISO_A2_EH":"MK","ISO_A2":"MK","LABEL_X":21.555839,"LABEL_Y":41.558223,"MIN_LABEL":5,"LABELRANK":6,"TINY":-99,"TYPE":"Sovereign country"}},
{"type":"Feature","geometry":{"type":"Polygon","coordinates":[[[6.1165,50.121],[5.97627,50.16719],[5.74404,49.91963],[5.725,49.8083],[5.88037,49.64478],[5.78975,49.53828],[5.95947,49.45464],[6.24219,49.49434],[6.34434,49.45273],[6.48731,49.79849],[6.25606,49.87217],[6.13818,49.97432],[6.1165,50.121]]]},"properties":{"ADMIN":"Luxembourg","NAME_EN":"Luxembourg","ISO_A2_EH":"LU","ISO_A2":"LU","LABEL_X":6.07762,"LABEL_Y":49.733732,"MIN_LABEL":5.7,"LABELRANK":6,"TINY":5,"TYPE":"Sovereign country"}},
{"type":"Feature","geometry":{"type":"Polygon","coordinates":[[[22.76621,54.35679],[23.01553,54.34834],[23.45361,54.14346],[23.48467,53.9398],[23.73369,53.91226],[24.19131,53.95044],[24.31797,53.89297],[24.6207,53.97983],[24.76816,53.97466],[24.82568,54.11899],[25.04609,54.13306],[25.17949,54.21426],[25.46113,54.29277],[25.57305,54.13989],[25.74922,54.15698],[25.70254,54.29297],[25.54736,54.33184],[25.72481,54.56426],[25.72246,54.71787],[25.85928,54.91929],[26.1752,55.00327],[26.2918,55.1396],[26.60117,55.13018],[26.77568,55.2731],[26.45762,55.34248],[26.59356,55.66753],[26.28125,55.75044],[26.08555,55.89688],[25.58574,56.13018],[25.06992,56.20039],[24.90303,56.39819],[24.69951,56.3813],[24.529,56.29629],[24.1207,56.26426],[23.8127,56.32925],[22.96826,56.38042],[22.58691,56.3751],[22.08457,56.40674],[21.65352,56.31455],[21.04609,56.07007],[21.06191,55.81343],[21.23789,55.45503],[21.23574,55.26411],[21.38926,55.27554],[21.55469,55.19531],[22.07236,55.06367],[22.56729,55.05913],[22.83125,54.83848],[22.67988,54.49302],[22.76621,54.35679]]]},"properties":{"ADMIN":"Lithuania","NAME_EN":"Lithuania","ISO_A2_EH":"LT","ISO_A2":"LT","LABEL_X":24.089932,"LABEL_Y":55.103703,"MIN_LABEL":4,"LABELRANK":5,"TINY":-99,"TYPE":"Sovereign country"}},
{"type":"Feature","geometry":{"type":"Polygon","coordinates":[[[9.58027,47.05737],[9.52754,47.27075],[9.4877,47.06226],[9.58027,47.05737]]]},"properties":{"ADMIN":"Liechtenstein","NAME_EN":"Liechtenstein","ISO_A2_EH":"LI","ISO_A2":"LI","LABEL_X":9.559439,"LABEL_Y":47.111405,"MIN_LABEL":5,"LABELRANK":6,"TINY":6,"TYPE":"Sovereign country"}},
{"type":"Feature","geometry":{"type":"Polygon","coordinates":[[[9.51875,30.2294],[9.31025,30.11523],[9.54619,29.79595],[9.67266,29.56699],[9.8207,29.1148],[9.84258,28.96699],[9.81563,28.56021],[9.8582,28.04331],[9.91602,27.78569],[9.74756,27.33086],[9.75254,27.21934],[9.83711,26.91582],[9.89443,26.84795],[9.85938,26.55195],[9.49141,26.33374],[9.43789,26.24551],[9.44824,26.06714],[10.00068,25.33208],[10.02812,25.05103],[10.11953,24.79023],[10.25586,24.59102],[10.43897,24.48023],[10.68613,24.55137],[11.50762,24.31436],[11.53691,24.29082],[11.96787,23.51787],[12.48877,23.40166],[13.48125,23.18018],[13.59863,23.11953],[14.20068,22.62373],[14.23076,22.61846],[14.979,22.99619],[15.98408,23.44522],[16.79414,23.04526],[17.75225,22.57212],[18.23135,22.33555],[19.18945,21.8624],[19.66856,21.62583],[20.62676,21.15264],[21.58496,20.67949],[22.54307,20.20635],[23.02217,19.96977],[23.98027,19.49663],[23.98027,19.99595],[24.96699,19.99546],[24.97949,20.00259],[24.97988,20.99922],[24.98027,21.99585],[24.98027,23.11865],[24.98027,24.01694],[24.98027,24.69063],[24.98027,25.58887],[24.98027,26.26255],[24.98027,27.16084],[24.98027,28.05908],[24.98027,29.18189],[24.91611,29.37627],[24.80371,29.88604],[24.71162,30.13154],[24.72647,30.25059],[24.87754,30.45752],[24.97393,30.77656],[24.87754,31.06123],[24.85273,31.33481],[25.15049,31.65498],[25.025,31.88335],[24.87852,31.98428],[24.68389,32.01597],[24.47979,31.99653],[24.12969,32.00923],[23.79766,32.15869],[23.28633,32.21382],[23.10625,32.33145],[23.12969,32.44814],[23.09063,32.61875],[22.7541,32.74053],[22.52344,32.79395],[22.1874,32.91826],[21.83945,32.90864],[21.63594,32.93731],[21.42471,32.79917],[21.06231,32.77554],[20.62109,32.58018],[20.37061,32.43076],[20.12148,32.21875],[19.97344,31.99907],[19.92637,31.81753],[19.96123,31.55601],[20.10381,31.30054],[20.15098,31.07861],[20.01318,30.80068],[19.71328,30.48838],[19.2917,30.28809],[19.12373,30.26611],[18.93643,30.29043],[18.66982,30.41567],[18.19043,30.7773],[17.94932,30.8519],[17.83047,30.92759],[17.34922,31.08149],[16.78154,31.21475],[16.45098,31.2273],[16.12305,31.26445],[15.70596,31.42642],[15.49639,31.65679],[15.36309,31.97119],[15.35908,32.15967],[15.17656,32.39116],[14.51338,32.51108],[14.23711,32.68125],[13.83535,32.7918],[13.64775,32.79883],[13.2835,32.91465],[12.75352,32.80107],[12.27988,32.85855],[11.81348,33.0937],[11.50459,33.18193],[11.46719,32.96572],[11.45391,32.64258],[11.53379,32.52495],[11.50498,32.41367],[10.82637,32.08066],[10.60889,31.92954],[10.47578,31.73604],[10.30606,31.70483],[10.11494,31.46377],[10.24336,31.03213],[10.25606,30.86494],[10.21641,30.7832],[9.89502,30.38731],[9.51875,30.2294]]]},"properties":{"ADMIN":"Libya","NAME_EN":"Libya","ISO_A2_EH":"LY","ISO_A2":"LY","LABEL_X":18.011015,"LABEL_Y":26.638944,"MIN_LABEL":3,"LABELRANK":3,"TINY":-99,"TYPE":"Sovereign country"}},
{"type":"Feature","geometry":{"type":"Polygon","coordinates":[[[-11.50752,6.90654],[-11.2916,6.68823],[-10.84902,6.46509],[-10.7856,6.31016],[-10.59707,6.21094],[-10.41816,6.16733],[-10.27637,6.07764],[-9.65439,5.5187],[-9.37476,5.24106],[-9.13218,5.05464],[-8.25903,4.58999],[-7.99824,4.50869],[-7.66001,4.3668],[-7.54497,4.35132],[-7.57158,4.38643],[-7.59121,4.82153],[-7.5689,5.08066],[-7.50977,5.1085],[-7.42983,5.32451],[-7.3999,5.55059],[-7.45439,5.84131],[-7.73037,5.91904],[-7.79653,5.9751],[-7.88862,6.23486],[-7.98159,6.28613],[-8.20386,6.29072],[-8.34487,6.35127],[-8.4499,6.4625],[-8.60356,6.50781],[-8.33257,6.80156],[-8.29663,7.07402],[-8.43716,7.51641],[-8.48643,7.5585],[-8.57886,7.67705],[-8.7083,7.65889],[-8.74023,7.4957],[-8.88965,7.2627],[-9.11758,7.21592],[-9.26328,7.37773],[-9.45977,7.44253],[-9.36894,7.63955],[-9.43633,7.8667],[-9.51826,8.34609],[-9.76826,8.53457],[-10.06436,8.42988],[-10.14741,8.51973],[-10.2832,8.48516],[-10.31465,8.31084],[-10.38955,8.15762],[-10.57085,8.07114],[-10.64746,7.75938],[-10.87808,7.53823],[-11.0854,7.39858],[-11.26768,7.23262],[-11.50752,6.90654]]]},"properties":{"ADMIN":"Liberia","NAME_EN":"Liberia","ISO_A2_EH":"LR","ISO_A2":"LR","LABEL_X":-9.460379,"LABEL_Y":6.447177,"MIN_LABEL":4,"LABELRANK":4,"TINY":-99,"TYPE":"Sovereign country"}},
{"type":"Feature","geometry":{"type":"Polygon","coordinates":[[[28.73691,-30.10195],[29.09805,-29.91904],[29.14219,-29.70098],[29.29356,-29.56689],[29.39072,-29.26973],[29.30137,-29.08984],[29.17803,-29.03691],[28.95371,-28.88144],[28.62578,-28.58174],[28.23262,-28.70127],[27.95986,-28.87334],[27.73555,-28.94004],[27.52715,-29.23613],[27.29453,-29.51934],[27.09522,-29.59932],[27.05176,-29.66406],[27.13047,-29.84023],[27.35537,-30.15859],[27.38848,-30.31592],[27.49199,-30.36396],[27.75313,-30.6],[28.01816,-30.64228],[28.13906,-30.4499],[28.39209,-30.14756],[28.73691,-30.10195]]]},"properties":{"ADMIN":"Lesotho","NAME_EN":"Lesotho","ISO_A2_EH":"LS","ISO_A2":"LS","LABEL_X":28.246639,"LABEL_Y":-29.480158,"MIN_LABEL":4,"LABELRANK":6,"TINY":-99,"TYPE":"Sovereign country"}},
{"type":"Feature","geometry":{"type":"Polygon","coordinates":[[[35.97627,34.6292],[35.97793,34.54741],[35.8043,34.4374],[35.64785,34.24824],[35.61182,34.03218],[35.51084,33.87974],[35.33574,33.50347],[35.25137,33.39263],[35.10859,33.08369],[35.41123,33.07568],[35.49316,33.11948],[35.53252,33.25049],[35.73447,33.33262],[35.84072,33.41567],[35.86914,33.43174],[36.02227,33.5625],[35.94238,33.66758],[36.09219,33.83159],[36.28223,33.89419],[36.35488,34.01133],[36.45752,34.05684],[36.58496,34.22124],[36.5044,34.43237],[36.32627,34.51333],[36.43301,34.61348],[35.97627,34.6292]]]},"properties":{"ADMIN":"Lebanon","NAME_EN":"Lebanon","ISO_A2_EH":"LB","ISO_A2":"LB","LABEL_X":35.992892,"LABEL_Y":34.133368,"MIN_LABEL":4,"LABELRANK":5,"TINY":4,"TYPE":"Sovereign country"}},
{"type":"Feature","geometry":{"type":"Polygon","coordinates":[[[26.59356,55.66753],[26.82246,55.70923],[27.05254,55.83057],[27.57676,55.79878],[27.64229,55.91172],[27.89629,56.07617],[28.14795,56.14292],[28.20205,56.2604],[28.10313,56.5457],[28.00752,56.59985],[27.80606,56.86709],[27.63945,56.84565],[27.81455,57.1669],[27.79688,57.31694],[27.35195,57.52813],[26.89981,57.60879],[26.53262,57.53101],[26.29805,57.60107],[25.99111,57.83818],[25.79375,57.86856],[25.34004,58.03945],[25.11104,58.06343],[24.32256,57.87061],[24.40322,57.325],[24.28125,57.17231],[23.93115,57.0085],[23.64775,56.97105],[23.28731,57.08975],[23.13682,57.32383],[22.64863,57.59536],[22.55459,57.72427],[21.72871,57.571],[21.45918,57.32246],[21.35078,57.01768],[21.07129,56.82373],[21.03145,56.63657],[21.01494,56.25894],[21.04609,56.07007],[21.65352,56.31455],[22.08457,56.40674],[22.58691,56.3751],[22.96826,56.38042],[23.8127,56.32925],[24.1207,56.26426],[24.529,56.29629],[24.69951,56.3813],[24.90303,56.39819],[25.06992,56.20039],[25.58574,56.13018],[26.08555,55.89688],[26.28125,55.75044],[26.59356,55.66753]]]},"properties":{"ADMIN":"Latvia","NAME_EN":"Latvia","ISO_A2_EH":"LV","ISO_A2":"LV","LABEL_X":25.458723,"LABEL_Y":57.066872,"MIN_LABEL":4,"LABELRANK":5,"TINY":-99,"TYPE":"Sovereign country"}},
{"type":"Feature","geometry":{"type":"Polygon","coordinates":[[[102.12744,22.3792],[102.02441,22.43921],[101.8418,22.38848],[101.75996,22.49033],[101.67148,22.46231],[101.61992,22.32744],[101.52451,22.25366],[101.60293,21.9897],[101.73652,21.82651],[101.74727,21.60576],[101.72295,21.31494],[101.80205,21.23599],[101.70479,21.15015],[101.54238,21.23428],[101.28145,21.18413],[101.22441,21.22373],[101.13887,21.56748],[101.08037,21.46865],[100.92754,21.36621],[100.75664,21.31265],[100.61367,21.05933],[100.53613,20.99238],[100.56514,20.8251],[100.40742,20.82324],[100.24932,20.73027],[100.18389,20.58911],[100.12246,20.31665],[100.31797,20.38589],[100.51953,20.17793],[100.54307,20.08867],[100.39766,19.7561],[100.42012,19.64448],[100.62549,19.49985],[100.74395,19.51475],[100.9665,19.61079],[101.15469,19.5792],[101.2208,19.48662],[101.19756,19.32793],[101.27988,19.08892],[101.28633,18.97715],[101.16553,18.61831],[101.05059,18.40703],[101.1375,18.28686],[101.11328,18.03355],[100.9085,17.58389],[101.10518,17.47954],[101.16748,17.49902],[101.41367,17.71875],[101.6875,17.8894],[101.77481,18.0334],[101.94746,18.08149],[102.10147,18.21065],[102.35186,18.04595],[102.55254,17.96509],[102.66065,17.81797],[102.71758,17.89224],[103.05137,18.02852],[103.14854,18.22173],[103.26318,18.27847],[103.25176,18.37349],[103.36699,18.42334],[103.62969,18.38257],[103.79229,18.3165],[103.94961,18.31899],[104.04873,18.2167],[104.19619,17.98838],[104.42813,17.69898],[104.65586,17.54673],[104.73965,17.46167],[104.81602,17.30029],[104.75898,17.07715],[104.75059,16.64756],[104.81934,16.46606],[104.9499,16.33994],[105.04717,16.16025],[105.40625,15.98745],[105.37324,15.8897],[105.46201,15.78042],[105.62207,15.69995],[105.61563,15.48828],[105.51318,15.36089],[105.49043,15.12759],[105.54668,14.93247],[105.47559,14.53013],[105.34219,14.4167],[105.1833,14.34624],[105.2457,14.20054],[105.3502,14.10957],[105.53154,14.15615],[105.73975,14.08496],[105.90449,13.92451],[106.0668,13.92119],[106.12471,14.04912],[105.97891,14.34302],[106.16523,14.37236],[106.22539,14.47622],[106.35498,14.45479],[106.50147,14.57822],[106.56367,14.50508],[106.81992,14.3147],[106.93809,14.32734],[107.03018,14.42568],[107.10938,14.4167],[107.29268,14.59238],[107.41475,14.56289],[107.51943,14.70508],[107.52451,14.87183],[107.48037,14.97988],[107.55527,15.05703],[107.65313,15.25523],[107.56426,15.3916],[107.33877,15.5605],[107.18955,15.74727],[107.18887,15.83862],[107.36065,15.92173],[107.39639,16.04302],[107.21738,16.13633],[107.06973,16.27983],[106.93066,16.35312],[106.83242,16.52627],[106.69609,16.45898],[106.54619,16.65073],[106.50225,16.9541],[106.42598,17.00254],[106.26953,17.2168],[106.00625,17.41528],[105.69141,17.73784],[105.58848,17.98369],[105.4582,18.1543],[105.3335,18.18965],[105.16328,18.33872],[105.08584,18.4501],[105.14541,18.6168],[105.11514,18.67886],[104.7165,18.80342],[104.10859,19.19556],[103.91836,19.26851],[103.89639,19.33999],[104.06289,19.48257],[104.03203,19.67515],[104.25986,19.6855],[104.54629,19.61055],[104.74316,19.75474],[104.81514,19.904],[104.92793,20.01812],[104.88867,20.16909],[104.69873,20.20532],[104.61885,20.37451],[104.39219,20.42476],[104.5832,20.64668],[104.19531,20.91397],[104.05205,20.94121],[103.79053,20.80952],[103.63506,20.69707],[103.46357,20.77983],[103.10449,20.89165],[102.85117,21.26592],[102.94863,21.56978],[102.94961,21.68135],[102.84522,21.73477],[102.69531,21.66211],[102.64082,21.71143],[102.58252,21.9043],[102.18301,22.28403],[102.12744,22.3792]]]},"properties":{"ADMIN":"Laos","NAME_EN":"Laos","ISO_A2_EH":"LA","ISO_A2":"LA","LABEL_X":102.533912,"LABEL_Y":19.431821,"MIN_LABEL":4,"LABELRANK":4,"TINY":-99,"TYPE":"Sovereign country"}},
{"type":"Feature","geometry":{"type":"Polygon","coordinates":[[[70.95801,40.23887],[70.94639,40.1876],[70.64434,40.08345],[70.51514,39.9499],[70.45137,40.04922],[69.9668,40.20225],[69.53027,40.09731],[69.43193,39.90977],[69.30723,39.96856],[69.2291,39.76108],[69.29766,39.52481],[69.59883,39.57378],[70.24482,39.54263],[70.39209,39.58189],[70.60781,39.5644],[70.7331,39.41328],[71.00488,39.41187],[71.06504,39.49341],[71.4043,39.59785],[71.51738,39.55386],[71.54629,39.45308],[71.73223,39.423],[71.80596,39.27559],[72.04277,39.35215],[72.22998,39.20752],[72.35772,39.33687],[72.63994,39.38599],[72.87246,39.3604],[73.23496,39.37456],[73.47041,39.4606],[73.63164,39.44888],[73.82295,39.48897],[73.91465,39.60649],[73.83535,39.80015],[73.9916,40.04312],[74.41191,40.13721],[74.67988,40.3106],[74.8418,40.34497],[74.86562,40.49351],[75.00449,40.44951],[75.24102,40.48027],[75.5208,40.62754],[75.5835,40.60532],[75.65596,40.32925],[75.87197,40.30322],[76.2583,40.43076],[76.31856,40.35225],[76.48018,40.44951],[76.63984,40.74224],[76.82402,40.98232],[76.98662,41.03916],[77.58174,40.99277],[77.81523,41.05562],[78.12344,41.07564],[78.34629,41.28145],[78.3624,41.37163],[78.74258,41.56006],[79.29356,41.78281],[79.76611,41.89888],[79.84043,41.99575],[80.21621,42.03242],[80.20937,42.19004],[79.92109,42.41314],[79.49014,42.45757],[79.20303,42.66602],[79.16484,42.75903],[78.7915,42.79082],[78.52422,42.86465],[78.02315,42.85752],[77.80166,42.89522],[77.23555,42.91265],[77.05732,42.97065],[76.50918,42.9189],[75.78955,42.93291],[75.63565,42.8146],[75.36621,42.83696],[75.04766,42.9044],[74.62227,43.0562],[74.20908,43.24038],[73.61201,43.0479],[73.55625,43.00278],[73.42188,42.59351],[73.49297,42.40903],[73.28291,42.5041],[72.85508,42.56113],[72.75293,42.63789],[72.27578,42.75767],[71.8168,42.82217],[71.25664,42.73355],[71.02275,42.53545],[70.89287,42.33999],[70.94678,42.24868],[71.03604,42.28467],[71.22852,42.16289],[70.84189,42.01963],[70.80332,41.92266],[70.63086,41.87549],[70.45498,41.72505],[70.18096,41.57144],[70.47139,41.41265],[70.6459,41.46035],[70.73438,41.40054],[70.78242,41.2625],[71.11074,41.15264],[71.4084,41.13604],[71.4209,41.3419],[71.60625,41.36743],[71.60225,41.50327],[71.79248,41.41313],[71.87861,41.19502],[72.16426,41.17373],[72.1873,41.02593],[72.36406,41.04346],[72.62041,40.88379],[72.99004,40.86011],[73.11289,40.78604],[72.77383,40.65039],[72.56748,40.52437],[72.40205,40.57808],[72.35772,40.40166],[72.13125,40.43862],[71.95566,40.25859],[71.69248,40.15234],[71.30469,40.28691],[70.95801,40.23887]],[[71.20615,39.89258],[71.01172,39.89512],[71.08037,40.07988],[71.22871,40.04815],[71.20615,39.89258]]]},"properties":{"ADMIN":"Kyrgyzstan","NAME_EN":"Kyrgyzstan","ISO_A2_EH":"KG","ISO_A2":"KG","LABEL_X":74.532637,"LABEL_Y":41.66854,"MIN_LABEL":3,"LABELRANK":4,"TINY":-99,"TYPE":"Sovereign country"}},
{"type":"Feature","geometry":{"type":"MultiPolygon","coordinates":[[[[48.27539,29.62432],[48.34824,29.78267],[48.22773,29.93633],[48.15859,29.95957],[48.08145,29.79893],[48.17969,29.61143],[48.27539,29.62432]]],[[[48.44248,28.54292],[48.33926,28.76328],[48.18379,28.9794],[48.05147,29.35537],[47.84531,29.36572],[47.72529,29.41694],[47.96963,29.6167],[48.13613,29.61812],[48.00566,29.83579],[47.97871,29.98281],[47.67275,30.09561],[47.33135,30.07969],[47.11436,29.96133],[46.90586,29.5375],[46.76934,29.34746],[46.53145,29.09624],[47.4332,28.98955],[47.52129,28.83784],[47.58311,28.62798],[47.67129,28.53315],[48.44248,28.54292]]]]},"properties":{"ADMIN":"Kuwait","NAME_EN":"Kuwait","ISO_A2_EH":"KW","ISO_A2":"KW","LABEL_X":47.313999,"LABEL_Y":29.413628,"MIN_LABEL":5,"LABELRANK":6,"TINY":-99,"TYPE":"Sovereign country"}},
{"type":"Feature","geometry":{"type":"Polygon","coordinates":[[[20.34434,42.82793],[20.02949,42.73203],[20.06397,42.54727],[20.24053,42.33897],[20.48545,42.22339],[20.57539,42.01309],[20.56621,41.87368],[20.74414,41.9043],[20.77813,42.07105],[21.05977,42.17129],[21.25635,42.09951],[21.38955,42.21982],[21.5625,42.24751],[21.75293,42.66982],[21.39063,42.75142],[21.40303,42.83154],[21.23711,42.91323],[21.05703,43.0917],[20.84443,43.17344],[20.76338,43.25859],[20.62315,43.19863],[20.62402,43.03418],[20.4751,42.95303],[20.46885,42.85791],[20.34434,42.82793]]]},"properties":{"ADMIN":"Kosovo","NAME_EN":"Kosovo","ISO_A2_EH":"XK","ISO_A2":"-99","LABEL_X":20.860719,"LABEL_Y":42.593587,"MIN_LABEL":5,"LABELRANK":6,"TINY":-99,"TYPE":"Disputed"}},
{"type":"Feature","geometry":{"type":"Polygon","coordinates":[[[-157.34214,1.85557],[-157.42012,1.78755],[-157.24614,1.73174],[-157.34214,1.85557]]]},"properties":{"ADMIN":"Kiribati","NAME_EN":"Kiribati","ISO_A2_EH":"KI","ISO_A2":"KI","LABEL_X":-157.384577,"LABEL_Y":1.820437,"MIN_LABEL":5,"LABELRANK":6,"TINY":2,"TYPE":"Sovereign country"}},
{"type":"Feature","geometry":{"type":"Polygon","coordinates":[[[33.90322,-1.00205],[33.97939,-1.00205],[34.98428,-1.56055],[35.83691,-2.03662],[36.90264,-2.63164],[37.64385,-3.04541],[37.68799,-3.24619],[37.60869,-3.46025],[37.72617,-3.55977],[37.79727,-3.67441],[38.34785,-4.0709],[39.19014,-4.67725],[39.22178,-4.69238],[39.2875,-4.60859],[39.37695,-4.62549],[39.49092,-4.47842],[39.81914,-3.78603],[39.86094,-3.57676],[39.9917,-3.35068],[40.11543,-3.25059],[40.19473,-3.01924],[40.17979,-2.81904],[40.22246,-2.68838],[40.40449,-2.55566],[40.64414,-2.53945],[40.81318,-2.39238],[40.89824,-2.26992],[40.99551,-1.95059],[41.10684,-1.98232],[41.26748,-1.94502],[41.38691,-1.86699],[41.53272,-1.69531],[41.52188,-1.57227],[40.97871,-0.87031],[40.97324,0.5354],[40.97002,1.37817],[40.9667,2.22095],[40.96445,2.81465],[41.3418,3.20166],[41.88398,3.97773],[41.2209,3.94356],[41.08721,3.99194],[40.76523,4.27305],[40.01416,3.94795],[39.84219,3.85147],[39.65752,3.57783],[39.49443,3.4561],[39.22549,3.47876],[38.75273,3.55898],[38.60801,3.6001],[38.22529,3.61899],[38.08613,3.64883],[37.38252,4.11084],[36.90557,4.41148],[36.82363,4.43013],[36.08193,4.44971],[35.97871,4.50381],[35.91982,4.61982],[35.76309,4.80801],[35.75615,4.95049],[35.80029,5.15693],[35.74502,5.34399],[35.46865,5.41909],[35.32529,5.36489],[35.26836,5.49229],[34.38018,4.62065],[33.97607,4.22021],[34.16504,3.81299],[34.39287,3.6915],[34.4418,3.60625],[34.39941,3.4127],[34.44785,3.16348],[34.52256,3.11997],[34.58916,2.92476],[34.74248,2.81812],[34.81445,2.61982],[34.90576,2.47969],[34.88301,2.41792],[34.96406,2.0624],[34.96523,1.64336],[34.78359,1.38115],[34.7876,1.23071],[34.64912,1.1853],[34.48174,1.04214],[34.41084,0.86729],[34.27256,0.68643],[34.16094,0.60518],[34.03721,0.29453],[33.94316,0.17378],[33.92148,-0.01699],[33.92441,-0.39785],[33.90322,-1.00205]]]},"properties":{"ADMIN":"Kenya","NAME_EN":"Kenya","ISO_A2_EH":"KE","ISO_A2":"KE","LABEL_X":37.907632,"LABEL_Y":0.549043,"MIN_LABEL":1.7,"LABELRANK":2,"TINY":-99,"TYPE":"Sovereign country"}},
{"type":"Feature","geometry":{"type":"Polygon","coordinates":[[[70.94678,42.24868],[70.89287,42.33999],[71.02275,42.53545],[71.25664,42.73355],[71.8168,42.82217],[72.27578,42.75767],[72.75293,42.63789],[72.85508,42.56113],[73.28291,42.5041],[73.49297,42.40903],[73.42188,42.59351],[73.55625,43.00278],[73.61201,43.0479],[74.20908,43.24038],[74.62227,43.0562],[75.04766,42.9044],[75.36621,42.83696],[75.63565,42.8146],[75.78955,42.93291],[76.50918,42.9189],[77.05732,42.97065],[77.23555,42.91265],[77.80166,42.89522],[78.02315,42.85752],[78.52422,42.86465],[78.7915,42.79082],[79.16484,42.75903],[79.20303,42.66602],[79.49014,42.45757],[79.92109,42.41314],[80.20937,42.19004],[80.25908,42.2354],[80.16504,42.66553],[80.25029,42.79727],[80.54375,42.91172],[80.3834,42.97378],[80.39023,43.04312],[80.78574,43.16157],[80.66777,43.31006],[80.70381,43.42705],[80.496,43.89209],[80.35527,44.09727],[80.33633,44.43838],[80.45547,44.74609],[80.25508,44.80811],[79.99717,44.79722],[79.87188,44.88379],[80.05918,45.00645],[80.63477,45.12651],[80.85332,45.1293],[81.60205,45.31084],[81.98926,45.16187],[82.2666,45.21909],[82.47871,45.12358],[82.62109,45.29312],[82.58252,45.44258],[82.32666,45.51992],[82.31523,45.59492],[82.42969,45.81191],[82.55508,46.15869],[82.69219,46.38667],[83.0041,47.0335],[83.02949,47.18594],[83.19307,47.18657],[83.63408,47.04321],[84.01602,46.97051],[84.33887,46.99614],[84.6666,46.97236],[84.78613,46.83071],[85.01221,46.90923],[85.2335,47.03638],[85.48477,47.06353],[85.65664,47.25464],[85.58662,47.49365],[85.52598,47.91563],[85.62637,48.204],[85.74941,48.38506],[86.26563,48.45454],[86.54941,48.52861],[86.71797,48.69717],[86.75313,49.00884],[86.88594,49.09058],[87.32285,49.08579],[87.23369,49.21616],[86.95293,49.32207],[86.81211,49.48789],[86.61426,49.60972],[86.73066,49.69556],[86.61016,49.76914],[86.18086,49.49932],[85.93359,49.55044],[85.37158,49.62393],[85.21016,49.66484],[85.00078,49.89414],[84.98945,50.06143],[84.60732,50.20239],[84.32324,50.23916],[84.25781,50.28823],[84.17598,50.52056],[83.94512,50.77466],[83.71777,50.88716],[83.35732,50.99458],[83.16025,50.98921],[83.01924,50.89727],[82.76084,50.89336],[82.49395,50.72759],[82.09805,50.71084],[81.93369,50.76636],[81.46592,50.73984],[81.38828,50.95649],[81.12461,50.94629],[81.07754,51.01494],[81.12725,51.19106],[80.96563,51.1898],[80.87734,51.28145],[80.65049,51.27734],[80.44805,51.18335],[80.42363,50.94629],[80.22022,50.91177],[79.98623,50.77456],[79.46885,51.49312],[78.47549,52.63843],[77.85996,53.26919],[77.7044,53.37915],[76.57568,53.94253],[76.42207,54.11353],[76.65459,54.14526],[76.78897,54.32188],[76.75938,54.43687],[76.49648,54.33569],[76.2666,54.31196],[75.65684,54.10601],[75.43721,54.08965],[75.37705,53.97012],[75.05215,53.82671],[74.83418,53.82568],[74.45195,53.64727],[74.40273,53.50444],[74.06865,53.61143],[73.85898,53.61973],[73.64297,53.57627],[73.46992,53.4689],[73.28574,53.59839],[73.39941,53.81148],[73.67891,53.92944],[73.61797,54.06738],[73.38066,53.96284],[73.11934,53.98076],[72.91406,54.10732],[72.62227,54.13433],[72.58594,53.99595],[72.4043,53.96445],[72.38731,54.12305],[72.26914,54.27212],[72.10537,54.30845],[72.00449,54.20566],[71.33643,54.15835],[71.09316,54.21221],[71.18555,54.59932],[70.91016,55.12798],[70.73809,55.30518],[70.48633,55.28237],[70.18242,55.16245],[69.98174,55.19907],[69.74023,55.30737],[69.49326,55.35689],[68.97725,55.3896],[68.71289,55.3085],[68.52481,55.20483],[68.20625,55.16094],[68.24404,55.05244],[68.07383,54.95957],[67.82988,54.94356],[67.69336,54.87241],[66.22266,54.66738],[65.70781,54.6187],[65.47695,54.62329],[65.2374,54.51606],[65.15781,54.3644],[64.92676,54.39663],[64.6499,54.35225],[64.46123,54.38418],[64.19941,54.34741],[64.00391,54.26709],[63.19131,54.17105],[63.07393,54.10523],[62.63272,54.06929],[62.49902,54.01318],[62.04023,54.00264],[61.92871,53.94648],[61.33369,54.04927],[61.14375,53.96382],[61.11318,53.75347],[60.97949,53.62173],[61.24795,53.55098],[61.19922,53.28716],[61.65986,53.22847],[62.01465,53.10786],[62.08272,53.00542],[61.97422,52.94375],[61.40078,52.996],[61.04746,52.97246],[60.80234,52.74473],[60.82129,52.56982],[60.97949,52.39478],[60.9376,52.28057],[60.67031,52.15083],[60.42549,52.12559],[60.06553,51.97647],[60.06748,51.89063],[60.3875,51.773],[60.46475,51.65117],[60.97354,51.53706],[61.01484,51.49238],[61.36309,51.4419],[61.55469,51.32461],[61.58506,51.22969],[61.38945,50.86104],[61.22686,50.77481],[60.94229,50.69551],[60.63799,50.66372],[60.28809,50.70415],[60.11211,50.83418],[59.95518,50.79927],[59.8124,50.58203],[59.52305,50.49287],[59.45234,50.62041],[58.88369,50.69443],[58.54746,50.97105],[58.35918,51.06382],[57.83887,51.09165],[57.65381,50.92515],[57.44219,50.88887],[57.179,51.03604],[57.01172,51.06519],[56.62022,50.98086],[56.49141,51.01953],[56.14395,50.84463],[56.04971,50.71353],[55.79766,50.60205],[55.54229,50.60181],[55.19522,50.74473],[55.01484,50.86978],[54.72715,50.9981],[54.60625,50.87988],[54.65,50.66016],[54.47148,50.58379],[54.42148,50.78032],[54.0415,51.11519],[53.68809,51.25181],[53.53467,51.39956],[53.33809,51.48237],[53.03838,51.46372],[52.82051,51.49458],[52.57119,51.48164],[52.33106,51.6813],[52.00713,51.67271],[51.60908,51.48398],[51.34453,51.47534],[51.16348,51.64746],[50.79395,51.7292],[50.75615,51.67515],[50.24688,51.2895],[49.93232,51.19717],[49.82227,51.13189],[49.49805,51.08359],[49.32344,50.85171],[48.8084,50.60132],[48.65518,50.61987],[48.70049,50.35376],[48.84326,50.01314],[48.75898,49.92832],[48.43428,49.82852],[48.22481,49.93193],[47.84961,50.28232],[47.70576,50.37798],[47.50361,50.40273],[47.32647,50.27354],[47.29522,50.0585],[46.99199,49.85273],[46.88955,49.69697],[46.80205,49.36709],[47.01816,49.1999],[47.01426,49.09834],[46.70264,48.80557],[46.60918,48.57388],[46.66094,48.41226],[47.0043,48.28447],[47.11904,48.127],[47.09326,47.94771],[47.29238,47.74092],[47.48193,47.80391],[48.10996,47.74541],[48.55254,47.321],[48.95938,46.77461],[48.77637,46.71035],[48.60527,46.76592],[48.50918,46.64995],[48.61016,46.56646],[49.23223,46.33716],[49.34746,46.51914],[49.76055,46.57148],[49.99981,46.63428],[50.41934,46.87949],[50.58291,46.88228],[50.92002,47.04067],[51.17803,47.11016],[51.6501,47.01807],[51.74453,46.93374],[52.18877,46.8395],[52.4832,46.99067],[52.91602,46.9544],[53.06943,46.85606],[53.17022,46.66904],[53.07852,46.54746],[53.13525,46.19165],[53.0416,45.96787],[52.8875,45.77954],[52.77383,45.57275],[52.8375,45.49673],[53.08574,45.40737],[53.07891,45.30752],[52.53106,45.39863],[52.04873,45.38838],[51.73262,45.39946],[51.53965,45.34287],[51.41572,45.35786],[51.2499,45.12168],[51.04033,44.98032],[51.05791,44.81157],[51.21816,44.70898],[51.37666,44.54121],[51.17715,44.50137],[50.86035,44.62876],[50.40947,44.62402],[50.29746,44.58154],[50.25254,44.40649],[50.33115,44.32549],[50.68496,44.26509],[50.83076,44.19277],[50.93984,43.95855],[51.13965,43.64878],[51.30176,43.48237],[51.29541,43.17412],[51.61602,43.15845],[51.84414,42.91045],[51.96074,42.85059],[52.18369,42.86875],[52.27305,42.79981],[52.43428,42.82446],[52.59658,42.76016],[52.63848,42.55566],[52.61836,42.42822],[52.46211,42.10064],[52.49385,41.78037],[52.87051,42.0606],[53.2501,42.20586],[53.68535,42.29688],[54.121,42.33521],[54.67793,42.07822],[54.90371,41.91909],[54.95234,41.81001],[55.24961,41.45811],[55.43438,41.29629],[55.54522,41.26274],[55.97744,41.32222],[55.97686,42.46997],[55.97637,43.61763],[55.97568,44.99492],[57.47734,45.33745],[58.44941,45.54292],[58.55527,45.55537],[59.35957,45.17861],[60.18848,44.78398],[61.00791,44.3938],[61.16074,44.1686],[61.99023,43.49214],[62.07197,43.48936],[63.20703,43.62798],[64.44316,43.55117],[64.90547,43.7147],[65.27051,43.41753],[65.49619,43.31055],[65.80303,42.87695],[66.10029,42.99082],[66.04981,42.47275],[66.01553,42.3148],[66.00957,42.00488],[66.49863,41.99487],[66.53789,41.74126],[66.66865,41.27075],[66.81426,41.14238],[67.93574,41.19658],[68.11309,41.02861],[68.04766,40.80928],[68.2919,40.6561],[68.4957,40.60864],[68.60068,40.65996],[68.58408,40.87627],[68.73711,41.04189],[68.98691,41.20503],[69.06494,41.36694],[69.36836,41.49058],[69.40098,41.54189],[69.66387,41.67212],[69.95996,41.75405],[70.09561,41.82051],[70.41602,42.07856],[70.61328,42.05474],[70.71523,42.16865],[70.94678,42.24868]]]},"properties":{"ADMIN":"Kazakhstan","NAME_EN":"Kazakhstan","ISO_A2_EH":"KZ","ISO_A2":"KZ","LABEL_X":68.685548,"LABEL_Y":49.054149,"MIN_LABEL":2.7,"LABELRANK":3,"TINY":-99,"TYPE":"Sovereignty"}},
{"type":"Feature","geometry":{"type":"Polygon","coordinates":[[[35.78731,32.73491],[35.57285,32.64087],[35.55147,32.39551],[35.57207,32.23789],[35.53145,31.98491],[35.55898,31.76553],[35.45059,31.4793],[35.40068,31.23052],[35.43926,31.13242],[35.17402,30.52393],[35.1416,30.1417],[35.06816,29.97788],[34.97344,29.55503],[34.95078,29.35352],[36.01543,29.19048],[36.06846,29.20054],[36.47607,29.49512],[36.70391,29.83164],[36.75527,29.86602],[37.46924,29.99507],[37.63359,30.31328],[37.98008,30.5],[37.479,31.00776],[36.95859,31.4915],[37.77383,31.69634],[38.96231,31.99492],[39.14541,32.12451],[39.29277,32.24385],[39.24746,32.35098],[39.04141,32.30566],[38.98164,32.47256],[39.05781,32.49316],[38.77354,33.37222],[38.05576,32.99487],[36.81836,32.31729],[36.37207,32.38691],[36.21973,32.49512],[36.05947,32.53379],[35.89473,32.71377],[35.78731,32.73491]]]},"properties":{"ADMIN":"Jordan","NAME_EN":"Jordan","ISO_A2_EH":"JO","ISO_A2":"JO","LABEL_X":36.375991,"LABEL_Y":30.805025,"MIN_LABEL":4,"LABELRANK":4,"TINY":-99,"TYPE":"Sovereign country"}},
{"type":"Feature","geometry":{"type":"MultiPolygon","coordinates":[[[[133.37051,36.20386],[133.2957,36.34014],[133.20615,36.29341],[133.23926,36.17876],[133.37051,36.20386]]],[[[138.34404,37.82212],[138.49697,37.90391],[138.5752,38.06553],[138.45361,38.07568],[138.51006,38.25898],[138.46133,38.29146],[138.25,38.07847],[138.32168,37.99082],[138.34404,37.82212]]],[[[134.93281,34.28813],[134.83428,34.47266],[134.66787,34.29414],[134.82441,34.20293],[134.93281,34.28813]]],[[[130.62275,30.26299],[130.67324,30.3669],[130.49717,30.46553],[130.38809,30.38818],[130.44561,30.2647],[130.62275,30.26299]]],[[[130.08252,32.22969],[130.19951,32.34058],[130.16777,32.54121],[130.00977,32.52163],[129.9793,32.34619],[130.08252,32.22969]]],[[[129.27949,34.12339],[129.33711,34.28477],[129.21484,34.32065],[129.18643,34.14502],[129.27949,34.12339]]],[[[129.38565,34.35366],[129.47539,34.54043],[129.45107,34.68657],[129.32588,34.60728],[129.2667,34.37046],[129.38565,34.35366]]],[[[128.66533,32.78389],[128.65732,32.62842],[128.89453,32.65215],[128.83857,32.76289],[128.66533,32.78389]]],[[[143.82432,44.11699],[143.28857,44.39663],[142.88477,44.67012],[142.7041,44.81919],[142.41602,45.125],[141.9377,45.50952],[141.66797,45.40127],[141.58301,45.15596],[141.71904,44.94106],[141.78223,44.71636],[141.76094,44.48252],[141.66084,44.26362],[141.64473,44.01943],[141.39766,43.64263],[141.41231,43.38149],[141.29629,43.19966],[141.13818,43.17993],[140.78066,43.21499],[140.48691,43.33818],[140.39238,43.30313],[140.39746,43.16733],[140.48643,43.0499],[140.43223,42.9541],[140.22412,42.79551],[139.89111,42.64922],[139.8209,42.3876],[139.89512,42.19004],[140.05684,42.06733],[140.1084,41.91294],[139.99531,41.57642],[140.03662,41.47378],[140.14863,41.42324],[140.38496,41.51929],[140.48916,41.67217],[140.65986,41.81558],[140.99951,41.7374],[141.15098,41.80508],[140.73379,42.11636],[140.52754,42.13179],[140.31523,42.33428],[140.38545,42.48716],[140.48047,42.55938],[140.70977,42.55562],[140.98613,42.34214],[141.40664,42.54692],[141.85137,42.57905],[142.5082,42.25796],[143.23652,42.0002],[143.31367,42.08433],[143.33213,42.22036],[143.42949,42.4189],[143.58096,42.59873],[143.96934,42.8814],[144.30156,42.98442],[144.63076,42.94692],[145.02881,43.03164],[145.34746,43.17671],[145.50508,43.17422],[145.48789,43.27974],[145.34082,43.30254],[145.10107,43.76455],[145.12637,43.86939],[145.35195,44.22979],[145.34277,44.33389],[144.79853,43.94023],[144.48184,43.94956],[144.10137,44.10156],[143.82432,44.11699]]],[[[131.17461,33.60259],[131.05811,33.67285],[130.95313,33.87202],[130.71562,33.92778],[130.48379,33.83462],[130.36504,33.63447],[130.16797,33.59829],[130.07207,33.52178],[129.82568,33.43701],[129.84414,33.32178],[129.65996,33.36499],[129.58008,33.23628],[129.89678,33.02236],[129.9917,32.85156],[129.82832,32.89268],[129.69004,32.87524],[129.82676,32.72534],[130.0541,32.7708],[130.24551,32.67715],[130.34043,32.70186],[130.32647,32.85264],[130.175,32.85132],[130.12686,33.10483],[130.2375,33.17764],[130.38174,33.09258],[130.44043,32.95137],[130.54727,32.83159],[130.64053,32.61924],[130.46201,32.30493],[130.31914,32.14351],[130.19443,32.09077],[130.18789,31.76885],[130.32197,31.60147],[130.29414,31.45068],[130.14727,31.4085],[130.20068,31.2919],[130.58877,31.17852],[130.64453,31.26748],[130.52812,31.45967],[130.65508,31.71841],[130.77627,31.7063],[130.7042,31.57744],[130.78975,31.26909],[130.68574,31.01514],[130.90225,31.11206],[131.09844,31.25615],[131.03516,31.37769],[131.13975,31.44185],[131.33721,31.40469],[131.45996,31.6708],[131.46025,31.8835],[131.56465,32.22305],[131.73213,32.59282],[131.97666,32.84395],[132.00859,32.91904],[131.94932,33.04707],[131.84785,33.11807],[131.89658,33.25459],[131.5374,33.27407],[131.71065,33.50234],[131.69629,33.60283],[131.58301,33.65239],[131.41875,33.58442],[131.17461,33.60259]]],[[[134.35742,34.25635],[134.07588,34.3584],[133.94834,34.34805],[133.70625,34.23735],[133.58203,34.01714],[133.13369,33.9273],[132.99014,34.08814],[132.78428,33.99243],[132.64307,33.68994],[132.36592,33.51245],[132.40518,33.33125],[132.51143,33.29307],[132.47578,33.12647],[132.49512,32.9166],[132.70898,32.90249],[132.69219,32.77593],[132.86992,32.75459],[132.97725,32.84199],[133.01602,32.98389],[133.10088,33.02822],[133.28594,33.35996],[133.63203,33.51099],[133.854,33.49268],[133.95869,33.44834],[134.18164,33.24722],[134.24268,33.43945],[134.37705,33.6084],[134.73887,33.82051],[134.63525,34.04395],[134.6375,34.22661],[134.35742,34.25635]]],[[[141.2293,41.37266],[140.93691,41.50557],[140.85957,41.42544],[140.80059,41.13882],[141.20039,41.2436],[141.26211,41.10269],[141.11855,40.88228],[140.93604,40.94077],[140.80078,40.83433],[140.6794,40.89326],[140.62764,41.19541],[140.38594,41.22979],[140.31523,41.16089],[140.34356,41.00566],[140.28125,40.84609],[140.0293,40.73315],[139.92285,40.59844],[140.01445,40.31489],[139.90801,40.02173],[139.7415,39.92085],[139.94521,39.88511],[140.05469,39.74927],[140.04815,39.46372],[139.91231,39.22856],[139.80195,38.88159],[139.58018,38.59888],[139.47676,38.39981],[139.40098,38.14258],[139.24717,38.00908],[138.88506,37.84395],[138.70938,37.56065],[138.54834,37.39214],[138.31992,37.21841],[137.91318,37.0646],[137.51406,36.95156],[137.34258,36.77036],[137.12373,36.77407],[137.0167,36.83721],[136.99443,37.02676],[136.92402,37.17197],[137.15205,37.28315],[137.3375,37.43745],[137.32266,37.52207],[136.84346,37.38213],[136.71924,37.19839],[136.74932,36.95103],[136.69815,36.74204],[136.35898,36.36177],[136.15625,36.22334],[136.00625,35.99058],[136.09531,35.76763],[135.90312,35.60689],[135.68027,35.50312],[135.32695,35.52554],[135.23203,35.5919],[135.26543,35.72178],[135.17432,35.74707],[134.88223,35.66323],[134.45606,35.62793],[134.21406,35.53926],[133.86025,35.49487],[133.61543,35.51143],[133.37647,35.45884],[133.26719,35.55654],[132.92295,35.51128],[132.69766,35.41831],[132.61904,35.30684],[132.25957,35.02231],[132.06475,34.9],[131.85606,34.72632],[131.60801,34.61548],[131.3544,34.41318],[131.0042,34.39258],[130.88926,34.26182],[130.91885,33.97573],[131.07188,34.02065],[131.23262,33.948],[131.47617,34.01939],[131.74053,34.05205],[132.09023,33.85547],[132.20195,34.03203],[132.23809,34.227],[132.3126,34.32495],[132.42129,34.35337],[132.65654,34.24609],[133.01895,34.32959],[133.14238,34.30244],[133.44531,34.43315],[133.96826,34.5273],[134.2083,34.69766],[134.58379,34.77061],[134.74004,34.76523],[135.0417,34.63101],[135.35518,34.6543],[135.38477,34.50044],[135.26563,34.38081],[135.1001,34.28838],[135.12793,34.00698],[135.17539,33.89805],[135.34678,33.72197],[135.45283,33.55337],[135.69531,33.48696],[135.91621,33.56172],[136.32988,34.17686],[136.54443,34.25771],[136.85371,34.32407],[136.88027,34.43359],[136.61582,34.58906],[136.53301,34.67837],[136.69004,34.98413],[136.85186,35.05952],[136.88457,34.80586],[137.03223,34.76592],[137.2752,34.77251],[137.31807,34.63638],[137.54336,34.66421],[137.979,34.64092],[138.18906,34.59634],[138.25322,34.73267],[138.50957,34.98716],[138.57715,35.08648],[138.71963,35.12407],[138.90361,35.02524],[138.80273,34.97481],[138.76104,34.69922],[138.8375,34.61924],[138.98262,34.69839],[139.08604,34.83916],[139.11582,35.09712],[139.24941,35.27803],[139.47441,35.29854],[139.63594,35.14214],[139.74404,35.25239],[139.65,35.40913],[139.76777,35.49482],[139.83477,35.65806],[139.9875,35.66821],[140.08633,35.54043],[139.82647,35.29668],[139.85146,35.23232],[139.79922,34.95693],[139.92041,34.89961],[140.05918,35.03828],[140.31475,35.15503],[140.4165,35.26699],[140.45742,35.51025],[140.63926,35.66128],[140.87402,35.72495],[140.75957,35.8457],[140.62197,36.05923],[140.57354,36.23135],[140.62734,36.50278],[140.7918,36.84687],[140.96836,37.00205],[141.00166,37.11465],[141.03633,37.46724],[141.00342,37.69844],[140.92793,37.94961],[140.96211,38.14888],[141.1084,38.33794],[141.46748,38.40415],[141.54629,38.76284],[141.65859,38.97485],[141.90078,39.11133],[141.97695,39.42881],[141.97783,39.84443],[141.79707,40.29116],[141.64629,40.47363],[141.46279,40.61113],[141.41367,40.83935],[141.4,41.09634],[141.45547,41.40474],[141.2293,41.37266]]],[[[124.29316,24.51592],[124.08477,24.43584],[124.23428,24.35806],[124.29316,24.51592]]],[[[123.88867,24.28013],[123.93486,24.36201],[123.77148,24.41445],[123.68066,24.28804],[123.88867,24.28013]]],[[[128.25879,26.65278],[128.2165,26.79688],[128.04678,26.64331],[127.90723,26.6936],[127.92598,26.55571],[128.12695,26.55225],[128.25879,26.65278]]],[[[129.45254,28.20898],[129.43906,28.25479],[129.6417,28.41128],[129.32246,28.35962],[129.24785,28.28252],[129.36641,28.12773],[129.45254,28.20898]]]]},"properties":{"ADMIN":"Japan","NAME_EN":"Japan","ISO_A2_EH":"JP","ISO_A2":"JP","LABEL_X":138.44217,"LABEL_Y":36.142538,"MIN_LABEL":1.7,"LABELRANK":2,"TINY":-99,"TYPE":"Sovereign country"}},
{"type":"Feature","geometry":{"type":"Polygon","coordinates":[[[-77.26147,18.45742],[-77.45161,18.46704],[-77.87344,18.52222],[-77.97817,18.46782],[-78.2167,18.4481],[-78.32598,18.34976],[-78.29409,18.21807],[-78.07363,18.19116],[-77.96299,18.04756],[-77.8813,18.01904],[-77.76816,17.87739],[-77.36143,17.83369],[-77.20498,17.71494],[-77.1584,17.84507],[-77.07129,17.90127],[-76.94414,17.84878],[-76.85322,17.97373],[-76.52461,17.86621],[-76.21079,17.91353],[-76.34985,18.15186],[-76.70073,18.25718],[-76.9082,18.39043],[-77.26147,18.45742]]]},"properties":{"ADMIN":"Jamaica","NAME_EN":"Jamaica","ISO_A2_EH":"JM","ISO_A2":"JM","LABEL_X":-77.318767,"LABEL_Y":18.137124,"MIN_LABEL":4,"LABELRANK":4,"TINY":-99,"TYPE":"Sovereign country"}},
{"type":"Feature","geometry":{"type":"MultiPolygon","coordinates":[[[[7.02109,45.92578],[6.80449,45.81455],[7.01367,45.50049],[7.15342,45.40093],[7.07832,45.23994],[6.84229,45.13565],[6.62773,45.11797],[6.73818,44.92139],[6.99268,44.8273],[7.03066,44.7167],[6.84297,44.51069],[6.96729,44.28003],[7.3709,44.12739],[7.63721,44.16484],[7.65147,44.03364],[7.48203,43.86489],[7.49316,43.76714],[7.7333,43.80259],[8.08164,43.91895],[8.29238,44.13652],[8.55195,44.34614],[8.76582,44.42231],[8.93037,44.40776],[9.28936,44.31924],[9.73086,44.10117],[10.04766,44.01997],[10.18809,43.94751],[10.2458,43.8521],[10.32051,43.51309],[10.44756,43.37119],[10.53232,43.14014],[10.51484,42.96753],[10.7084,42.93633],[10.80313,42.8043],[10.93779,42.73872],[11.16777,42.53516],[11.18477,42.45659],[11.49844,42.36294],[11.63731,42.28755],[11.80703,42.08203],[12.07529,41.94087],[12.20566,41.81265],[12.63086,41.46968],[12.84922,41.40874],[13.08867,41.24385],[13.24688,41.28887],[13.55479,41.23218],[13.7334,41.23565],[13.85977,41.12998],[14.10234,40.82715],[14.30889,40.81265],[14.46055,40.72871],[14.45938,40.63271],[14.76572,40.66841],[14.90693,40.55606],[14.98613,40.37749],[14.95088,40.23901],[15.29453,40.07002],[15.58516,40.05283],[15.69277,39.99019],[15.8544,39.62651],[16.02363,39.35361],[16.10742,39.02383],[16.20996,38.94111],[16.19678,38.75923],[15.97236,38.7126],[15.87891,38.61392],[15.90479,38.4835],[15.82236,38.30298],[15.64307,38.17539],[15.6458,38.03423],[15.72451,37.93911],[16.05684,37.94185],[16.28242,38.24956],[16.5456,38.40908],[16.55898,38.7148],[16.75547,38.8897],[16.95147,38.93979],[17.09853,38.91934],[17.17461,38.9981],[17.12295,39.13657],[17.11455,39.38062],[16.82432,39.57832],[16.59775,39.63892],[16.52188,39.74756],[16.52998,39.85967],[16.66963,40.13721],[16.92822,40.45806],[17.03125,40.51348],[17.21533,40.48643],[17.25772,40.39907],[17.47617,40.31494],[17.86504,40.28018],[18.07793,39.93696],[18.34375,39.82139],[18.48584,40.10483],[18.46065,40.22104],[18.32822,40.37085],[18.03613,40.56494],[17.95498,40.65518],[17.47422,40.84058],[17.10342,41.06216],[16.55186,41.23203],[16.0126,41.4354],[15.90049,41.51206],[15.91377,41.62085],[16.15127,41.7585],[16.16465,41.89619],[15.96406,41.93945],[15.40498,41.91323],[15.16875,41.93403],[14.86611,42.05254],[14.54072,42.24429],[14.18272,42.50645],[14.01045,42.68955],[13.9249,42.85156],[13.80469,43.18037],[13.56416,43.57129],[13.29531,43.68608],[12.90703,43.92119],[12.69111,43.99473],[12.39629,44.22388],[12.30498,44.42944],[12.24834,44.72251],[12.27891,44.83223],[12.46357,44.84522],[12.52344,44.96797],[12.39248,45.0398],[12.22568,45.2415],[12.27432,45.44605],[12.49756,45.46167],[13.03027,45.6375],[13.20635,45.77139],[13.46514,45.70996],[13.62832,45.77095],[13.7833,45.62725],[13.71982,45.5876],[13.84473,45.59287],[13.83115,45.68042],[13.56963,45.83413],[13.61397,45.96167],[13.48643,46.03955],[13.63252,46.17705],[13.39961,46.22495],[13.39951,46.31753],[13.67969,46.46289],[13.7,46.52026],[13.16875,46.57266],[12.4792,46.67251],[12.38828,46.70264],[12.1541,46.93525],[12.16943,47.08213],[11.77568,46.98608],[11.24443,46.97568],[11.13389,46.93618],[11.0251,46.79697],[10.75977,46.79331],[10.68926,46.84639],[10.45283,46.86494],[10.39795,46.66504],[10.43066,46.55005],[10.08701,46.5999],[10.03828,46.4832],[10.14522,46.25352],[10.04102,46.23809],[9.93926,46.36182],[9.63945,46.2959],[9.48106,46.34878],[9.42764,46.48232],[9.26016,46.4752],[9.25107,46.28677],[9.02236,46.05147],[9.04668,45.87559],[8.95371,45.83003],[8.4584,46.2459],[8.44297,46.40278],[8.3707,46.44512],[8.08154,46.25601],[8.1252,46.16094],[7.99316,46.01592],[7.78789,45.92183],[7.53857,45.97817],[7.129,45.88042],[7.02109,45.92578]],[[12.43916,41.89839],[12.43057,41.89756],[12.43057,41.90547],[12.43838,41.9062],[12.43916,41.89839]],[[12.48525,43.90142],[12.39688,43.93457],[12.44111,43.98242],[12.51465,43.95298],[12.48525,43.90142]]],[[[15.57656,38.22031],[15.49873,38.29087],[15.11875,38.15273],[14.8459,38.17168],[14.50596,38.04551],[14.2877,38.01685],[14.05,38.04053],[13.78887,37.9812],[13.68154,38.00073],[13.35166,38.18052],[13.15996,38.19033],[13.04902,38.08408],[12.90273,38.03486],[12.73438,38.18306],[12.54766,38.05293],[12.43555,37.81978],[12.52676,37.66953],[12.69902,37.57183],[12.92412,37.57051],[13.16992,37.4793],[13.36094,37.34873],[13.90547,37.10063],[14.14297,37.10366],[14.36729,36.97285],[14.50186,36.79868],[14.77598,36.7104],[15.1126,36.68784],[15.14238,36.8916],[15.29453,37.01328],[15.28867,37.09692],[15.17412,37.20918],[15.09951,37.45859],[15.23447,37.78481],[15.47568,38.06294],[15.57656,38.22031]]],[[[9.63203,40.88203],[9.61533,41.01729],[9.45518,41.15015],[9.28301,41.20166],[8.99814,41.11035],[8.82119,40.9499],[8.46846,40.83433],[8.20381,40.8707],[8.18994,40.65161],[8.35322,40.50054],[8.47129,40.29268],[8.4708,40.13071],[8.40781,39.91724],[8.54775,39.83921],[8.45117,39.72168],[8.39912,39.48159],[8.41816,39.20571],[8.64854,38.92656],[8.88135,38.91289],[9.02266,39.04326],[9.05635,39.23916],[9.26416,39.2168],[9.48633,39.13955],[9.5625,39.16602],[9.61699,39.35439],[9.70078,40.0918],[9.64297,40.26841],[9.80527,40.49956],[9.63203,40.88203]]]]},"properties":{"ADMIN":"Italy","NAME_EN":"Italy","ISO_A2_EH":"IT","ISO_A2":"IT","LABEL_X":11.076907,"LABEL_Y":44.732482,"MIN_LABEL":2,"LABELRANK":2,"TINY":-99,"TYPE":"Sovereign country"}},
{"type":"Feature","geometry":{"type":"Polygon","coordinates":[[[35.84072,33.41567],[35.73447,33.33262],[35.53252,33.25049],[35.49316,33.11948],[35.41123,33.07568],[35.10859,33.08369],[34.92188,32.61406],[34.80381,32.19634],[34.67842,31.8957],[34.47734,31.58486],[34.52559,31.52564],[34.3502,31.36274],[34.24531,31.2083],[34.48994,30.59629],[34.52969,30.44605],[34.65859,30.19146],[34.9043,29.47734],[34.97344,29.55503],[35.06816,29.97788],[35.1416,30.1417],[35.17402,30.52393],[35.43926,31.13242],[35.40068,31.23052],[35.45059,31.4793],[35.10117,31.36621],[34.90781,31.35132],[34.87275,31.39688],[34.95098,31.6023],[35.19805,31.77632],[34.98975,31.91328],[34.95596,32.16094],[35.06504,32.46045],[35.19326,32.53442],[35.36211,32.50747],[35.55147,32.39551],[35.57285,32.64087],[35.78731,32.73491],[35.88798,32.94438],[35.78502,33.29109],[35.81613,33.36188],[35.84072,33.41567]]]},"properties":{"ADMIN":"Israel","NAME_EN":"Israel","ISO_A2_EH":"IL","ISO_A2":"IL","LABEL_X":34.847915,"LABEL_Y":30.911148,"MIN_LABEL":3,"LABELRANK":4,"TINY":-99,"TYPE":"Disputed"}},
{"type":"Feature","geometry":{"type":"MultiPolygon","coordinates":[[[[34.47734,31.58486],[34.19814,31.32261],[34.24531,31.2083],[34.3502,31.36274],[34.52559,31.52564],[34.47734,31.58486]]],[[[35.55147,32.39551],[35.36211,32.50747],[35.19326,32.53442],[35.06504,32.46045],[34.95596,32.16094],[34.98975,31.91328],[35.19805,31.77632],[34.95098,31.6023],[34.87275,31.39688],[34.90781,31.35132],[35.10117,31.36621],[35.45059,31.4793],[35.55898,31.76553],[35.53145,31.98491],[35.57207,32.23789],[35.55147,32.39551]]]]},"properties":{"ADMIN":"Palestine","NAME_EN":"Palestine","ISO_A2_EH":"PS","ISO_A2":"PS","LABEL_X":35.291341,"LABEL_Y":32.047431,"MIN_LABEL":4.5,"LABELRANK":5,"TINY":-99,"TYPE":"Indeterminate"}},
{"type":"Feature","geometry":{"type":"Polygon","coordinates":[[[-7.21865,55.09199],[-6.96167,55.23789],[-7.24668,55.35303],[-7.80317,55.20005],[-8.27461,55.14629],[-8.41172,54.96509],[-8.37729,54.88945],[-8.76392,54.6812],[-8.45654,54.60928],[-8.13345,54.64082],[-8.23037,54.50728],[-8.41523,54.46108],[-8.62314,54.34688],[-8.58804,54.2311],[-9.00244,54.28799],[-9.1459,54.20962],[-9.31553,54.29863],[-9.99595,54.27603],[-9.93447,54.07524],[-9.85635,54.0043],[-9.91406,53.86372],[-9.57886,53.87983],[-9.57822,53.80542],[-9.90161,53.7272],[-9.87827,53.59043],[-10.11699,53.54854],[-10.09126,53.41284],[-9.79541,53.39497],[-9.47075,53.23486],[-9.14033,53.25049],[-8.99717,53.16206],[-9.29922,53.09756],[-9.46196,52.94727],[-9.39365,52.89624],[-9.56103,52.65396],[-9.39424,52.61709],[-9.17539,52.63491],[-8.99028,52.75542],[-8.78345,52.67964],[-9.33125,52.57876],[-9.58633,52.55918],[-9.90605,52.40371],[-9.84106,52.29146],[-9.9373,52.23765],[-10.21094,52.27168],[-10.39023,52.13491],[-9.95581,52.13667],[-10.37871,51.86875],[-10.34106,51.79893],[-10.08423,51.771],[-9.80288,51.78013],[-9.89902,51.64707],[-9.57983,51.68926],[-9.83535,51.48335],[-9.46289,51.52905],[-9.29648,51.49824],[-8.81343,51.58491],[-8.34912,51.73931],[-8.37163,51.87627],[-8.14502,51.81353],[-7.87217,51.9353],[-7.66455,51.97974],[-7.52729,52.09888],[-7.08179,52.13931],[-6.78223,52.2105],[-6.56108,52.18882],[-6.325,52.24668],[-6.46318,52.34536],[-6.21724,52.54312],[-6.13066,52.80728],[-6.02739,52.9271],[-6.04502,53.09116],[-6.13472,53.30122],[-6.14185,53.57754],[-6.34517,53.98721],[-6.21802,54.08872],[-6.6498,54.05864],[-6.93613,54.37432],[-7.04971,54.40825],[-7.20259,54.30181],[-7.15547,54.2395],[-7.35518,54.12124],[-7.60654,54.14385],[-7.85493,54.21528],[-7.88447,54.28379],[-8.11826,54.41426],[-8.04434,54.51245],[-7.7938,54.57124],[-7.88613,54.66606],[-7.55039,54.76797],[-7.3769,55.02769],[-7.21865,55.09199]]]},"properties":{"ADMIN":"Ireland","NAME_EN":"Ireland","ISO_A2_EH":"IE","ISO_A2":"IE","LABEL_X":-7.798588,"LABEL_Y":53.078726,"MIN_LABEL":3,"LABELRANK":3,"TINY":-99,"TYPE":"Sovereign country"}},
{"type":"Feature","geometry":{"type":"Polygon","coordinates":[[[42.35898,37.10859],[42.3501,37.0606],[42.08398,36.82603],[41.78857,36.59717],[41.4168,36.51465],[41.296,36.38335],[41.2456,36.07339],[41.35264,35.80996],[41.3541,35.64043],[41.24834,35.42749],[41.21641,35.28818],[41.19473,34.76899],[40.98701,34.42905],[40.68945,34.33203],[39.56445,33.76836],[38.77354,33.37222],[39.05781,32.49316],[38.98164,32.47256],[39.04141,32.30566],[39.24746,32.35098],[39.29277,32.24385],[39.14541,32.12451],[40.36934,31.93897],[40.8084,31.72544],[42.07441,31.08037],[42.85772,30.49522],[43.44082,30.08398],[44.09961,29.61934],[44.69082,29.20234],[45.49893,29.13154],[46.35645,29.06367],[46.53145,29.09624],[46.76934,29.34746],[46.90586,29.5375],[47.11436,29.96133],[47.33135,30.07969],[47.67275,30.09561],[47.97871,29.98281],[48.1417,30.04092],[48.35459,29.95674],[48.54648,29.96235],[48.43457,30.0376],[48.33106,30.28545],[48.14756,30.41685],[48.01494,30.46563],[48.01065,30.9898],[47.67949,31.00239],[47.67949,31.40059],[47.82998,31.79443],[47.5915,32.08799],[47.51191,32.15083],[47.37129,32.42373],[47.28516,32.47402],[47.12139,32.4666],[46.56992,32.83394],[46.37705,32.92925],[46.11279,32.95767],[46.08076,33.08652],[46.1459,33.22964],[45.98106,33.47012],[45.87324,33.49199],[45.8794,33.60977],[45.73828,33.60283],[45.47324,33.92549],[45.39707,33.97085],[45.52861,34.15254],[45.52686,34.28467],[45.4376,34.41514],[45.50078,34.58159],[45.6375,34.57383],[45.67813,34.79844],[45.9209,35.02852],[46.13379,35.12764],[46.11211,35.32168],[45.97109,35.52417],[46.0374,35.67315],[46.2625,35.74414],[46.16748,35.82056],[45.72344,35.83667],[45.64502,35.92837],[45.48379,36.00855],[45.36162,36.01533],[45.24111,36.35596],[45.1124,36.40928],[45.03106,36.52607],[45.03398,36.65889],[44.88086,36.79932],[44.76514,37.14243],[44.60596,37.17603],[44.28184,36.97803],[44.20166,37.05181],[44.2084,37.20264],[44.11445,37.30186],[44.01318,37.31353],[43.83643,37.22354],[43.51582,37.24453],[43.09248,37.36738],[42.93662,37.32476],[42.77461,37.37188],[42.45586,37.12871],[42.35898,37.10859]]]},"properties":{"ADMIN":"Iraq","NAME_EN":"Iraq","ISO_A2_EH":"IQ","ISO_A2":"IQ","LABEL_X":43.26181,"LABEL_Y":33.09403,"MIN_LABEL":3,"LABELRANK":3,"TINY":-99,"TYPE":"Sovereign country"}},
{"type":"Feature","geometry":{"type":"MultiPolygon","coordinates":[[[[56.18799,26.92114],[56.07412,26.98335],[55.90713,26.90981],[55.75762,26.94766],[55.7626,26.81196],[55.34697,26.64795],[55.42373,26.58311],[55.84766,26.73081],[55.9543,26.70112],[56.09492,26.80117],[56.18799,26.92114]]],[[[53.91416,37.34356],[54.01719,36.95249],[53.97012,36.81831],[53.76768,36.93032],[53.37412,36.86875],[52.19014,36.62173],[51.76201,36.6145],[51.11856,36.74258],[50.92744,36.81021],[50.5332,37.01367],[50.33789,37.14917],[50.13047,37.40713],[49.72695,37.48052],[49.47012,37.49668],[49.17119,37.60059],[49.08096,37.66758],[48.95996,37.89014],[48.90137,38.14365],[48.86875,38.4355],[48.59268,38.41108],[48.41738,38.58623],[48.30557,38.61348],[48.20469,38.72412],[48.02324,38.81904],[48.0501,38.93501],[48.24199,38.97896],[48.27412,39.09912],[48.12549,39.17163],[48.13604,39.31235],[48.32217,39.39907],[47.9959,39.68394],[47.77285,39.64858],[47.18838,39.34097],[46.98887,39.18018],[46.85254,39.14844],[46.55479,38.9044],[46.49063,38.90669],[46.11445,38.87778],[45.575,38.9728],[45.47969,39.00625],[45.25596,39.19468],[45.14121,39.2543],[44.81719,39.65044],[44.58711,39.76856],[44.45596,39.66675],[44.38936,39.42212],[44.02324,39.37744],[44.0791,39.21831],[44.17803,39.14482],[44.14453,38.99439],[44.27168,38.83604],[44.25703,38.70064],[44.29082,38.42012],[44.43086,38.35679],[44.3294,38.10928],[44.21133,37.90806],[44.56123,37.74463],[44.57402,37.4354],[44.79414,37.29038],[44.76514,37.14243],[44.88086,36.79932],[45.03398,36.65889],[45.03106,36.52607],[45.1124,36.40928],[45.24111,36.35596],[45.36162,36.01533],[45.48379,36.00855],[45.64502,35.92837],[45.72344,35.83667],[46.16748,35.82056],[46.2625,35.74414],[46.0374,35.67315],[45.97109,35.52417],[46.11211,35.32168],[46.13379,35.12764],[45.9209,35.02852],[45.67813,34.79844],[45.6375,34.57383],[45.50078,34.58159],[45.4376,34.41514],[45.52686,34.28467],[45.52861,34.15254],[45.39707,33.97085],[45.47324,33.92549],[45.73828,33.60283],[45.8794,33.60977],[45.87324,33.49199],[45.98106,33.47012],[46.1459,33.22964],[46.08076,33.08652],[46.11279,32.95767],[46.37705,32.92925],[46.56992,32.83394],[47.12139,32.4666],[47.28516,32.47402],[47.37129,32.42373],[47.51191,32.15083],[47.5915,32.08799],[47.82998,31.79443],[47.67949,31.40059],[47.67949,31.00239],[48.01065,30.9898],[48.01494,30.46563],[48.14756,30.41685],[48.33106,30.28545],[48.43457,30.0376],[48.54648,29.96235],[48.6709,30.02832],[48.83242,30.0355],[48.91914,30.1209],[48.9168,30.39727],[49.13037,30.50942],[49.0543,30.30693],[49.42998,30.13047],[49.55488,30.02896],[49.98311,30.20938],[50.07158,30.19854],[50.16895,29.92124],[50.38691,29.67905],[50.64961,29.42007],[50.6752,29.14658],[50.87578,29.0627],[50.86699,28.87017],[51.06201,28.72612],[51.09385,28.51211],[51.27607,28.21885],[51.27891,28.13135],[51.51856,27.91001],[51.66631,27.84497],[52.03076,27.82441],[52.1919,27.71729],[52.47588,27.6165],[52.60264,27.49336],[52.6916,27.32339],[52.98252,27.14194],[53.45498,26.94326],[53.50713,26.85176],[53.70576,26.72559],[53.82256,26.70772],[54.06934,26.73237],[54.24707,26.69663],[54.52207,26.58916],[54.64492,26.50894],[54.8958,26.55669],[55.15459,26.72539],[55.29414,26.78594],[55.42402,26.77056],[55.65029,26.97754],[55.94111,27.0376],[56.11807,27.14312],[56.35615,27.20024],[56.72813,27.12769],[56.81289,27.08999],[56.98223,26.90547],[57.07197,26.68008],[57.1043,26.37144],[57.20137,26.15884],[57.20557,26.03721],[57.33457,25.79155],[57.73252,25.7249],[57.79609,25.65303],[57.93662,25.69165],[58.02236,25.64082],[58.31426,25.58086],[58.53086,25.59243],[58.79785,25.55459],[59.04609,25.41729],[59.22725,25.42773],[59.45606,25.48149],[59.61602,25.40327],[60.02471,25.38413],[60.4002,25.31157],[60.51055,25.43706],[60.5875,25.41353],[60.66387,25.28223],[61.41221,25.1021],[61.58789,25.20234],[61.61543,25.28613],[61.66865,25.76899],[61.7544,25.84336],[61.80996,26.16528],[61.86982,26.24243],[62.23936,26.35703],[62.31231,26.49087],[62.43926,26.56104],[62.78662,26.6439],[63.09297,26.63232],[63.16807,26.66558],[63.18613,26.8376],[63.25039,26.87925],[63.24209,27.07769],[63.30518,27.12456],[63.1668,27.25249],[62.91543,27.21841],[62.76299,27.2502],[62.81201,27.49702],[62.73975,28.00205],[62.7625,28.20205],[62.56455,28.23516],[62.35303,28.41475],[61.88984,28.54653],[61.62305,28.7916],[61.33789,29.26499],[61.31836,29.37261],[60.84336,29.85869],[61.78418,30.83193],[61.81426,31.07256],[61.75508,31.2853],[61.66016,31.38242],[60.8541,31.48325],[60.7916,31.6606],[60.78994,31.98711],[60.8293,32.24941],[60.57656,32.99487],[60.56055,33.13784],[60.71807,33.32354],[60.91699,33.50523],[60.80645,33.55869],[60.65459,33.5604],[60.51084,33.63892],[60.52705,33.84199],[60.48574,34.09478],[60.64268,34.30718],[60.88945,34.31943],[60.72627,34.51826],[60.95117,34.65386],[61.08008,34.85562],[61.14961,35.09375],[61.1,35.27231],[61.18926,35.31201],[61.27852,35.51377],[61.26201,35.61958],[61.25215,35.86763],[61.15293,35.97676],[61.2124,36.09912],[61.11963,36.64258],[60.34131,36.63765],[60.06279,36.96289],[59.94863,37.0416],[59.56221,37.17891],[59.36738,37.33374],[59.34473,37.44473],[59.24082,37.52075],[58.81543,37.6835],[58.43574,37.63853],[58.26162,37.66582],[58.10879,37.78306],[57.71055,37.90527],[57.42383,37.94771],[57.19356,38.21641],[56.90664,38.21304],[56.77461,38.25005],[56.44063,38.24941],[56.22881,38.07339],[55.57842,38.09976],[55.38086,38.05112],[55.07559,37.90249],[54.84863,37.72266],[54.74522,37.5019],[54.1916,37.33247],[53.91416,37.34356]]]]},"properties":{"ADMIN":"Iran","NAME_EN":"Iran","ISO_A2_EH":"IR","ISO_A2":"IR","LABEL_X":54.931495,"LABEL_Y":32.166225,"MIN_LABEL":2.5,"LABELRANK":2,"TINY":-99,"TYPE":"Sovereign country"}},
{"type":"Feature","geometry":{"type":"MultiPolygon","coordinates":[[[[97.48154,1.46509],[97.35596,1.53975],[97.24424,1.42363],[97.0792,1.42549],[97.29688,1.18735],[97.40537,0.94697],[97.60391,0.83389],[97.68398,0.59609],[97.82041,0.56445],[97.87647,0.62832],[97.93193,0.97393],[97.78643,1.1459],[97.69834,1.18374],[97.48154,1.46509]]],[[[99.16387,-1.77793],[99.27148,-1.73848],[99.26729,-1.62773],[99.13066,-1.44238],[99.06504,-1.24072],[98.86904,-0.91562],[98.67607,-0.97051],[98.60176,-1.19785],[98.81631,-1.53828],[98.87432,-1.66367],[99.07178,-1.7835],[99.16387,-1.77793]]],[[[116.64082,-8.61387],[116.73408,-8.38691],[116.64697,-8.28271],[116.40156,-8.2042],[116.21982,-8.29522],[116.06113,-8.4374],[116.07647,-8.74492],[115.86934,-8.74277],[115.87461,-8.82559],[116.02676,-8.87314],[116.37725,-8.929],[116.51426,-8.821],[116.64082,-8.61387]]],[[[115.44785,-8.15518],[115.154,-8.06572],[114.99815,-8.17441],[114.83301,-8.18262],[114.47529,-8.11943],[114.50176,-8.26084],[114.61318,-8.37832],[114.84209,-8.42852],[115.05508,-8.57305],[115.23613,-8.79756],[115.33379,-8.61572],[115.55996,-8.51416],[115.7043,-8.40713],[115.54941,-8.2083],[115.44785,-8.15518]]],[[[106.0457,-1.66943],[106.02734,-1.59316],[105.91006,-1.50498],[105.72041,-1.53389],[105.75449,-1.65869],[105.70088,-1.73105],[105.58545,-1.52676],[105.37315,-1.65732],[105.37481,-1.81318],[105.19102,-1.91689],[105.1334,-2.04258],[105.34287,-2.1251],[105.55273,-2.079],[105.78584,-2.18135],[105.80684,-2.30742],[105.93906,-2.49346],[105.90801,-2.64326],[105.99873,-2.8249],[106.2501,-2.89404],[106.54678,-3.05557],[106.66719,-3.07178],[106.61201,-2.89551],[106.67881,-2.704],[106.81846,-2.57334],[106.36592,-2.46484],[106.20879,-2.18867],[106.16172,-1.86699],[106.0457,-1.66943]]],[[[123.17979,-4.55117],[123.03828,-4.39473],[122.94688,-4.44268],[122.85332,-4.61836],[122.84941,-4.83125],[122.7665,-5.21016],[122.67012,-5.33086],[122.58496,-5.54463],[122.64502,-5.66338],[122.81211,-5.67129],[122.98574,-5.39355],[123.04336,-5.41934],[123.18731,-5.33301],[123.20195,-5.27334],[123.05147,-5.15644],[122.97168,-5.13848],[122.98652,-4.96309],[123.05518,-4.74824],[123.20303,-4.76621],[123.17979,-4.55117]]],[[[122.64512,-5.26943],[122.61406,-5.13867],[122.75986,-4.93389],[122.73975,-4.675],[122.70195,-4.61865],[122.36895,-4.76719],[122.33447,-4.84658],[122.39629,-5.06982],[122.329,-5.13769],[122.28311,-5.31953],[122.56387,-5.3875],[122.64512,-5.26943]]],[[[108.31602,3.68965],[108.39356,3.83618],[108.39287,3.98618],[108.20195,4.20049],[108.00352,4.04258],[108.08848,3.8521],[108.24326,3.81035],[108.10039,3.70454],[108.17959,3.65308],[108.31602,3.68965]]],[[[108.20723,-2.99766],[108.29063,-2.82998],[108.21514,-2.69697],[108.07441,-2.59697],[107.83779,-2.53027],[107.66631,-2.56631],[107.59815,-2.79971],[107.61445,-3.20937],[107.94111,-3.1293],[108.05527,-3.22685],[108.16729,-3.14277],[108.20723,-2.99766]]],[[[135.38301,-0.65137],[135.43164,-0.76885],[135.6457,-0.88193],[135.74707,-0.82305],[135.83877,-1.11943],[135.91504,-1.17842],[136.11035,-1.2168],[136.30537,-1.17315],[136.28262,-1.06465],[136.15469,-0.97832],[135.89356,-0.72578],[135.74902,-0.73252],[135.38301,-0.65137]]],[[[135.47422,-1.5918],[135.4876,-1.66836],[135.86572,-1.75215],[136.19258,-1.85918],[136.46084,-1.89043],[136.62187,-1.87305],[136.89258,-1.79971],[136.71856,-1.73398],[136.38965,-1.72158],[136.20156,-1.65498],[135.86914,-1.64199],[135.47422,-1.5918]]],[[[130.81328,-0.0041],[130.29492,-0.10146],[130.23662,-0.20967],[130.34053,-0.2623],[130.49629,-0.26738],[130.55078,-0.36641],[130.68867,-0.29658],[130.7502,-0.44385],[130.89629,-0.41602],[131.09775,-0.33008],[131.25752,-0.36572],[131.33975,-0.29033],[131.27686,-0.1498],[131.02578,-0.03994],[130.81328,-0.0041]]],[[[128.45391,2.05176],[128.54756,2.09707],[128.62324,2.22441],[128.68848,2.47368],[128.60215,2.59761],[128.47207,2.57051],[128.33037,2.46934],[128.21797,2.29746],[128.2959,2.03472],[128.45391,2.05176]]],[[[128.15303,-1.66055],[128.14873,-1.60371],[127.90508,-1.43906],[127.74297,-1.36025],[127.5918,-1.35078],[127.45674,-1.45371],[127.39219,-1.64482],[127.56162,-1.72852],[127.91377,-1.68516],[128.06123,-1.7124],[128.15303,-1.66055]]],[[[126.05508,-2.45127],[126.06572,-2.36582],[125.97598,-2.16807],[125.99268,-2.01182],[125.86289,-2.07715],[125.97793,-2.41543],[126.05508,-2.45127]]],[[[126.02422,-1.78975],[125.72031,-1.81377],[125.5209,-1.80088],[125.38721,-1.84307],[125.4792,-1.94004],[125.83887,-1.90615],[125.95645,-1.9166],[126.28809,-1.85889],[126.02422,-1.78975]]],[[[124.96953,-1.70547],[124.66397,-1.63594],[124.48301,-1.64434],[124.38086,-1.6875],[124.32969,-1.85889],[124.41777,-2.00518],[124.63916,-1.97822],[124.83447,-1.89443],[125.00674,-1.94307],[125.13477,-1.88896],[125.31406,-1.87715],[125.32022,-1.81006],[124.96953,-1.70547]]],[[[131.32559,-7.99951],[131.37705,-7.86914],[131.62441,-7.62617],[131.69111,-7.43887],[131.64385,-7.26689],[131.73613,-7.19707],[131.64346,-7.11279],[131.56074,-7.13574],[131.34922,-7.42539],[131.26006,-7.47051],[131.13779,-7.68486],[131.08682,-7.86504],[131.11377,-7.99736],[131.32559,-7.99951]]],[[[126.80098,-7.66787],[126.60957,-7.57178],[126.35938,-7.67676],[126.21367,-7.70674],[125.97529,-7.66338],[125.84316,-7.8167],[125.79824,-7.98457],[125.95156,-7.91094],[126.1084,-7.88398],[126.47207,-7.95039],[126.57734,-7.80762],[126.8127,-7.73789],[126.80098,-7.66787]]],[[[124.57559,-8.14082],[124.43066,-8.1832],[124.42598,-8.2958],[124.35557,-8.38594],[124.44424,-8.44463],[125.09678,-8.35283],[125.12461,-8.20478],[124.75225,-8.15957],[124.59961,-8.20176],[124.57559,-8.14082]]],[[[131.00186,-1.31553],[131.07393,-0.96826],[130.89717,-0.89004],[130.67295,-0.95977],[130.78232,-1.25547],[130.84512,-1.31728],[131.00186,-1.31553]]],[[[96.49258,5.22935],[96.1333,5.29429],[96.02734,5.35117],[95.84131,5.5145],[95.62891,5.60908],[95.39609,5.62881],[95.22783,5.5648],[95.24707,5.41079],[95.20664,5.28403],[95.49473,4.76138],[95.57861,4.66196],[95.98799,4.26328],[96.23008,4.07275],[96.44473,3.81631],[96.52539,3.7666],[96.80098,3.70855],[96.96895,3.57515],[97.39131,2.97529],[97.59082,2.84658],[97.70078,2.35855],[97.79502,2.28286],[98.00508,2.23818],[98.56426,1.90215],[98.70254,1.70195],[98.79639,1.49463],[98.93555,1.03193],[99.05957,0.68638],[99.15918,0.35176],[99.33457,0.20859],[99.59766,0.10244],[99.72129,-0.03296],[99.86006,-0.31377],[100.08789,-0.55293],[100.3082,-0.82666],[100.39395,-1.10127],[100.48652,-1.29912],[100.85527,-1.93418],[100.84805,-2.14394],[100.94443,-2.34521],[101.11856,-2.58779],[101.30566,-2.72871],[101.57861,-3.16699],[101.81787,-3.37803],[102.12754,-3.59922],[102.37197,-3.96924],[102.5377,-4.15215],[102.91895,-4.4707],[103.13867,-4.59619],[103.40566,-4.81641],[103.83145,-5.07959],[104.0668,-5.38594],[104.24297,-5.53887],[104.36953,-5.69072],[104.60156,-5.90459],[104.68398,-5.89268],[104.61816,-5.6415],[104.63955,-5.52041],[105.08135,-5.74551],[105.34941,-5.54951],[105.52266,-5.67275],[105.61856,-5.79961],[105.74834,-5.81826],[105.81611,-5.67656],[105.88721,-5.00957],[105.88652,-4.55391],[105.83145,-4.16289],[105.92773,-3.88135],[105.85156,-3.73057],[105.84375,-3.61367],[105.90147,-3.41006],[106.0584,-3.21719],[106.04434,-3.10625],[105.89912,-2.88779],[105.58203,-2.49199],[105.39697,-2.38018],[105.28652,-2.35625],[105.02588,-2.35752],[104.87842,-2.41885],[104.73574,-2.5709],[104.63057,-2.54336],[104.66846,-2.38555],[104.82607,-2.23418],[104.84522,-2.09297],[104.56875,-1.92178],[104.51592,-1.81943],[104.44688,-1.3624],[104.36055,-1.03838],[104.19854,-1.0543],[103.94004,-0.9791],[103.72109,-0.88672],[103.53272,-0.75469],[103.43115,-0.53359],[103.50918,-0.46553],[103.40518,-0.36221],[103.42852,-0.1918],[103.78672,0.04697],[103.67266,0.28892],[103.47891,0.48018],[103.27656,0.49453],[102.8959,0.27861],[103.0665,0.49199],[102.94932,0.66421],[102.84941,0.71548],[102.46924,0.7793],[102.23906,0.99033],[102.15723,1.25889],[102.01992,1.44214],[101.78477,1.62139],[101.47666,1.69307],[101.40508,1.75742],[101.30078,2.01182],[101.04619,2.25747],[100.93594,2.29473],[100.82822,2.24258],[100.8168,1.98926],[100.68525,2.12007],[100.60361,2.13696],[100.45703,2.25742],[100.30723,2.4666],[100.12725,2.64761],[99.90664,2.98818],[99.73232,3.18306],[99.52148,3.31118],[99.15117,3.58125],[98.77793,3.75942],[98.65869,3.92813],[98.30732,4.09287],[98.24121,4.19453],[98.24844,4.41455],[98.0207,4.63521],[97.9084,4.87998],[97.70674,5.04014],[97.54717,5.20586],[97.45117,5.23604],[97.19043,5.20732],[96.96777,5.26914],[96.84268,5.27446],[96.61523,5.22021],[96.49258,5.22935]]],[[[122.78291,-8.61172],[122.81113,-8.48115],[123.00596,-8.3291],[122.97832,-8.15195],[122.8457,-8.09326],[122.75859,-8.18594],[122.91914,-8.22188],[122.85049,-8.30439],[122.60352,-8.40244],[122.4335,-8.60078],[122.26309,-8.6249],[121.9665,-8.45518],[121.6834,-8.50586],[121.54795,-8.57529],[121.44453,-8.57783],[121.27666,-8.47793],[120.88613,-8.32666],[120.75137,-8.32148],[120.61025,-8.24043],[120.23115,-8.28984],[120.09922,-8.37754],[119.91826,-8.44512],[119.81816,-8.57051],[119.80791,-8.69766],[119.90938,-8.85762],[120.1209,-8.77695],[120.31953,-8.82031],[120.55049,-8.80185],[120.78096,-8.84883],[121.03525,-8.93545],[121.19082,-8.89551],[121.32832,-8.91689],[121.41465,-8.81484],[121.58457,-8.8206],[121.65137,-8.89873],[121.83867,-8.86035],[122.09414,-8.74473],[122.47022,-8.72549],[122.78291,-8.61172]]],[[[120.0125,-9.37471],[119.94209,-9.30146],[119.79512,-9.38047],[119.61475,-9.35244],[119.18565,-9.38447],[119.03145,-9.44023],[118.95879,-9.51934],[119.08545,-9.70693],[119.3626,-9.77178],[119.60107,-9.77354],[119.81279,-9.91748],[119.93066,-9.9665],[120.14482,-10.2001],[120.43916,-10.29404],[120.69805,-10.20664],[120.83262,-10.0375],[120.50371,-9.67402],[120.29111,-9.64785],[120.22109,-9.50635],[120.0125,-9.37471]]],[[[118.24238,-8.31777],[118.11748,-8.12227],[117.921,-8.08906],[117.75527,-8.14951],[117.81484,-8.34209],[117.9791,-8.45889],[118.10049,-8.47519],[118.23486,-8.59189],[117.96953,-8.72803],[117.80606,-8.71113],[117.56709,-8.42637],[117.35664,-8.42852],[117.16484,-8.36719],[116.95313,-8.50342],[116.83506,-8.53242],[116.78311,-8.66465],[116.80693,-8.81094],[116.78848,-9.00635],[117.06133,-9.09902],[117.21025,-9.03408],[117.50791,-9.00752],[117.73164,-8.91992],[117.86123,-8.93144],[118.0707,-8.85059],[118.18994,-8.84053],[118.37891,-8.67461],[118.39785,-8.81338],[118.47861,-8.85645],[118.81807,-8.79082],[118.90332,-8.70273],[119.00625,-8.74961],[119.12969,-8.66816],[119.04209,-8.56094],[118.98779,-8.33769],[118.8457,-8.29307],[118.74834,-8.33115],[118.49063,-8.27148],[118.33789,-8.35352],[118.24238,-8.31777]]],[[[124.88887,0.99531],[125.02803,1.18023],[125.11748,1.37891],[125.23379,1.5023],[125.16484,1.64365],[124.98926,1.70103],[124.7877,1.46758],[124.6002,1.39243],[124.53369,1.23047],[124.41084,1.18511],[124.27363,1.02227],[123.93076,0.85044],[123.84668,0.83818],[123.27813,0.92808],[122.96006,0.923],[122.89248,0.85],[122.43662,1.01807],[122.1082,1.03115],[121.86738,1.08853],[121.5918,1.06797],[121.44004,1.2144],[121.2084,1.2625],[121.08174,1.32764],[120.91211,1.28896],[120.75488,1.03564],[120.60254,0.8544],[120.5166,0.81753],[120.26953,0.9708],[120.22979,0.86123],[120.05645,0.69253],[120.03516,0.5666],[119.91328,0.44507],[119.80928,0.23867],[119.86563,0.04009],[119.72188,-0.08848],[119.77168,-0.48359],[119.84522,-0.77324],[119.71133,-0.68076],[119.5082,-0.90674],[119.35918,-1.24346],[119.30898,-1.4082],[119.3083,-1.65967],[119.34824,-1.82529],[119.32188,-1.92969],[119.17227,-2.14004],[119.13535,-2.38232],[119.09219,-2.48291],[118.85332,-2.65019],[118.78369,-2.76475],[118.85811,-2.92852],[118.8125,-3.15664],[118.86768,-3.39805],[118.99463,-3.5376],[119.24004,-3.47529],[119.41982,-3.47539],[119.49453,-3.5541],[119.49365,-3.76855],[119.62363,-4.03437],[119.61172,-4.42353],[119.51553,-4.7419],[119.51953,-4.87734],[119.36035,-5.31416],[119.37617,-5.4248],[119.55742,-5.61103],[119.71729,-5.69336],[119.95156,-5.57764],[120.31162,-5.5416],[120.43037,-5.59102],[120.39092,-5.39258],[120.2793,-5.14609],[120.31016,-4.96318],[120.40498,-4.72725],[120.42012,-4.61738],[120.38457,-4.41514],[120.3625,-4.08574],[120.38301,-3.85234],[120.43662,-3.70732],[120.39238,-3.34814],[120.2541,-3.05283],[120.26104,-2.94932],[120.34141,-2.86963],[120.65361,-2.66758],[120.76504,-2.6416],[120.99014,-2.67031],[121.05215,-2.75166],[121.07031,-3.01016],[121.0543,-3.16709],[120.90693,-3.404],[120.91426,-3.55576],[121.3127,-3.91943],[121.5374,-4.01484],[121.61807,-4.09268],[121.54121,-4.28291],[121.48652,-4.58105],[121.58867,-4.75957],[121.91699,-4.84795],[122.07324,-4.7917],[122.0542,-4.62012],[122.20713,-4.49639],[122.47139,-4.42207],[122.72168,-4.41074],[122.89736,-4.34912],[122.87734,-4.10908],[122.79824,-4.0542],[122.68965,-4.08447],[122.60996,-3.92344],[122.43457,-3.73984],[122.25293,-3.62041],[122.31729,-3.2751],[122.39902,-3.20088],[122.30654,-3.05156],[122.2917,-2.90762],[122.08262,-2.74951],[121.84824,-2.33154],[121.72598,-2.20801],[121.575,-2.15088],[121.50195,-2.04502],[121.34883,-1.946],[121.39473,-1.83379],[121.57266,-1.90576],[121.71875,-1.86279],[121.85859,-1.69326],[122.15762,-1.59394],[122.33418,-1.49785],[122.50664,-1.34785],[122.80742,-0.96602],[122.90283,-0.90098],[123.04941,-0.87236],[123.15273,-0.90703],[123.22578,-1.00176],[123.37793,-1.0041],[123.43418,-0.77822],[123.37969,-0.64853],[123.17148,-0.5707],[122.82949,-0.65889],[122.88877,-0.75518],[122.65879,-0.76982],[122.27998,-0.75703],[122.1749,-0.79375],[121.96963,-0.9333],[121.7377,-0.92568],[121.63272,-0.84033],[121.51934,-0.85557],[121.27686,-1.11816],[121.14854,-1.33945],[121.03369,-1.40654],[120.79697,-1.36367],[120.66738,-1.37012],[120.51758,-1.03945],[120.42539,-0.96064],[120.26982,-0.89922],[120.09746,-0.6499],[120.03174,-0.43203],[120.01328,-0.19619],[120.12734,0.16655],[120.34902,0.44922],[120.45996,0.5103],[120.70039,0.5147],[121.01299,0.4417],[121.42578,0.49482],[121.60459,0.48613],[121.84199,0.43657],[122.28076,0.48106],[123.08252,0.48584],[123.26543,0.32661],[123.52598,0.30034],[123.75381,0.30552],[124.2168,0.38037],[124.42754,0.47061],[124.58906,0.65527],[124.69815,0.82559],[124.88887,0.99531]]],[[[107.37393,-6.00762],[107.04629,-5.9042],[107.01162,-6.0085],[106.8252,-6.09824],[106.67588,-6.03838],[106.16582,-5.96475],[106.075,-5.91416],[105.93613,-6.01699],[105.86826,-6.11641],[105.78691,-6.45693],[105.65508,-6.46953],[105.58086,-6.671],[105.48369,-6.78154],[105.27344,-6.72939],[105.25547,-6.83525],[105.47842,-6.85371],[105.94434,-6.85898],[106.19824,-6.92783],[106.51973,-7.05371],[106.4169,-7.23935],[106.45527,-7.36865],[106.63145,-7.41553],[107.28496,-7.47168],[107.54688,-7.54189],[107.6958,-7.63555],[107.91748,-7.72412],[108.22051,-7.78232],[108.45176,-7.79697],[108.57051,-7.70723],[108.74121,-7.66709],[108.98672,-7.7041],[109.28164,-7.70488],[109.85264,-7.82842],[110.03867,-7.89053],[110.60723,-8.14941],[111.05537,-8.23955],[111.33857,-8.26172],[111.50996,-8.30508],[112.11514,-8.32393],[112.67881,-8.40918],[113.13369,-8.28828],[113.25332,-8.28672],[113.69258,-8.47803],[114.15967,-8.62646],[114.27695,-8.61465],[114.3832,-8.70537],[114.58379,-8.76963],[114.59502,-8.68477],[114.48174,-8.60381],[114.38691,-8.40518],[114.38496,-8.26328],[114.44424,-7.8956],[114.38272,-7.77109],[114.0707,-7.63301],[113.74746,-7.70303],[113.49766,-7.72383],[113.24844,-7.71816],[113.01357,-7.65771],[112.79453,-7.55244],[112.79434,-7.30449],[112.64873,-7.22129],[112.53926,-6.92646],[112.31231,-6.89443],[112.08731,-6.89336],[111.98984,-6.80596],[111.7376,-6.77344],[111.54033,-6.64824],[111.34209,-6.69951],[111.1544,-6.66904],[110.97227,-6.43564],[110.83477,-6.42422],[110.73691,-6.47236],[110.58359,-6.80566],[110.42627,-6.94727],[110.19844,-6.89512],[109.821,-6.90244],[109.50059,-6.81016],[109.29424,-6.86699],[109.01836,-6.81728],[108.67783,-6.79053],[108.60361,-6.7292],[108.51592,-6.47119],[108.29502,-6.26504],[108.1376,-6.29668],[107.88379,-6.2333],[107.6668,-6.21582],[107.47471,-6.12178],[107.37393,-6.00762]]],[[[109.62891,2.02754],[109.37852,1.92271],[109.27315,1.70547],[109.07588,1.4959],[109.01025,1.23965],[108.95859,1.13462],[108.90586,0.79395],[108.94453,0.35566],[109.07481,0.25283],[109.25752,0.03115],[109.19463,-0.00942],[109.12178,-0.26504],[109.16055,-0.49492],[109.37275,-0.63818],[109.271,-0.73203],[109.3335,-0.87539],[109.45381,-0.86875],[109.68174,-0.94424],[109.7874,-1.01133],[109.93809,-1.18115],[110.01924,-1.39883],[110.02344,-1.64258],[109.96377,-1.74287],[109.95986,-1.86279],[110.075,-1.94639],[110.12441,-2.23389],[110.22432,-2.68867],[110.23262,-2.9251],[110.37754,-2.93379],[110.57402,-2.89141],[110.70313,-3.0209],[110.81113,-2.93848],[110.86875,-3.04873],[111.04434,-3.05576],[111.36758,-2.93369],[111.62549,-2.97549],[111.69473,-2.88945],[111.82305,-3.05723],[111.83594,-3.30771],[111.82207,-3.53252],[111.95488,-3.52969],[112.12666,-3.38144],[112.28496,-3.321],[112.60029,-3.40049],[112.97148,-3.18711],[113.03398,-2.9335],[113.34316,-3.24648],[113.52598,-3.18408],[113.63008,-3.24609],[113.63359,-3.41992],[113.7958,-3.45625],[113.95879,-3.39434],[114.08223,-3.27891],[114.446,-3.48184],[114.53613,-3.49443],[114.60596,-3.70332],[114.62529,-4.11172],[114.69356,-4.16973],[115.2582,-3.90684],[115.95615,-3.59502],[116.05752,-3.34824],[116.16709,-3.18301],[116.25723,-3.12637],[116.17227,-3.02529],[116.33066,-2.90215],[116.37549,-2.57803],[116.5293,-2.51055],[116.56543,-2.29971],[116.52813,-2.20791],[116.31397,-2.13984],[116.42354,-2.05254],[116.45195,-1.92314],[116.42432,-1.78486],[116.33213,-1.7125],[116.47793,-1.63281],[116.55449,-1.47393],[116.71523,-1.37578],[116.771,-1.2666],[117.00322,-1.18769],[117.24072,-0.92568],[117.5625,-0.7709],[117.54893,-0.55439],[117.46289,-0.32373],[117.46377,-0.20049],[117.52217,0.23589],[117.55332,0.34102],[117.74512,0.72964],[117.92305,0.83135],[118.01631,1.03916],[118.09551,0.92915],[118.19609,0.87437],[118.53477,0.81353],[118.75742,0.83921],[118.89238,0.88687],[118.98496,0.98213],[118.63897,1.31899],[118.47168,1.41646],[118.08037,1.70186],[117.86465,1.96841],[117.88106,2.06065],[118.0416,2.21543],[118.0666,2.31782],[117.88574,2.54175],[117.78594,2.74678],[117.63887,2.82529],[117.61065,3.06436],[117.35244,3.19375],[117.38467,3.36538],[117.16641,3.59199],[117.17158,3.63897],[117.45039,3.62852],[117.50967,3.73037],[117.62988,3.63633],[117.77725,3.68926],[117.72822,3.79673],[117.56602,3.92993],[117.46533,4.07607],[117.57441,4.17061],[117.45088,4.19287],[117.27754,4.29932],[117.10059,4.33706],[116.51475,4.3708],[116.41455,4.3082],[116.32031,4.35371],[116.13447,4.35518],[116.02158,4.29067],[115.89619,4.34868],[115.67881,4.19302],[115.56846,3.93877],[115.54453,3.63369],[115.56611,3.44575],[115.51992,3.36167],[115.49316,3.12813],[115.4544,3.03433],[115.31016,2.99395],[115.24697,3.02593],[115.08633,2.84111],[115.08076,2.63423],[115.1791,2.52319],[114.96914,2.35083],[114.78643,2.25049],[114.75869,2.1624],[114.83057,1.98003],[114.70352,1.85078],[114.66094,1.68628],[114.5459,1.46714],[114.38711,1.50005],[113.90234,1.43428],[113.62227,1.23594],[113.51318,1.3084],[113.35898,1.32715],[113.00654,1.43389],[112.94297,1.56699],[112.47617,1.55908],[112.18574,1.43906],[112.07852,1.14336],[111.92315,1.11328],[111.76973,0.99946],[111.60742,1.02261],[111.4832,0.99575],[111.28672,1.04321],[111.10137,1.05054],[110.93809,1.01733],[110.61475,0.87813],[110.50576,0.86196],[110.31523,0.996],[110.11475,1.19014],[109.81807,1.43897],[109.654,1.61489],[109.63584,1.77666],[109.53897,1.89619],[109.62891,2.02754]]],[[[127.73272,0.84815],[127.63438,0.93613],[127.65283,1.01387],[127.88535,1.16279],[128.01172,1.33174],[128.01094,1.70122],[127.88682,1.83296],[127.90674,1.94565],[128.03125,2.11987],[127.8999,2.13735],[127.63174,1.8437],[127.53467,1.57207],[127.53711,1.46748],[127.42031,1.25195],[127.42852,1.13999],[127.52041,0.92402],[127.60801,0.84824],[127.5418,0.68066],[127.55537,0.48965],[127.70869,0.28809],[127.68545,0.14902],[127.6916,-0.24189],[127.88897,-0.42353],[128.04639,-0.70605],[128.2334,-0.78769],[128.25352,-0.73164],[128.08945,-0.48525],[127.97783,-0.24834],[127.88897,0.04951],[127.91465,0.2063],[127.8874,0.29834],[127.98311,0.47188],[128.22061,0.41426],[128.44648,0.39155],[128.54043,0.33789],[128.6916,0.36035],[128.61123,0.54995],[128.39795,0.63882],[128.26065,0.73379],[128.29883,0.87681],[128.51455,0.97925],[128.70264,1.1064],[128.7169,1.36729],[128.68838,1.57256],[128.42412,1.51753],[128.22246,1.40064],[128.15742,1.3166],[128.16074,1.15781],[127.96729,1.04258],[127.88106,0.83213],[127.73272,0.84815]]],[[[129.75469,-2.86582],[129.54297,-2.79033],[129.42734,-2.79072],[129.27959,-2.88906],[129.11631,-2.93701],[129.05772,-2.83848],[128.79053,-2.85664],[128.56982,-2.84219],[128.19854,-2.86592],[128.11338,-2.93457],[127.87793,-3.22207],[127.97002,-3.44434],[128.08213,-3.18408],[128.18066,-3.17168],[128.27998,-3.24053],[128.41924,-3.41602],[128.63897,-3.4334],[128.75127,-3.30049],[128.8625,-3.23496],[128.96748,-3.32607],[129.46768,-3.45322],[129.51172,-3.32852],[129.84414,-3.32715],[130.01953,-3.47471],[130.26973,-3.5793],[130.80508,-3.85771],[130.85996,-3.57031],[130.77344,-3.41875],[130.67109,-3.3915],[130.56992,-3.13086],[130.3791,-2.98935],[129.98438,-2.97666],[129.75469,-2.86582]]],[[[126.86113,-3.08789],[126.55508,-3.06523],[126.30625,-3.10322],[126.21963,-3.14814],[126.08828,-3.10547],[126.02647,-3.17051],[126.05654,-3.421],[126.21455,-3.60518],[126.41113,-3.71064],[126.68633,-3.82363],[126.94092,-3.76455],[127.08506,-3.6709],[127.22959,-3.63301],[127.22734,-3.39102],[127.09238,-3.27754],[127.02549,-3.16602],[126.86113,-3.08789]]],[[[124.92227,-8.94248],[124.57549,-9.15537],[124.44443,-9.19033],[124.41299,-9.31436],[124.28232,-9.42793],[124.09014,-9.41641],[124.03633,-9.3416],[123.87676,-9.45312],[123.70938,-9.61484],[123.58926,-9.9668],[123.71641,-10.07861],[123.61406,-10.21504],[123.64414,-10.31094],[123.85762,-10.34355],[124.17598,-10.1833],[124.42754,-10.14863],[124.7084,-9.91416],[124.96309,-9.66562],[125.06816,-9.51191],[124.96826,-9.29424],[124.97754,-9.19492],[125.10049,-9.18984],[125.14941,-9.12295],[125.10039,-9.004],[124.97324,-9.06426],[124.92227,-8.94248]]],[[[134.74697,-5.70703],[134.6165,-5.43857],[134.50645,-5.43848],[134.49033,-5.5251],[134.34131,-5.71289],[134.30195,-6.00977],[134.15488,-6.06289],[134.44111,-6.33486],[134.6376,-6.36533],[134.71416,-6.29512],[134.75586,-6.1706],[134.71221,-5.94971],[134.75498,-5.88271],[134.74697,-5.70703]]],[[[134.53682,-6.44228],[134.41504,-6.38672],[134.16807,-6.17627],[134.11465,-6.19082],[134.12461,-6.42646],[134.05918,-6.76934],[134.2,-6.90879],[134.35596,-6.81484],[134.4125,-6.67969],[134.5043,-6.59141],[134.53682,-6.44228]]],[[[138.53535,-8.27363],[138.78594,-8.05908],[138.98906,-7.69609],[138.9626,-7.58799],[138.76982,-7.39043],[138.54385,-7.37959],[138.29551,-7.43848],[138.08184,-7.56621],[138.00752,-7.6416],[137.83252,-7.93223],[137.68516,-8.26221],[137.6877,-8.41172],[137.87187,-8.37969],[138.29629,-8.40518],[138.53535,-8.27363]]],[[[140.97344,-2.60977],[140.74746,-2.60713],[140.72051,-2.5081],[140.62256,-2.4458],[140.25098,-2.41201],[140.15459,-2.35],[139.78955,-2.34824],[139.48184,-2.21182],[139.03945,-1.99209],[138.81143,-1.91777],[138.6498,-1.79111],[138.11094,-1.61592],[137.91113,-1.48379],[137.80625,-1.4832],[137.38057,-1.68564],[137.12344,-1.84092],[137.17109,-2.02549],[137.07207,-2.10508],[136.84326,-2.19766],[136.38994,-2.27334],[136.24326,-2.58311],[136.01299,-2.73428],[135.85918,-2.99531],[135.62773,-3.18603],[135.48662,-3.34512],[135.37158,-3.3749],[135.0374,-3.3331],[134.91719,-3.2499],[134.85273,-3.10762],[134.84336,-2.90918],[134.70215,-2.93359],[134.62744,-2.53672],[134.4833,-2.58301],[134.45996,-2.83232],[134.19482,-2.30908],[134.15566,-2.19521],[134.14541,-1.96875],[134.10586,-1.721],[134.21699,-1.5291],[134.25957,-1.36299],[134.07197,-1.00185],[134.11152,-0.84678],[133.97451,-0.74434],[133.47266,-0.72617],[133.26846,-0.63574],[133.07715,-0.51182],[132.85645,-0.41738],[132.6251,-0.35889],[132.39375,-0.35547],[132.12842,-0.4541],[131.89092,-0.65713],[131.8043,-0.70381],[131.46152,-0.78184],[131.25723,-0.85547],[131.2541,-1.00693],[131.15186,-1.21885],[131.04619,-1.28408],[130.9959,-1.42471],[131.11777,-1.45527],[131.29375,-1.39346],[131.73145,-1.54121],[131.93037,-1.55967],[131.93613,-1.71494],[132.02344,-1.99033],[132.20742,-2.17578],[132.30762,-2.24228],[132.50264,-2.21846],[132.96279,-2.27256],[133.2249,-2.21445],[133.48779,-2.22559],[133.71035,-2.18916],[133.92158,-2.10205],[133.90488,-2.39092],[133.75332,-2.45068],[133.7001,-2.62461],[133.60869,-2.54717],[133.41143,-2.51396],[133.19102,-2.43779],[133.03379,-2.4874],[132.89727,-2.6582],[132.725,-2.78906],[132.57549,-2.72715],[132.23066,-2.68037],[131.97119,-2.78857],[132.05391,-2.91455],[132.34824,-2.9751],[132.75137,-3.29463],[132.86973,-3.55098],[132.75391,-3.70361],[132.83711,-3.94893],[132.96856,-4.09492],[133.24873,-4.0623],[133.40088,-3.89902],[133.41514,-3.73213],[133.54229,-3.51641],[133.51816,-3.41191],[133.65312,-3.36435],[133.72305,-3.57793],[133.904,-3.72012],[133.97383,-3.81797],[134.14707,-3.79678],[134.26621,-3.9458],[134.39102,-3.90996],[134.54688,-3.9793],[134.70762,-3.92988],[134.67969,-4.0791],[134.7542,-4.19541],[135.19561,-4.45068],[135.4502,-4.44307],[135.97969,-4.53086],[136.21065,-4.65068],[136.39375,-4.70127],[136.61885,-4.81875],[136.85684,-4.89316],[137.08926,-4.92441],[137.30664,-5.01435],[137.75908,-5.25615],[138.06084,-5.46523],[138.08711,-5.70918],[138.25215,-5.68818],[138.19961,-5.80703],[138.28281,-5.83857],[138.29629,-5.94902],[138.43867,-6.34336],[138.69815,-6.62568],[138.72666,-6.73115],[138.86455,-6.8584],[138.68379,-6.88652],[138.60137,-6.93652],[138.72002,-7.06982],[138.91934,-7.20361],[138.74795,-7.25146],[138.88555,-7.37324],[138.93789,-7.47246],[139.08799,-7.58721],[139.00303,-7.8376],[138.93594,-7.91309],[138.85615,-8.14512],[138.9335,-8.2624],[139.19297,-8.08613],[139.38565,-8.18906],[139.64941,-8.12539],[139.93477,-8.10117],[140.10166,-8.30059],[140.48975,-8.62041],[140.66152,-8.84678],[140.97617,-9.11875],[140.97578,-8.4957],[140.97539,-7.4792],[140.9752,-6.90537],[140.86231,-6.74004],[140.87461,-6.61152],[140.975,-6.34609],[140.97471,-5.64951],[140.97422,-4.22646],[140.97383,-3.41328],[140.97344,-2.60977]]],[[[138.89512,-8.38867],[138.79619,-8.17363],[138.67666,-8.19922],[138.56338,-8.30908],[138.59424,-8.37148],[138.89512,-8.38867]]],[[[101.70811,2.07842],[101.64072,2.12671],[101.40967,2.02168],[101.40342,1.90132],[101.46777,1.75938],[101.60273,1.71572],[101.71943,1.78916],[101.77354,1.94346],[101.70811,2.07842]]],[[[102.42715,0.99014],[102.44287,1.23423],[102.35859,1.34565],[102.22861,1.34785],[102.25547,1.14717],[102.32529,1.00703],[102.42715,0.99014]]],[[[102.4919,1.45918],[102.46953,1.51006],[102.04219,1.62539],[102.07871,1.49858],[102.27422,1.45313],[102.49941,1.33091],[102.4919,1.45918]]],[[[103.02754,0.74663],[103.00244,0.85928],[102.78008,0.95938],[102.54922,1.13023],[102.45391,0.8895],[102.5416,0.83159],[102.97148,0.73652],[103.02754,0.74663]]],[[[103.16641,0.87017],[103.06758,1.01475],[102.79014,1.16548],[102.70186,1.05371],[102.88633,0.99678],[103.08672,0.84815],[103.16641,0.87017]]],[[[103.28447,0.54194],[103.23818,0.69863],[103.13955,0.54907],[103.28447,0.54194]]],[[[103.4502,0.66445],[103.49746,0.72271],[103.38613,0.86958],[103.34443,0.77788],[103.4502,0.66445]]],[[[104.02481,1.18057],[103.95537,1.13745],[103.96357,1.01323],[104.06611,0.98955],[104.12734,1.09238],[104.02481,1.18057]]],[[[104.58535,1.21611],[104.36182,1.18149],[104.2502,1.10264],[104.25195,1.01489],[104.43926,1.05044],[104.42861,0.95649],[104.5752,0.83193],[104.65283,0.96104],[104.64815,1.10459],[104.58535,1.21611]]],[[[104.77861,-0.17598],[104.54268,0.01773],[104.44707,-0.18916],[104.5666,-0.2456],[104.70225,-0.20869],[104.91426,-0.32334],[104.94971,-0.24727],[104.84316,-0.14062],[104.77861,-0.17598]]],[[[104.47422,-0.33467],[104.25713,-0.46328],[104.32979,-0.53906],[104.48535,-0.61289],[104.59014,-0.4666],[104.47422,-0.33467]]],[[[103.73652,-0.34795],[103.72393,-0.27666],[103.54893,-0.22754],[103.46133,-0.35762],[103.60635,-0.38291],[103.73652,-0.34795]]],[[[109.71025,-1.18066],[109.74336,-1.03935],[109.61465,-0.9791],[109.47598,-0.98535],[109.42813,-1.24121],[109.51084,-1.28281],[109.71025,-1.18066]]],[[[113.84453,-7.10537],[113.88535,-7.04902],[114.08301,-6.98935],[113.97471,-6.87305],[113.06738,-6.87998],[112.86807,-6.8999],[112.72588,-7.07275],[112.76377,-7.13965],[113.04043,-7.21182],[113.4707,-7.21846],[113.65586,-7.11172],[113.84453,-7.10537]]],[[[134.96533,-1.11602],[134.99629,-1.03408],[134.88926,-0.93848],[134.80889,-1.0376],[134.86172,-1.11416],[134.96533,-1.11602]]],[[[127.2499,-0.49531],[127.28057,-0.39102],[127.18965,-0.25576],[127.12647,-0.27861],[127.11914,-0.52051],[127.2499,-0.49531]]],[[[127.56699,-0.31894],[127.45518,-0.40635],[127.37119,-0.33164],[127.3,-0.50029],[127.46865,-0.64297],[127.4627,-0.80596],[127.62383,-0.76602],[127.76113,-0.88369],[127.88018,-0.80869],[127.8043,-0.69443],[127.65859,-0.68945],[127.60498,-0.61016],[127.68242,-0.46836],[127.56699,-0.31894]]],[[[132.92627,-5.90205],[132.97109,-5.73584],[133.11963,-5.57598],[133.17285,-5.34814],[133.11465,-5.31064],[133.00879,-5.62139],[132.9377,-5.68262],[132.92627,-5.90205]]],[[[132.80713,-5.85078],[132.69785,-5.60898],[132.68145,-5.9126],[132.80713,-5.85078]]],[[[128.27559,-3.67461],[128.26436,-3.5123],[128.01621,-3.60088],[127.92754,-3.67939],[128.14316,-3.73271],[128.27559,-3.67461]]],[[[126.8166,4.0335],[126.84766,4.17998],[126.92109,4.29102],[126.86514,4.47983],[126.75732,4.5479],[126.72207,4.34419],[126.81357,4.2585],[126.70449,4.071],[126.8166,4.0335]]],[[[125.65811,3.43604],[125.54346,3.67041],[125.51152,3.46113],[125.65811,3.43604]]],[[[130.86221,-8.31875],[130.90811,-8.2457],[131.04375,-8.21201],[131.02012,-8.09131],[130.8334,-8.2708],[130.86221,-8.31875]]],[[[129.83887,-7.95459],[129.81299,-7.81973],[129.60898,-7.80342],[129.5919,-7.91738],[129.71348,-8.04072],[129.83887,-7.95459]]],[[[127.82344,-8.09883],[127.8209,-8.19023],[128.02354,-8.25537],[128.11924,-8.1707],[127.82344,-8.09883]]],[[[130.35332,-1.69053],[129.99365,-1.75889],[129.7377,-1.86689],[129.88652,-1.98643],[130.24805,-2.04775],[130.41885,-1.97129],[130.425,-1.80459],[130.35332,-1.69053]]],[[[102.36719,-5.47871],[102.37178,-5.36641],[102.19844,-5.28887],[102.13555,-5.36055],[102.28594,-5.4835],[102.36719,-5.47871]]],[[[100.4251,-3.18291],[100.45459,-3.00195],[100.24561,-2.7832],[100.1793,-2.82021],[100.2043,-2.98682],[100.4251,-3.18291]]],[[[100.2041,-2.74102],[100.20195,-2.67969],[100.01191,-2.51025],[100.01494,-2.81973],[100.13272,-2.82139],[100.2041,-2.74102]]],[[[99.84307,-2.34307],[99.68643,-2.06338],[99.57217,-2.02578],[99.5374,-2.16152],[99.60703,-2.25752],[99.84307,-2.34307]]],[[[98.45928,-0.53047],[98.54414,-0.25762],[98.41543,-0.01753],[98.32295,-0.00078],[98.42715,-0.22646],[98.30967,-0.53184],[98.45928,-0.53047]]],[[[96.46367,2.36001],[96.41729,2.51519],[95.99785,2.7814],[95.8958,2.88906],[95.80625,2.91602],[95.71719,2.82598],[95.80859,2.65562],[96.02197,2.59575],[96.29043,2.42959],[96.46367,2.36001]]],[[[122.04297,-5.43799],[122.06182,-5.22129],[121.96572,-5.07559],[121.8085,-5.25615],[121.97959,-5.46475],[122.04297,-5.43799]]],[[[123.21231,-1.17129],[122.90801,-1.18223],[122.83223,-1.28301],[122.81084,-1.43213],[122.89043,-1.58721],[122.98438,-1.51064],[123.15039,-1.30449],[123.18291,-1.49277],[123.2749,-1.43721],[123.36699,-1.50713],[123.51191,-1.44736],[123.54727,-1.3374],[123.43477,-1.23682],[123.33857,-1.254],[123.23779,-1.38935],[123.21231,-1.17129]]],[[[120.52832,-6.29844],[120.54922,-5.96924],[120.44648,-5.87627],[120.46074,-6.254],[120.52832,-6.29844]]],[[[115.37705,-6.9708],[115.41445,-6.83975],[115.24053,-6.86123],[115.22031,-6.95254],[115.37705,-6.9708]]],[[[116.30332,-3.86816],[116.31865,-3.76299],[116.26211,-3.39482],[116.26973,-3.25107],[116.11738,-3.33955],[116.06357,-3.45791],[116.01836,-3.6999],[116.07695,-3.81748],[116.05879,-4.00693],[116.09336,-4.0541],[116.30332,-3.86816]]],[[[122.94893,-10.90928],[123.21484,-10.80615],[123.31074,-10.69844],[123.41816,-10.65127],[123.37109,-10.4749],[123.26543,-10.51816],[123.06143,-10.69844],[122.8457,-10.76182],[122.82617,-10.89912],[122.94893,-10.90928]]],[[[124.28662,-8.32949],[124.23955,-8.20342],[124.11055,-8.36426],[123.97148,-8.3541],[124.06572,-8.55166],[124.18438,-8.49873],[124.28662,-8.32949]]],[[[123.92481,-8.27246],[123.77598,-8.19043],[123.60059,-8.29131],[123.52998,-8.26523],[123.325,-8.43906],[123.41074,-8.58662],[123.55303,-8.5668],[123.6292,-8.42246],[123.69785,-8.42441],[123.78389,-8.29961],[123.92481,-8.27246]]],[[[123.31748,-8.35478],[123.33604,-8.26904],[123.1335,-8.25381],[123.025,-8.39551],[123.29727,-8.39863],[123.31748,-8.35478]]],[[[105.76035,2.86304],[105.83672,2.97651],[105.69219,3.0625],[105.70615,2.88887],[105.76035,2.86304]]],[[[123.59756,-1.7043],[123.61641,-1.62744],[123.48662,-1.53486],[123.48252,-1.68144],[123.59756,-1.7043]]],[[[123.24238,-4.11299],[123.21191,-3.99756],[123.0249,-3.98096],[122.99473,-4.14805],[123.14453,-4.2333],[123.24238,-4.11299]]],[[[119.46406,-8.74102],[119.54697,-8.48262],[119.43018,-8.45498],[119.37891,-8.58652],[119.38555,-8.73603],[119.46406,-8.74102]]],[[[117.64902,4.16899],[117.73682,4.004],[117.92285,4.0543],[117.88477,4.18613],[117.64902,4.16899]]],[[[117.6584,3.28052],[117.68086,3.40752],[117.54785,3.43198],[117.56035,3.32822],[117.6584,3.28052]]],[[[117.55635,-8.36729],[117.66924,-8.18926],[117.49053,-8.1834],[117.55635,-8.36729]]],[[[130.90527,-0.77744],[130.81348,-0.81387],[130.48428,-0.83252],[130.40244,-0.92393],[130.83242,-0.86289],[130.90527,-0.77744]]],[[[127.30039,-0.78096],[127.2582,-0.62344],[127.15645,-0.76094],[127.30039,-0.78096]]],[[[121.88301,-10.59033],[121.98135,-10.52842],[121.86699,-10.43887],[121.72617,-10.57314],[121.88301,-10.59033]]]]},"properties":{"ADMIN":"Indonesia","NAME_EN":"Indonesia","ISO_A2_EH":"ID","ISO_A2":"ID","LABEL_X":101.892949,"LABEL_Y":-0.954404,"MIN_LABEL":1.7,"LABELRANK":2,"TINY":-99,"TYPE":"Sovereign country"}},
{"type":"Feature","geometry":{"type":"MultiPolygon","coordinates":[[[[68.16504,23.85732],[68.23496,23.59697],[68.41748,23.57148],[68.64072,23.18994],[68.81709,23.05371],[69.23594,22.84854],[69.66465,22.75908],[69.84981,22.85645],[70.25117,22.9709],[70.33945,22.93975],[70.32773,22.81577],[70.17725,22.57275],[70.00586,22.54771],[69.81904,22.45176],[69.54922,22.4084],[69.27656,22.2855],[69.13135,22.41626],[68.9835,22.3854],[69.00879,22.19678],[69.1917,21.9915],[69.38545,21.83955],[69.74844,21.50571],[70.12734,21.09468],[70.48506,20.84019],[70.71934,20.74043],[70.87969,20.7145],[71.02461,20.73887],[71.39648,20.86978],[71.57109,20.97056],[72.01523,21.15571],[72.07656,21.22407],[72.254,21.53101],[72.25664,21.66123],[72.1709,21.77432],[72.03721,21.82305],[72.09443,21.91997],[72.24434,22.02764],[72.33262,22.27022],[72.59014,22.27813],[72.52227,21.97622],[72.59248,21.87759],[72.54307,21.69658],[72.83975,21.68726],[72.81055,21.61992],[72.61328,21.46182],[72.69238,21.17764],[72.81387,21.11719],[72.87891,20.82852],[72.88115,20.56318],[72.70898,20.07803],[72.66777,19.83096],[72.75645,19.45054],[72.81162,19.29893],[72.80303,19.0793],[72.83467,18.97559],[73.00557,19.02109],[72.8709,18.68306],[72.91719,18.57612],[72.99395,18.09771],[73.15605,17.62192],[73.14902,17.52744],[73.23916,17.19854],[73.3376,16.45986],[73.47607,16.05425],[73.60772,15.87109],[73.77178,15.57305],[73.93193,15.39697],[73.88428,15.30645],[73.94922,15.07476],[74.38223,14.49473],[74.49854,14.04634],[74.6085,13.84966],[74.6709,13.66763],[74.68232,13.50693],[74.77051,13.07734],[74.86826,12.84458],[74.94551,12.56455],[75.19668,12.05752],[75.31465,11.95845],[75.52451,11.70313],[75.72383,11.36177],[75.84463,11.05757],[75.92256,10.78408],[76.20147,10.20064],[76.19561,10.08613],[76.34648,9.92212],[76.45879,9.53623],[76.37559,9.53989],[76.34307,9.82734],[76.24238,9.9271],[76.32461,9.4521],[76.40313,9.23682],[76.47178,9.16084],[76.55342,8.90278],[76.61729,8.84707],[76.96689,8.40728],[77.30146,8.14531],[77.51758,8.07832],[77.77031,8.18984],[78.06016,8.38457],[78.12637,8.51133],[78.13604,8.66338],[78.19248,8.89087],[78.42148,9.10503],[78.97959,9.26855],[79.01992,9.33335],[78.91914,9.45288],[78.99629,9.6831],[79.25781,10.03521],[79.25361,10.1748],[79.39053,10.30596],[79.53164,10.32964],[79.66738,10.29971],[79.83818,10.32256],[79.84863,11.19688],[79.7541,11.57529],[79.8585,11.98877],[79.98174,12.23545],[80.14307,12.452],[80.2291,12.69033],[80.34238,13.36133],[80.29033,13.43672],[80.11426,13.52871],[80.06211,13.60625],[80.24414,13.77349],[80.11172,14.21221],[80.17012,14.34941],[80.16543,14.57783],[80.09863,14.79824],[80.05342,15.07402],[80.10107,15.32363],[80.29346,15.71074],[80.38486,15.79277],[80.64658,15.89502],[80.78184,15.86733],[80.82598,15.76592],[80.97871,15.75835],[81.03008,15.88145],[81.13213,15.96177],[81.23857,16.26397],[81.40186,16.36523],[81.76191,16.32949],[82.1415,16.48535],[82.25879,16.55986],[82.35977,16.78281],[82.28193,16.93608],[82.35957,17.09619],[82.59316,17.27393],[82.97686,17.46182],[83.19834,17.60898],[83.38799,17.78667],[83.6543,18.06987],[84.1041,18.29268],[84.18174,18.40059],[84.46279,18.68975],[84.74981,19.0501],[84.771,19.12539],[85.22559,19.50835],[85.4416,19.62656],[85.3709,19.67891],[85.22852,19.60132],[85.24863,19.75767],[85.45996,19.8959],[85.55508,19.8669],[85.575,19.69292],[86.27949,19.91943],[86.49873,20.17163],[86.75039,20.31323],[86.7625,20.41914],[86.97549,20.70015],[86.93936,20.74507],[86.84229,21.10635],[86.85957,21.23672],[87.10068,21.50078],[87.20068,21.54487],[87.67822,21.65352],[87.94844,21.82544],[88.05078,22.00107],[88.18106,22.03291],[88.05684,21.69414],[88.25371,21.62231],[88.30547,21.72334],[88.446,21.61426],[88.58467,21.65972],[88.5668,21.83213],[88.65957,22.06694],[88.74023,22.00542],[88.69121,21.7335],[88.74502,21.58438],[88.83438,21.66138],[89.05166,21.6541],[89.01963,21.83364],[89.05147,22.09316],[89.05,22.27461],[88.9207,22.63203],[88.85059,23.04053],[88.92813,23.18662],[88.72441,23.25498],[88.74082,23.43662],[88.56738,23.67441],[88.69981,24.00254],[88.73359,24.23091],[88.64229,24.32598],[88.39697,24.38926],[88.28711,24.47974],[88.14551,24.48579],[88.02344,24.62783],[88.14981,24.91465],[88.31338,24.88184],[88.45625,25.18843],[88.74756,25.16895],[88.89014,25.19439],[88.94414,25.29077],[88.82031,25.36553],[88.76914,25.49048],[88.59346,25.49531],[88.45234,25.57441],[88.25293,25.7898],[88.08457,25.88823],[88.15078,26.08716],[88.44043,26.36948],[88.3459,26.50479],[88.41816,26.57153],[88.51826,26.51777],[88.68066,26.35298],[88.68281,26.2917],[88.97041,26.25088],[88.92412,26.3751],[89.0668,26.3769],[89.1083,26.20225],[89.28926,26.0376],[89.4669,25.98355],[89.5499,26.00527],[89.61904,26.21567],[89.70986,26.17124],[89.82295,25.94141],[89.79961,25.8396],[89.8249,25.56016],[89.81406,25.30537],[90.25039,25.18496],[90.43936,25.15772],[91.29316,25.17798],[91.47969,25.14214],[92.04971,25.16948],[92.20469,25.11094],[92.46836,24.94414],[92.44316,24.84941],[92.25127,24.89507],[92.19805,24.68574],[92.06416,24.37437],[91.95166,24.35674],[91.87695,24.19531],[91.66875,24.19009],[91.52637,24.09077],[91.36709,24.09351],[91.23203,23.92046],[91.16045,23.66065],[91.25381,23.37363],[91.31523,23.1044],[91.43623,23.1999],[91.51123,23.03369],[91.61953,22.97969],[91.77383,23.1061],[91.7542,23.28731],[91.93789,23.50469],[91.92959,23.68599],[92.12705,23.721],[92.24609,23.68359],[92.33418,23.32383],[92.36162,22.929],[92.49141,22.6854],[92.5749,21.97808],[92.68897,22.13096],[92.8543,22.01016],[92.96455,22.00376],[93.07061,22.20942],[93.15117,22.23062],[93.16201,22.36021],[93.07871,22.71821],[93.1625,22.90796],[93.15098,22.99731],[93.30801,23.03037],[93.36602,23.13252],[93.41494,23.68208],[93.30732,24.02188],[93.35557,24.07412],[93.49375,23.97285],[93.6834,24.00654],[94.12764,23.87647],[94.29307,24.32188],[94.39941,24.51406],[94.58408,24.76724],[94.70762,25.04873],[94.67529,25.13857],[94.5544,25.24346],[94.62285,25.41001],[94.78584,25.51934],[94.99199,25.77046],[95.01523,25.91294],[95.13242,26.04126],[95.06895,26.19111],[95.05977,26.47398],[95.12871,26.59727],[95.46387,26.75606],[95.90527,27.04663],[96.06143,27.21709],[96.27422,27.27837],[96.66572,27.33926],[96.79785,27.29619],[96.88027,27.17783],[97.03809,27.10205],[97.10371,27.16333],[96.90195,27.4396],[96.89971,27.64385],[97.22607,27.89004],[97.33516,27.93774],[97.30273,28.08599],[97.32246,28.21797],[97.07539,28.36895],[96.98086,28.3377],[96.77578,28.36704],[96.60264,28.45991],[96.42773,28.40601],[96.27891,28.42817],[96.39561,28.60654],[96.58086,28.76367],[96.43574,29.05068],[96.16221,28.90972],[96.12236,29.08208],[96.33975,29.20981],[96.23496,29.2458],[96.03535,29.44717],[95.71035,29.31382],[95.51582,29.20635],[95.42022,29.0543],[95.2791,29.04956],[94.99883,29.14917],[94.76943,29.17588],[94.62305,29.3124],[94.29326,29.14463],[93.90225,28.80322],[93.66494,28.69023],[93.36055,28.65405],[93.20654,28.59082],[93.11924,28.4023],[92.88184,28.22813],[92.70186,28.14712],[92.64346,28.06152],[92.66436,27.94893],[92.41484,27.82461],[92.10127,27.80762],[91.97764,27.73037],[91.63193,27.75996],[91.59473,27.55767],[91.74307,27.44253],[91.99082,27.4502],[92.0834,27.29063],[91.99229,27.0999],[92.07344,26.91484],[91.99834,26.85498],[91.84209,26.85298],[91.67158,26.802],[91.51758,26.80732],[91.42676,26.86709],[91.28652,26.78994],[91.13389,26.80342],[90.73965,26.77168],[90.55986,26.79658],[90.3459,26.89033],[90.20606,26.84751],[90.12295,26.75459],[89.76387,26.70156],[89.33213,26.84863],[89.14824,26.81616],[88.85762,26.96148],[88.83516,27.06558],[88.73877,27.17559],[88.89141,27.31606],[88.76484,27.42988],[88.74902,27.52188],[88.84883,27.86865],[88.80371,28.00693],[88.62109,28.09185],[88.42598,28.01167],[88.10898,27.93301],[88.10977,27.87061],[88.14697,27.74922],[88.02412,27.40889],[87.98438,27.13394],[88.11104,26.92847],[88.16152,26.72481],[88.05488,26.43003],[87.99512,26.38237],[87.84922,26.43691],[87.6334,26.39912],[87.41357,26.42295],[87.2874,26.3603],[87.08955,26.4332],[87.01641,26.55542],[86.70137,26.43506],[86.36611,26.57441],[86.00732,26.64937],[85.85566,26.6002],[85.73731,26.63975],[85.6999,26.78164],[85.56846,26.83984],[85.29297,26.74102],[85.15156,26.84663],[85.02012,26.87852],[84.68535,27.04102],[84.61016,27.29868],[84.09102,27.49136],[83.82881,27.37783],[83.44717,27.46533],[83.28975,27.371],[83.06406,27.44453],[82.7334,27.51899],[82.67734,27.67344],[82.45137,27.67183],[82.11191,27.86494],[81.9877,27.91377],[81.85264,27.86709],[81.48604,28.06221],[81.31084,28.17637],[81.16894,28.33501],[80.75078,28.5397],[80.58701,28.64961],[80.41856,28.61201],[80.0707,28.83018],[80.13047,29.10039],[80.23301,29.19463],[80.25488,29.42334],[80.40186,29.73027],[80.54902,29.89981],[80.90762,30.17192],[81.01025,30.1645],[80.98545,30.23711],[80.68213,30.41484],[80.19121,30.56841],[80.19434,30.75923],[80.08145,30.78193],[79.79463,30.96826],[79.56543,30.94907],[79.33877,31.10571],[79.10713,31.40264],[78.97393,31.32861],[78.7916,31.29365],[78.72676,31.47183],[78.80293,31.61807],[78.69346,31.74038],[78.73545,31.95796],[78.4959,32.21577],[78.38965,32.51987],[78.4125,32.55772],[78.70088,32.59702],[78.77129,32.46807],[78.91894,32.3582],[79.06699,32.38818],[79.21934,32.50107],[79.23389,32.70308],[79.20225,32.94605],[79.10859,33.02266],[79.1125,33.22627],[78.94844,33.34653],[78.80186,33.49971],[78.78379,33.80879],[78.72666,34.01338],[78.75303,34.08769],[78.97061,34.22822],[78.93643,34.35195],[78.6708,34.51816],[78.32695,34.6064],[78.28203,34.65391],[78.01221,35.25103],[78.04746,35.44941],[77.79941,35.4959],[77.04863,35.10991],[77.00088,34.99199],[76.78291,34.90019],[76.59443,34.73584],[76.45674,34.7561],[76.17246,34.66772],[76.04102,34.66992],[75.70918,34.50308],[75.45254,34.53672],[75.1875,34.63901],[74.95185,34.64585],[74.30039,34.76538],[73.96123,34.65347],[73.81211,34.42236],[73.80996,34.32534],[73.92461,34.28784],[73.97949,34.19131],[73.90391,34.10801],[73.9499,34.0188],[74.24648,33.99019],[74.21563,33.88657],[74.00098,33.78818],[74.004,33.63242],[74.15,33.50698],[74.11777,33.38413],[73.99424,33.24219],[74.12627,33.07544],[74.30361,32.9918],[74.35459,32.7687],[74.66328,32.75767],[74.65781,32.51895],[74.78887,32.45781],[74.98731,32.46221],[75.23369,32.37212],[75.3335,32.2792],[75.2541,32.14033],[75.07148,32.08935],[74.73945,31.94883],[74.55557,31.81856],[74.50996,31.71294],[74.59395,31.46538],[74.51768,31.1856],[74.63281,31.03467],[74.38037,30.89341],[74.21563,30.76899],[74.00898,30.51968],[73.89932,30.43535],[73.9334,30.22207],[73.80918,30.09336],[73.38164,29.93438],[73.23115,29.55064],[73.12832,29.36392],[72.90332,29.02876],[72.34189,28.7519],[72.29199,28.69727],[72.1792,28.42178],[71.94805,28.1773],[71.87031,27.9625],[71.54297,27.86987],[71.18477,27.83164],[70.8749,27.71445],[70.7374,27.729],[70.6291,27.93745],[70.40371,28.02505],[70.14453,27.84902],[69.89629,27.47363],[69.56797,27.17461],[69.47002,26.80444],[69.50693,26.74268],[69.73594,26.62705],[70.05938,26.57876],[70.15684,26.47144],[70.13262,26.2148],[70.07773,26.07197],[70.1002,25.91006],[70.26465,25.70654],[70.64844,25.66694],[70.65205,25.4229],[70.87773,25.06299],[71.04785,24.68774],[70.97637,24.61875],[70.97324,24.4874],[71.04404,24.4001],[70.88623,24.34375],[70.71631,24.23799],[70.5793,24.27905],[70.54678,24.41831],[70.09824,24.2875],[70.02109,24.19155],[69.71621,24.17261],[69.55918,24.2731],[69.11953,24.26865],[68.90078,24.29243],[68.72813,24.26563],[68.72412,23.9647],[68.48867,23.96724],[68.28252,23.92798],[68.16504,23.85732]]],[[[93.89004,6.83106],[93.92959,6.97349],[93.85898,7.20684],[93.68418,7.18359],[93.70928,7.00068],[93.82881,6.74868],[93.89004,6.83106]]],[[[92.50283,10.55488],[92.57432,10.70425],[92.51035,10.89746],[92.35283,10.75112],[92.36953,10.54741],[92.50283,10.55488]]],[[[92.72275,11.53608],[92.76465,11.63916],[92.79756,11.87466],[92.74766,11.99277],[92.87949,12.22793],[92.86367,12.43604],[92.99023,12.53853],[92.96504,12.85049],[92.88623,12.94229],[93.00469,13.08936],[93.07383,13.2521],[93.06231,13.54546],[92.92461,13.48584],[92.85732,13.35811],[92.86016,13.23057],[92.80898,13.0396],[92.80703,12.87891],[92.74004,12.77964],[92.75918,12.66909],[92.7207,12.54126],[92.69473,12.2147],[92.60752,11.94951],[92.53389,11.87339],[92.57559,11.71821],[92.66836,11.53872],[92.72275,11.53608]]]]},"properties":{"ADMIN":"India","NAME_EN":"India","ISO_A2_EH":"IN","ISO_A2":"IN","LABEL_X":79.358105,"LABEL_Y":22.686852,"MIN_LABEL":1.7,"LABELRANK":2,"TINY":-99,"TYPE":"Sovereign country"}},
{"type":"Feature","geometry":{"type":"Polygon","coordinates":[[[-15.54311,66.22852],[-15.9854,66.51465],[-16.24932,66.5229],[-16.54067,66.44673],[-16.42808,66.27837],[-16.48501,66.19595],[-16.74844,66.13164],[-17.15303,66.20283],[-17.58223,65.97139],[-17.90698,66.14331],[-18.29717,66.15742],[-18.45493,65.96455],[-18.77754,66.1688],[-19.38296,66.07568],[-19.43389,65.81445],[-19.59355,65.77905],[-20.02607,66.04927],[-20.35659,66.03325],[-20.35664,65.71904],[-20.45483,65.57105],[-20.7397,65.65825],[-21.22998,65.4206],[-21.43218,65.47407],[-21.46626,65.63516],[-21.30347,65.87647],[-21.49746,65.95508],[-21.62529,66.0897],[-21.96699,66.25698],[-22.42612,66.43013],[-22.88921,66.44063],[-22.97202,66.32417],[-22.80644,66.15259],[-22.44531,66.07002],[-22.62158,65.99995],[-23.01899,65.98213],[-23.06255,66.08623],[-23.3,66.1666],[-23.52793,66.1644],[-23.73716,66.06943],[-23.70474,65.7812],[-23.90908,65.76558],[-24.1561,65.60801],[-24.22397,65.48721],[-23.8999,65.40757],[-22.90249,65.58047],[-22.00576,65.49346],[-21.90698,65.39971],[-22.47344,65.22686],[-22.40029,65.15933],[-22.03999,65.12524],[-21.89214,65.04878],[-22.68398,65.02637],[-24.02617,64.86343],[-23.87856,64.75064],[-23.34697,64.82437],[-22.46704,64.79497],[-22.23359,64.71397],[-22.28418,64.58657],[-21.95034,64.51499],[-21.95122,64.31392],[-21.83276,64.20542],[-22.05664,64.07134],[-22.51006,63.99146],[-22.60688,63.83726],[-21.44863,63.8584],[-21.24624,63.93545],[-20.59297,63.73535],[-20.19814,63.55581],[-19.77827,63.53657],[-19.2502,63.44199],[-18.65361,63.40669],[-17.94692,63.53574],[-17.81572,63.71299],[-16.64033,63.86548],[-16.06045,64.11123],[-15.49497,64.2582],[-15.02158,64.2959],[-14.54707,64.44595],[-14.46538,64.63569],[-14.13516,64.71479],[-13.85293,64.86216],[-13.77725,65.01372],[-13.56968,65.06812],[-13.64893,65.23696],[-13.80478,65.35479],[-13.61602,65.48716],[-13.93545,65.61606],[-14.30229,65.62754],[-14.42622,65.78994],[-14.75752,65.75566],[-14.68823,65.89697],[-14.74043,66.05083],[-15.11641,66.10244],[-14.91221,66.28428],[-15.54311,66.22852]]]},"properties":{"ADMIN":"Iceland","NAME_EN":"Iceland","ISO_A2_EH":"IS","ISO_A2":"IS","LABEL_X":-18.673711,"LABEL_Y":64.779286,"MIN_LABEL":2,"LABELRANK":3,"TINY":-99,"TYPE":"Sovereign country"}},
{"type":"Feature","geometry":{"type":"Polygon","coordinates":[[[22.13184,48.40532],[21.76699,48.33809],[21.45137,48.55225],[21.06729,48.50591],[20.8666,48.54565],[20.49004,48.5269],[20.33379,48.29556],[19.89863,48.13135],[19.62539,48.2231],[19.46699,48.11069],[18.91416,48.05083],[18.7919,48.00029],[18.72422,47.78716],[18.14561,47.76343],[17.76191,47.77017],[17.63525,47.80991],[17.31728,47.99092],[17.14736,48.00596],[17.03008,47.83711],[17.0666,47.70757],[16.74756,47.68628],[16.55098,47.74736],[16.43213,47.6563],[16.63975,47.60889],[16.62305,47.44756],[16.43438,47.36743],[16.4169,47.22344],[16.49268,47.12266],[16.45342,47.00679],[16.25254,46.97192],[16.09307,46.86328],[16.28359,46.85728],[16.38125,46.63867],[16.51621,46.4999],[16.74805,46.41641],[16.93994,46.25366],[17.14961,46.14033],[17.31065,45.99614],[17.60703,45.91377],[17.70644,45.82725],[17.96387,45.77026],[18.4373,45.76733],[18.66602,45.90747],[18.90537,45.93174],[19.08731,46.01616],[19.2084,45.98442],[19.39287,46.04981],[19.53076,46.15518],[20.16143,46.1419],[20.2418,46.10859],[20.50811,46.16694],[20.61367,46.1335],[20.83701,46.25972],[21.03984,46.24224],[21.15195,46.30435],[21.32022,46.60781],[21.49707,46.7043],[21.49443,46.78975],[21.78545,47.13814],[21.86934,47.30459],[21.99531,47.3957],[21.99971,47.50503],[22.29063,47.72783],[22.67676,47.79902],[22.87666,47.94727],[22.76914,48.10962],[22.58242,48.13403],[22.3502,48.25606],[22.25371,48.40737],[22.13184,48.40532]]]},"properties":{"ADMIN":"Hungary","NAME_EN":"Hungary","ISO_A2_EH":"HU","ISO_A2":"HU","LABEL_X":19.447867,"LABEL_Y":47.086841,"MIN_LABEL":4,"LABELRANK":5,"TINY":-99,"TYPE":"Sovereign country"}},
{"type":"Feature","geometry":{"type":"Polygon","coordinates":[[[-83.15752,14.99307],[-83.29087,15.07891],[-83.36919,15.23999],[-83.55107,15.29399],[-83.76045,15.22036],[-83.92744,15.39404],[-84.09507,15.40093],[-84.11133,15.49243],[-83.9728,15.51963],[-83.77549,15.43687],[-84.26143,15.82261],[-84.64609,15.88359],[-84.97373,15.98989],[-85.16367,15.91816],[-85.48369,15.89951],[-85.78398,16.00283],[-86.1812,15.88516],[-86.35664,15.7832],[-86.75703,15.79424],[-86.90723,15.76235],[-87.28589,15.83442],[-87.48691,15.79019],[-87.61816,15.90986],[-87.87495,15.87935],[-88.1311,15.70103],[-88.22832,15.729],[-88.68447,15.3605],[-88.97642,15.14268],[-89.14258,15.07231],[-89.22236,14.86606],[-89.17178,14.60689],[-89.28672,14.52998],[-89.3626,14.41602],[-89.05713,14.32915],[-88.84595,14.12476],[-88.66562,14.01553],[-88.51255,13.97896],[-88.44912,13.85098],[-88.15102,13.98735],[-87.99102,13.87964],[-87.80225,13.88999],[-87.71533,13.8127],[-87.81421,13.39917],[-87.70835,13.36006],[-87.48911,13.35293],[-87.49839,13.2749],[-87.41279,13.12744],[-87.33252,13.08472],[-87.33726,12.97925],[-87.05918,12.99146],[-86.95889,13.05371],[-86.91821,13.22358],[-86.71069,13.31338],[-86.7706,13.69873],[-86.73364,13.76348],[-86.33174,13.77007],[-86.15122,13.99458],[-86.04038,14.05015],[-85.98379,13.96567],[-85.78672,13.84443],[-85.68193,13.98257],[-85.47705,14.10869],[-85.37378,14.22388],[-85.17949,14.34331],[-85.16133,14.52515],[-85.03652,14.60767],[-84.98516,14.75244],[-84.78916,14.79038],[-84.64595,14.66108],[-84.53765,14.6334],[-84.39365,14.69175],[-84.1144,14.73101],[-84.06582,14.78608],[-83.86728,14.79448],[-83.58975,14.90757],[-83.41504,15.00806],[-83.15752,14.99307]]]},"properties":{"ADMIN":"Honduras","NAME_EN":"Honduras","ISO_A2_EH":"HN","ISO_A2":"HN","LABEL_X":-86.887604,"LABEL_Y":14.794801,"MIN_LABEL":4.5,"LABELRANK":5,"TINY":-99,"TYPE":"Sovereign country"}},
{"type":"Feature","geometry":{"type":"MultiPolygon","coordinates":[[[[-71.77925,19.71816],[-72.21982,19.74463],[-72.63701,19.90088],[-72.87651,19.92808],[-73.11777,19.90381],[-73.40054,19.80742],[-73.39634,19.65869],[-73.05273,19.61074],[-72.70322,19.44106],[-72.76797,19.24063],[-72.74121,19.13135],[-72.81108,19.07158],[-72.64912,18.89414],[-72.34766,18.67495],[-72.37607,18.57446],[-72.61807,18.55078],[-72.78935,18.43481],[-73.5916,18.52236],[-74.22773,18.6627],[-74.3875,18.62471],[-74.47813,18.45],[-74.41904,18.34619],[-74.0854,18.21514],[-73.88496,18.0419],[-73.74731,18.19023],[-73.64404,18.22905],[-73.38516,18.25117],[-72.87666,18.15176],[-72.6333,18.17622],[-72.50356,18.21992],[-72.05986,18.22856],[-71.94609,18.18608],[-71.76831,18.03916],[-71.76191,18.34131],[-71.87256,18.41621],[-72.00039,18.5979],[-71.8665,18.61416],[-71.74321,18.73291],[-71.73364,18.8564],[-71.80713,18.98701],[-71.65703,19.13076],[-71.74648,19.28584],[-71.70693,19.42197],[-71.77925,19.71816]]],[[[-72.80459,18.77769],[-72.91924,18.86147],[-73.1706,18.96729],[-73.28525,18.89673],[-73.07798,18.79092],[-72.82222,18.70713],[-72.80459,18.77769]]]]},"properties":{"ADMIN":"Haiti","NAME_EN":"Haiti","ISO_A2_EH":"HT","ISO_A2":"HT","LABEL_X":-72.224051,"LABEL_Y":19.263784,"MIN_LABEL":4,"LABELRANK":5,"TINY":-99,"TYPE":"Sovereign country"}},
{"type":"Feature","geometry":{"type":"Polygon","coordinates":[[[-60.74214,5.20205],[-60.3352,5.19932],[-60.24165,5.25796],[-60.14204,5.23882],[-59.99067,5.08286],[-60.03179,4.74053],[-60.12456,4.59766],[-60.11113,4.51118],[-59.83335,4.47593],[-59.70327,4.3811],[-59.73857,4.22676],[-59.55112,3.93355],[-59.679,3.69981],[-59.85439,3.5875],[-59.83115,3.34922],[-59.97231,2.99048],[-59.99434,2.68999],[-59.88965,2.36294],[-59.75522,2.27412],[-59.7562,1.90064],[-59.66851,1.84233],[-59.6666,1.74629],[-59.53569,1.7],[-59.2312,1.37603],[-58.96851,1.30459],[-58.8625,1.20361],[-58.68462,1.28106],[-58.51186,1.28467],[-58.50605,1.43867],[-58.3958,1.48174],[-58.34067,1.58755],[-58.03467,1.52026],[-57.98281,1.64844],[-57.79565,1.7],[-57.59443,1.7041],[-57.50044,1.77383],[-57.41269,1.90894],[-57.1189,2.01396],[-57.0376,1.93648],[-56.83672,1.88125],[-56.48281,1.94214],[-56.70435,2.03647],[-56.93149,2.39536],[-57.02895,2.6375],[-57.20981,2.88281],[-57.23164,3.10889],[-57.27793,3.16431],[-57.30366,3.3771],[-57.54961,3.35283],[-57.64673,3.39453],[-57.64946,3.51738],[-57.83267,3.67598],[-57.90771,3.85669],[-58.03223,4.00195],[-58.05449,4.17192],[-57.94976,4.34995],[-57.846,4.66816],[-57.91704,4.82041],[-57.84492,4.92305],[-57.71108,4.99106],[-57.33101,5.02017],[-57.20732,5.21421],[-57.31855,5.33535],[-57.19477,5.54844],[-57.16724,5.88501],[-57.19023,6.09731],[-57.34365,6.27212],[-57.54014,6.33154],[-57.60757,6.45039],[-57.79287,6.59854],[-57.98257,6.78589],[-58.29844,6.8793],[-58.41499,6.85117],[-58.56948,6.62725],[-58.60791,6.69731],[-58.58291,6.84365],[-58.48057,7.03814],[-58.47729,7.32578],[-58.62661,7.5459],[-58.81157,7.7356],[-59.20024,8.07461],[-59.66611,8.3626],[-59.83652,8.37383],[-60.01753,8.54932],[-59.83164,8.30596],[-59.96484,8.1916],[-60.03242,8.05356],[-60.17817,7.99404],[-60.38061,7.82764],[-60.51362,7.81318],[-60.71924,7.49868],[-60.60654,7.32085],[-60.6333,7.21108],[-60.52319,7.1437],[-60.32549,7.13398],[-60.39502,6.94536],[-60.71792,6.76831],[-60.87334,6.78691],[-60.93799,6.73276],[-61.1456,6.69453],[-61.20361,6.58838],[-61.15102,6.44653],[-61.12871,6.21431],[-61.30312,6.04951],[-61.37681,5.90698],[-60.74214,5.20205]]]},"properties":{"ADMIN":"Guyana","NAME_EN":"Guyana","ISO_A2_EH":"GY","ISO_A2":"GY","LABEL_X":-58.942643,"LABEL_Y":5.124317,"MIN_LABEL":4,"LABELRANK":4,"TINY":-99,"TYPE":"Sovereign country"}},
{"type":"Feature","geometry":{"type":"Polygon","coordinates":[[[-16.71182,12.35483],[-16.43682,12.20415],[-16.3123,12.24302],[-16.32808,12.05161],[-16.27432,11.97813],[-16.13843,11.91729],[-15.95879,11.95962],[-15.90273,11.91968],[-15.94175,11.78662],[-15.81938,11.76348],[-15.65068,11.81836],[-15.43477,11.94356],[-15.18809,11.9273],[-15.21084,11.87095],[-15.41572,11.87178],[-15.5019,11.72378],[-15.41299,11.61523],[-15.23037,11.68677],[-15.25259,11.57329],[-15.4291,11.49888],[-15.47949,11.4103],[-15.39453,11.33447],[-15.39311,11.21724],[-15.2167,11.15625],[-15.18105,11.03423],[-15.04302,10.94014],[-14.94443,11.07217],[-14.7793,11.40552],[-14.68296,11.5085],[-14.45244,11.5562],[-14.26558,11.65991],[-13.95322,11.6646],[-13.73276,11.73604],[-13.73799,12.00967],[-13.94888,12.17817],[-13.84946,12.26299],[-13.70791,12.3127],[-13.67353,12.47852],[-13.72925,12.67393],[-14.34922,12.67642],[-15.19609,12.67993],[-15.5748,12.49038],[-15.83955,12.43789],[-16.14419,12.45742],[-16.41631,12.36768],[-16.71182,12.35483]]]},"properties":{"ADMIN":"Guinea-Bissau","NAME_EN":"Guinea-Bissau","ISO_A2_EH":"GW","ISO_A2":"GW","LABEL_X":-14.52413,"LABEL_Y":12.163712,"MIN_LABEL":5,"LABELRANK":6,"TINY":-99,"TYPE":"Sovereign country"}},
{"type":"Feature","geometry":{"type":"Polygon","coordinates":[[[-10.2832,8.48516],[-10.14741,8.51973],[-10.06436,8.42988],[-9.76826,8.53457],[-9.51826,8.34609],[-9.43633,7.8667],[-9.36894,7.63955],[-9.45977,7.44253],[-9.26328,7.37773],[-9.11758,7.21592],[-8.88965,7.2627],[-8.74023,7.4957],[-8.7083,7.65889],[-8.57886,7.67705],[-8.48643,7.5585],[-8.42998,7.60186],[-8.23188,7.55674],[-8.11543,7.76074],[-8.12686,7.86773],[-8.00986,8.07852],[-8.01675,8.14492],[-8.2561,8.25371],[-8.23696,8.45566],[-8.04912,8.49531],[-7.82358,8.46768],[-7.6812,8.41035],[-7.69097,8.5625],[-7.78403,8.72061],[-7.95098,8.78682],[-7.93818,8.97979],[-7.77798,9.08086],[-7.91807,9.18853],[-7.89619,9.41587],[-8.03101,9.39766],[-8.13696,9.4957],[-8.13662,10.02207],[-7.99062,10.1625],[-8.00727,10.32188],[-8.23149,10.43799],[-8.32412,10.74951],[-8.3374,10.99063],[-8.47471,11.04839],[-8.56352,10.99668],[-8.66392,11.03584],[-8.40747,11.38628],[-8.66494,11.51499],[-8.71143,11.61777],[-8.82202,11.67324],[-8.81831,11.92251],[-9.04307,12.40234],[-9.21553,12.48286],[-9.36519,12.4793],[-9.3581,12.25542],[-9.6583,12.14312],[-9.71475,12.04248],[-9.8207,12.04248],[-10.27485,12.21265],[-10.46582,12.13867],[-10.67734,11.89941],[-10.74302,11.92725],[-10.9332,12.20518],[-11.06582,12.1708],[-11.20967,12.02485],[-11.30518,12.01543],[-11.5022,12.19863],[-11.3894,12.4044],[-11.57368,12.42632],[-11.8081,12.38731],[-12.04238,12.39805],[-12.29121,12.32803],[-12.39907,12.34009],[-12.79731,12.4519],[-12.93071,12.53228],[-13.06128,12.48999],[-13.08291,12.63355],[-13.72925,12.67393],[-13.67353,12.47852],[-13.70791,12.3127],[-13.84946,12.26299],[-13.94888,12.17817],[-13.73799,12.00967],[-13.73276,11.73604],[-13.95322,11.6646],[-14.26558,11.65991],[-14.45244,11.5562],[-14.68296,11.5085],[-14.7793,11.40552],[-14.94443,11.07217],[-15.04302,10.94014],[-14.77593,10.93164],[-14.60957,10.54985],[-14.4269,10.24834],[-14.17041,10.12861],[-14.04502,10.14126],[-13.95464,9.9687],[-13.70049,9.85127],[-13.65869,9.77637],[-13.69136,9.53579],[-13.56826,9.54341],[-13.43628,9.42031],[-13.39609,9.31431],[-13.26948,9.17056],[-13.29268,9.04922],[-13.12988,9.04756],[-13.02803,9.10356],[-12.95879,9.26333],[-12.75586,9.37358],[-12.55786,9.70498],[-12.50146,9.86216],[-12.27773,9.92979],[-12.14233,9.87539],[-11.92275,9.92275],[-11.91108,9.99302],[-11.27363,9.99653],[-11.20566,9.97773],[-11.04746,9.78633],[-10.86479,9.51646],[-10.69053,9.31426],[-10.74995,9.12236],[-10.61597,9.05918],[-10.60561,8.86758],[-10.50054,8.68755],[-10.62847,8.52998],[-10.71211,8.33525],[-10.55771,8.31567],[-10.39443,8.48096],[-10.2832,8.48516]]]},"properties":{"ADMIN":"Guinea","NAME_EN":"Guinea","ISO_A2_EH":"GN","ISO_A2":"GN","LABEL_X":-10.016402,"LABEL_Y":10.618516,"MIN_LABEL":3,"LABELRANK":3,"TINY":-99,"TYPE":"Sovereign country"}},
{"type":"Feature","geometry":{"type":"Polygon","coordinates":[[[-92.23516,14.54541],[-91.81909,14.22822],[-91.64092,14.11494],[-91.37734,13.99019],[-91.14604,13.92559],[-90.60693,13.929],[-90.4791,13.90093],[-90.09521,13.73652],[-90.10474,13.83477],[-89.8727,14.04561],[-89.74936,14.077],[-89.67129,14.18272],[-89.54717,14.24126],[-89.54053,14.40991],[-89.3626,14.41602],[-89.28672,14.52998],[-89.17178,14.60689],[-89.22236,14.86606],[-89.14258,15.07231],[-88.97642,15.14268],[-88.68447,15.3605],[-88.22832,15.729],[-88.53623,15.84961],[-88.60337,15.76416],[-88.89404,15.89063],[-89.2375,15.89443],[-89.21245,16.52715],[-89.16147,17.81484],[-90.18359,17.81572],[-90.98916,17.81641],[-90.99297,17.25244],[-91.40962,17.25586],[-91.22417,17.11226],[-90.97583,16.86782],[-90.71069,16.70811],[-90.63408,16.51074],[-90.41699,16.39102],[-90.45986,16.16235],[-90.44717,16.07271],[-91.73657,16.07017],[-92.18716,15.3209],[-92.20435,15.2377],[-92.0748,15.07422],[-92.14424,15.00195],[-92.18638,14.81836],[-92.15991,14.69102],[-92.23516,14.54541]]]},"properties":{"ADMIN":"Guatemala","NAME_EN":"Guatemala","ISO_A2_EH":"GT","ISO_A2":"GT","LABEL_X":-90.497134,"LABEL_Y":14.982133,"MIN_LABEL":3,"LABELRANK":3,"TINY":4,"TYPE":"Sovereign country"}},
{"type":"Feature","geometry":{"type":"Polygon","coordinates":[[[-61.71553,12.01265],[-61.62715,12.05396],[-61.60703,12.22329],[-61.71499,12.18516],[-61.71553,12.01265]]]},"properties":{"ADMIN":"Grenada","NAME_EN":"Grenada","ISO_A2_EH":"GD","ISO_A2":"GD","LABEL_X":-61.680461,"LABEL_Y":12.113156,"MIN_LABEL":4,"LABELRANK":6,"TINY":-99,"TYPE":"Sovereign country"}},
{"type":"Feature","geometry":{"type":"MultiPolygon","coordinates":[[[[20.61231,38.38335],[20.40869,38.33677],[20.52354,38.10664],[20.76133,38.07056],[20.78887,38.14209],[20.62471,38.26787],[20.61231,38.38335]]],[[[20.88848,37.80537],[20.75869,37.85298],[20.70381,37.74346],[20.81856,37.66475],[20.88848,37.80537]]],[[[20.68672,38.60869],[20.71963,38.79917],[20.63467,38.81758],[20.55791,38.66187],[20.68672,38.60869]]],[[[20.07793,39.43272],[19.95527,39.47041],[19.9041,39.61948],[19.93682,39.74673],[19.83857,39.82012],[19.64893,39.72617],[19.80889,39.5853],[19.88398,39.46152],[20.07793,39.43272]]],[[[23.41543,38.95864],[23.3127,39.03491],[23.1458,39.00269],[23.0291,38.87339],[23.25215,38.80122],[23.61738,38.55254],[23.65078,38.44307],[23.75879,38.40122],[24.04014,38.38999],[24.18906,38.2043],[24.21201,38.11753],[24.50234,37.96992],[24.57852,38.02017],[24.56328,38.14751],[24.35967,38.1625],[24.27578,38.22002],[24.09902,38.671],[23.87822,38.68657],[23.47197,38.8501],[23.41543,38.95864]]],[[[24.77422,40.61519],[24.78633,40.70386],[24.62334,40.79292],[24.51553,40.64702],[24.6459,40.57944],[24.77422,40.61519]]],[[[25.5459,36.96758],[25.58789,37.15254],[25.52529,37.19639],[25.36191,37.07041],[25.45674,36.92969],[25.5459,36.96758]]],[[[26.82441,37.81143],[26.63867,37.78086],[26.84492,37.64473],[27.03965,37.77002],[26.82441,37.81143]]],[[[24.9917,37.75962],[24.95635,37.90478],[24.71436,37.89888],[24.88408,37.77051],[24.9917,37.75962]]],[[[26.09404,38.21807],[26.15703,38.30293],[26.14961,38.46846],[26.0125,38.60171],[25.85127,38.5084],[25.99141,38.35352],[25.87432,38.26963],[25.99854,38.16152],[26.09404,38.21807]]],[[[26.41016,39.32944],[26.34775,39.38301],[26.16543,39.37353],[26.02647,39.28462],[25.90957,39.28755],[25.90625,39.13897],[26.16084,39.02588],[26.46875,38.9728],[26.57822,39.10952],[26.39277,39.27012],[26.41016,39.32944]]],[[[25.4377,39.9833],[25.37363,40.01553],[25.05801,39.99966],[25.06221,39.85239],[25.35703,39.8081],[25.4377,39.9833]]],[[[27.84277,35.9293],[28.14404,36.20986],[28.23008,36.37026],[28.17148,36.42622],[27.91445,36.34531],[27.71631,36.17158],[27.75732,36.06919],[27.71553,35.95732],[27.84277,35.9293]]],[[[23.85225,35.53545],[23.71504,35.60474],[23.56982,35.53477],[23.56162,35.29517],[23.63809,35.23516],[23.88359,35.24609],[24.46367,35.16035],[24.70889,35.08906],[24.79981,34.93447],[25.20576,34.95928],[25.82969,35.02519],[26.16563,35.0186],[26.24434,35.04468],[26.29863,35.2686],[26.02803,35.21528],[25.83711,35.13257],[25.74502,35.14273],[25.73018,35.34858],[25.47568,35.3062],[25.1043,35.34692],[25.00313,35.40986],[24.72129,35.42481],[24.31289,35.36382],[24.16602,35.59522],[24.03438,35.5354],[23.85225,35.53545]]],[[[26.3209,41.71655],[26.20059,41.7438],[26.06602,41.67324],[26.15518,41.43486],[25.92334,41.31191],[25.78496,41.33042],[25.25117,41.24356],[25.1334,41.31577],[24.84688,41.39424],[24.77373,41.3561],[24.596,41.44273],[24.51826,41.55254],[24.38672,41.52354],[24.05606,41.52725],[23.63516,41.38677],[23.23984,41.38496],[23.15596,41.32207],[22.91602,41.33628],[22.75508,41.31274],[22.72481,41.17852],[22.49356,41.11851],[22.2377,41.15518],[21.92949,41.10742],[21.77949,40.95044],[21.57578,40.86894],[21.4041,40.90718],[21.32373,40.86714],[20.96426,40.8499],[21.03106,40.65864],[20.9502,40.49439],[20.80606,40.44546],[20.65742,40.11738],[20.45606,40.06558],[20.31113,39.97944],[20.38164,39.8418],[20.20684,39.65352],[20.00127,39.70942],[20.19141,39.5458],[20.30078,39.3271],[20.46826,39.25527],[20.77969,39.00855],[21.11836,39.02998],[21.07422,38.88516],[20.89316,38.94111],[20.77734,38.92788],[20.77686,38.80752],[20.99219,38.654],[21.11318,38.38467],[21.18262,38.34556],[21.39014,38.40781],[21.47256,38.32139],[21.96533,38.41245],[22.22686,38.35283],[22.42168,38.43853],[22.5834,38.34492],[22.93252,38.20195],[23.14893,38.17607],[23.12207,38.07334],[22.89316,38.05093],[22.79961,37.9812],[22.55586,38.11323],[22.24375,38.18872],[21.95332,38.32119],[21.82471,38.32813],[21.6584,38.1751],[21.40371,38.19668],[21.30811,38.02744],[21.14502,37.91929],[21.13799,37.85415],[21.28848,37.77451],[21.3293,37.66934],[21.57129,37.54102],[21.69248,37.30928],[21.57881,37.20039],[21.58291,37.08096],[21.73809,36.86323],[21.89238,36.73731],[21.95557,36.99009],[22.08047,37.02896],[22.37598,36.7019],[22.37481,36.51357],[22.48906,36.56816],[22.6084,36.77974],[22.77988,36.78618],[22.98291,36.52837],[23.07354,36.77495],[22.99502,37.01587],[22.85107,37.29082],[22.76504,37.39331],[22.775,37.58511],[23.09648,37.44058],[23.16152,37.33384],[23.48926,37.44019],[23.34756,37.59756],[23.19756,37.62022],[23.14717,37.79531],[23.03633,37.87837],[23.19365,37.95903],[23.58047,38.01055],[23.87734,37.77778],[24.05537,37.70962],[24.02451,38.1398],[23.96699,38.275],[23.68398,38.35244],[23.56963,38.4894],[23.36895,38.52554],[23.25293,38.66123],[22.77402,38.80039],[22.80264,38.90161],[22.96553,39.03091],[22.83897,39.25859],[22.99287,39.33106],[23.16172,39.25776],[23.11943,39.13276],[23.32773,39.1749],[23.28848,39.28882],[23.10342,39.49204],[22.91904,39.62891],[22.83574,39.80059],[22.59219,40.03691],[22.56934,40.11934],[22.64268,40.3666],[22.62949,40.49556],[22.81143,40.57861],[22.89648,40.3999],[23.31201,40.21646],[23.42627,40.26397],[23.66455,40.22383],[23.83535,40.02227],[23.96748,40.11455],[23.72051,40.28628],[23.8668,40.41856],[23.87891,40.54439],[23.74326,40.677],[23.76279,40.7478],[24.08232,40.72407],[24.23438,40.78613],[24.38379,40.91274],[24.55654,40.9356],[24.79297,40.85752],[25.10449,40.99473],[25.2501,40.93281],[25.85566,40.84409],[26.03897,40.72676],[26.10918,40.74966],[26.33106,40.95449],[26.33066,41.23877],[26.6249,41.40176],[26.58135,41.60127],[26.3209,41.71655]]]]},"properties":{"ADMIN":"Greece","NAME_EN":"Greece","ISO_A2_EH":"GR","ISO_A2":"GR","LABEL_X":21.72568,"LABEL_Y":39.492763,"MIN_LABEL":2.7,"LABELRANK":3,"TINY":-99,"TYPE":"Sovereign country"}},
{"type":"Feature","geometry":{"type":"Polygon","coordinates":[[[-0.0686,11.11563],[-0.29946,11.1669],[-0.43032,11.09326],[-0.4917,11.00762],[-0.64853,10.92676],[-0.70142,10.98897],[-1.04248,11.01006],[-1.23262,10.99722],[-1.53677,11.02266],[-1.59966,10.99766],[-2.75166,10.98638],[-2.82993,10.99839],[-2.90732,10.72798],[-2.91489,10.59233],[-2.78662,10.4019],[-2.7832,10.08311],[-2.75073,9.90967],[-2.76597,9.65806],[-2.69585,9.48135],[-2.67422,9.28262],[-2.74668,9.10962],[-2.64922,8.95659],[-2.60039,8.80044],[-2.50586,8.20874],[-2.61172,8.14756],[-2.61338,8.04668],[-2.78975,7.93193],[-2.89634,7.68501],[-2.95908,7.45454],[-2.98579,7.20488],[-3.1689,6.94097],[-3.23579,6.80723],[-3.24028,6.53565],[-3.20059,6.34824],[-2.96226,5.64302],[-2.79365,5.6001],[-2.75498,5.43252],[-2.79521,5.18452],[-3.01914,5.13081],[-3.08672,5.12832],[-3.11401,5.08867],[-2.72305,5.01372],[-2.39893,4.92935],[-2.09019,4.76406],[-2.00185,4.76245],[-1.77685,4.88037],[-1.63848,4.98086],[-1.06431,5.18267],[-0.7977,5.22671],[-0.66943,5.31856],[-0.48545,5.39424],[-0.34873,5.50078],[-0.12651,5.56816],[0.25967,5.75732],[0.74883,5.76011],[0.94971,5.81025],[1.05029,5.99399],[1.18721,6.0894],[1.08447,6.17378],[0.98496,6.32031],[0.91221,6.32856],[0.73691,6.45259],[0.52559,6.85093],[0.57949,7.0041],[0.63477,7.35366],[0.50957,7.43511],[0.5,7.54688],[0.60518,7.72822],[0.58359,8.1458],[0.68809,8.30425],[0.61621,8.47964],[0.41533,8.65273],[0.37256,8.75928],[0.48877,8.85146],[0.46611,9.11533],[0.529,9.3583],[0.44756,9.48027],[0.26191,9.4956],[0.26953,9.66792],[0.32393,9.6876],[0.3627,10.23648],[0.33184,10.30693],[-0.05771,10.63062],[-0.09019,10.71553],[0.00942,11.021],[-0.0686,11.11563]]]},"properties":{"ADMIN":"Ghana","NAME_EN":"Ghana","ISO_A2_EH":"GH","ISO_A2":"GH","LABEL_X":-1.036941,"LABEL_Y":7.717639,"MIN_LABEL":2.7,"LABELRANK":3,"TINY":-99,"TYPE":"Sovereign country"}},
{"type":"Feature","geometry":{"type":"MultiPolygon","coordinates":[[[[9.52402,47.52422],[9.74893,47.57554],[10.03408,47.47358],[10.09648,47.37959],[10.31279,47.31343],[10.43037,47.54106],[10.87305,47.52022],[10.98086,47.39815],[11.29795,47.4249],[11.39297,47.48716],[11.7168,47.5835],[12.18565,47.61953],[12.19688,47.70908],[12.48291,47.63731],[12.68584,47.66934],[12.78281,47.56416],[13.01436,47.47808],[13.03359,47.69873],[12.89766,47.72188],[12.95352,47.89063],[12.76006,48.07598],[12.81426,48.16084],[13.08213,48.2751],[13.32285,48.33125],[13.40938,48.39414],[13.48662,48.58184],[13.6752,48.52305],[13.78535,48.58745],[13.81475,48.76694],[13.54766,48.95967],[13.14053,49.15835],[12.9167,49.33047],[12.81338,49.32935],[12.63203,49.46123],[12.39053,49.73965],[12.49756,49.85308],[12.45762,49.95552],[12.27647,50.04233],[12.27734,50.18145],[12.45264,50.34981],[12.76543,50.43096],[12.9668,50.41621],[13.01641,50.49038],[13.2377,50.57676],[13.47256,50.61694],[13.52656,50.69282],[13.89854,50.76128],[14.36904,50.89873],[14.31973,51.03779],[14.50732,51.00986],[14.72334,50.8147],[14.80938,50.85898],[14.96387,51.09512],[15.0166,51.25273],[14.90596,51.46333],[14.72471,51.52388],[14.73867,51.62715],[14.60166,51.83237],[14.75254,52.08184],[14.70537,52.20747],[14.55459,52.35967],[14.61943,52.52852],[14.51406,52.64561],[14.12861,52.87822],[14.36856,53.10557],[14.41455,53.2835],[14.25889,53.72964],[14.025,53.76743],[13.86553,53.85337],[13.72422,54.15322],[13.44805,54.14087],[13.14746,54.28272],[13.02861,54.41104],[12.57539,54.46738],[12.11133,54.16831],[11.79629,54.14546],[11.39961,53.94463],[11.1043,54.00918],[10.91777,53.99531],[10.81074,54.07515],[11.00859,54.18115],[11.01338,54.37915],[10.73154,54.31626],[10.36045,54.43833],[10.2124,54.40894],[10.02881,54.5813],[10.02217,54.67393],[9.73975,54.82554],[9.61582,54.85542],[9.34199,54.8063],[8.90293,54.89692],[8.67031,54.90342],[8.68232,54.79185],[8.95723,54.53833],[8.95186,54.46758],[8.64805,54.39766],[8.90664,54.26079],[8.89775,53.83569],[8.61895,53.875],[8.52842,53.7811],[8.53848,53.55689],[8.30156,53.58413],[8.24522,53.44531],[8.00928,53.69072],[7.28525,53.68135],[7.10713,53.55698],[7.05332,53.37583],[7.19727,53.28228],[7.18994,52.99951],[7.01318,52.63355],[6.74844,52.63408],[6.74883,52.46401],[6.96816,52.44409],[7.03516,52.38023],[6.97725,52.20552],[6.74902,52.09868],[6.7418,51.91089],[6.35566,51.82466],[6.1665,51.88076],[5.94854,51.7624],[6.19326,51.48892],[6.07588,51.22412],[6.12998,51.14741],[5.89473,50.98423],[6.04844,50.90488],[5.99395,50.75044],[6.23594,50.59668],[6.20303,50.49912],[6.34092,50.45176],[6.36445,50.31616],[6.1751,50.23267],[6.1165,50.121],[6.13818,49.97432],[6.25606,49.87217],[6.48731,49.79849],[6.34434,49.45273],[6.45811,49.44287],[6.73545,49.1606],[6.89121,49.20752],[7.02217,49.12344],[7.45059,49.1522],[7.61094,49.06177],[8.13486,48.97358],[8.14033,48.88643],[7.83799,48.63604],[7.70566,48.28003],[7.58418,48.06431],[7.59326,47.90566],[7.5294,47.67388],[7.61563,47.59273],[7.92705,47.56387],[8.19824,47.60693],[8.41475,47.5896],[8.40342,47.68779],[8.61787,47.76611],[8.88115,47.6564],[9.18281,47.6707],[9.52402,47.52422]]],[[[13.70918,54.38272],[13.58047,54.46397],[13.6707,54.53545],[13.42275,54.69932],[13.23994,54.63843],[13.17666,54.54424],[13.19004,54.32564],[13.36436,54.24585],[13.48203,54.3374],[13.70918,54.38272]]],[[[14.21143,53.95034],[13.92168,53.99663],[13.92578,53.87905],[14.21367,53.87075],[14.21143,53.95034]]]]},"properties":{"ADMIN":"Germany","NAME_EN":"Germany","ISO_A2_EH":"DE","ISO_A2":"DE","LABEL_X":9.678348,"LABEL_Y":50.961733,"MIN_LABEL":1.7,"LABELRANK":2,"TINY":-99,"TYPE":"Sovereign country"}},
{"type":"Feature","geometry":{"type":"Polygon","coordinates":[[[43.43945,41.10713],[43.79316,41.1311],[44.22734,41.21333],[44.47305,41.19102],[44.84141,41.21138],[45.00137,41.29097],[45.28096,41.44956],[45.71563,41.33765],[45.79277,41.22441],[46.03125,41.16729],[46.1707,41.19785],[46.45791,41.07021],[46.62637,41.15967],[46.61895,41.34375],[46.30547,41.50771],[46.18213,41.65708],[46.42988,41.89097],[46.2127,41.98989],[45.954,42.0354],[45.63857,42.20508],[45.72754,42.47505],[45.56289,42.53574],[45.34375,42.52979],[45.2082,42.64824],[44.871,42.7564],[44.77109,42.6168],[44.64434,42.73472],[44.50586,42.74863],[43.95742,42.56655],[43.73838,42.61699],[43.78262,42.74702],[43.55781,42.84448],[43.08916,42.98906],[42.9916,43.0915],[42.76065,43.16958],[42.56602,43.15513],[42.41904,43.22422],[42.05,43.19014],[41.58057,43.21924],[41.3582,43.3334],[41.08311,43.37446],[40.64805,43.53389],[40.51895,43.51201],[40.15019,43.56978],[39.97832,43.41982],[40.52402,43.12105],[40.83662,43.06348],[41.06162,42.93086],[41.12871,42.82813],[41.41943,42.73765],[41.48877,42.65933],[41.66328,42.14688],[41.76299,41.97002],[41.70176,41.70542],[41.51006,41.51748],[41.82354,41.43237],[41.92578,41.49565],[42.21113,41.48672],[42.46641,41.43984],[42.56738,41.55928],[42.78789,41.56372],[43.14902,41.30713],[43.20547,41.19917],[43.35898,41.19014],[43.43945,41.10713]]]},"properties":{"ADMIN":"Georgia","NAME_EN":"Georgia","ISO_A2_EH":"GE","ISO_A2":"GE","LABEL_X":43.735724,"LABEL_Y":41.870087,"MIN_LABEL":4,"LABELRANK":5,"TINY":-99,"TYPE":"Sovereign country"}},
{"type":"Feature","geometry":{"type":"Polygon","coordinates":[[[-16.5623,13.58731],[-16.53008,13.45796],[-16.44053,13.35317],[-16.35181,13.34336],[-16.13545,13.44824],[-16.18506,13.28272],[-16.41338,13.26973],[-16.55644,13.30322],[-16.66934,13.475],[-16.82481,13.34106],[-16.76333,13.06416],[-16.64878,13.15415],[-15.83428,13.15645],[-15.8144,13.32515],[-15.28623,13.396],[-15.15112,13.55649],[-14.67192,13.35171],[-14.43857,13.2689],[-14.24678,13.23584],[-13.84751,13.3353],[-13.85283,13.47856],[-13.97739,13.54346],[-14.40547,13.50371],[-14.57085,13.61616],[-14.76602,13.66909],[-14.93579,13.78521],[-15.10835,13.81211],[-15.42685,13.727],[-15.50967,13.58623],[-16.30874,13.59688],[-16.5623,13.58731]]]},"properties":{"ADMIN":"Gambia","NAME_EN":"The Gambia","ISO_A2_EH":"GM","ISO_A2":"GM","LABEL_X":-14.998318,"LABEL_Y":13.641721,"MIN_LABEL":5,"LABELRANK":6,"TINY":-99,"TYPE":"Sovereign country"}},
{"type":"Feature","geometry":{"type":"Polygon","coordinates":[[[13.29356,2.16157],[13.22031,2.25644],[12.86748,2.24678],[12.36133,2.296],[11.93975,2.28516],[11.34844,2.29971],[11.32871,2.16743],[11.33535,0.99971],[10.02852,1.004],[9.90674,0.96011],[9.76055,1.07471],[9.59082,1.03198],[9.62588,0.77944],[9.61797,0.57651],[9.49531,0.66484],[9.32998,0.61084],[9.47012,0.36191],[9.54648,0.29595],[9.77666,0.19248],[9.73838,0.08496],[9.41113,0.20044],[9.30186,0.28852],[9.33906,-0.05825],[9.29668,-0.35127],[9.13652,-0.57334],[8.94639,-0.68877],[8.82139,-0.7084],[8.84424,-0.91357],[9.06465,-1.29834],[9.20381,-1.38242],[9.33066,-1.53457],[9.44834,-1.50889],[9.52334,-1.59834],[9.31885,-1.63203],[9.26563,-1.8251],[9.40225,-2.02764],[9.5332,-2.16387],[9.75947,-2.51855],[10.00615,-2.74834],[10.34766,-3.01309],[10.58545,-3.27803],[10.64072,-3.39805],[10.94727,-3.66211],[11.03203,-3.82646],[11.13018,-3.91631],[11.19004,-3.76201],[11.28828,-3.64111],[11.5043,-3.52031],[11.68574,-3.68203],[11.84912,-3.69668],[11.83291,-3.53144],[11.93418,-3.31855],[11.71543,-3.17695],[11.76016,-2.9831],[11.63906,-2.85537],[11.53779,-2.83672],[11.60342,-2.59541],[11.5752,-2.39707],[11.72676,-2.39473],[11.95029,-2.34482],[12.06445,-2.4126],[12.44639,-2.32998],[12.47852,-2.11201],[12.43213,-1.92891],[12.59043,-1.82685],[12.79356,-1.93184],[12.99199,-2.31338],[13.35732,-2.40478],[13.46494,-2.39541],[13.61856,-2.27861],[13.73379,-2.13848],[13.78438,-2.16377],[13.8877,-2.37451],[13.88691,-2.46543],[14.0874,-2.46689],[14.19981,-2.3542],[14.16289,-2.21758],[14.25147,-2.00146],[14.38398,-1.89004],[14.42324,-1.71152],[14.40293,-1.59336],[14.45557,-1.41318],[14.41065,-0.97207],[14.48057,-0.61836],[14.36377,-0.46855],[14.20674,-0.42734],[14.06943,-0.27012],[13.86006,-0.20332],[13.88457,0.19082],[13.94961,0.35381],[14.0875,0.53657],[14.23096,0.55112],[14.32422,0.62422],[14.43447,0.81148],[14.38643,1.00444],[14.30303,1.12085],[14.23975,1.32256],[14.18086,1.37022],[13.85137,1.41875],[13.27412,1.24102],[13.1627,1.6481],[13.20947,1.92041],[13.29356,2.16157]]]},"properties":{"ADMIN":"Gabon","NAME_EN":"Gabon","ISO_A2_EH":"GA","ISO_A2":"GA","LABEL_X":11.835939,"LABEL_Y":-0.437739,"MIN_LABEL":3,"LABELRANK":4,"TINY":3,"TYPE":"Sovereign country"}},
{"type":"Feature","geometry":{"type":"MultiPolygon","coordinates":[[[[9.48037,42.80542],[9.46328,42.98101],[9.33096,42.9438],[9.33838,42.7669],[9.13789,42.73291],[9.04365,42.66167],[8.71309,42.54976],[8.56621,42.2188],[8.70098,42.09561],[8.61514,41.95913],[8.74043,41.92515],[8.71797,41.76143],[8.88682,41.70068],[8.80752,41.58838],[8.89502,41.51616],[9.18613,41.38491],[9.39482,41.7312],[9.40088,41.92622],[9.55068,42.12974],[9.52617,42.55264],[9.4542,42.65859],[9.48037,42.80542]]],[[[7.61563,47.59273],[7.5294,47.67388],[7.59326,47.90566],[7.58418,48.06431],[7.70566,48.28003],[7.83799,48.63604],[8.14033,48.88643],[8.13486,48.97358],[7.61094,49.06177],[7.45059,49.1522],[7.02217,49.12344],[6.89121,49.20752],[6.73545,49.1606],[6.45811,49.44287],[6.34434,49.45273],[6.24219,49.49434],[5.95947,49.45464],[5.78975,49.53828],[5.50732,49.51089],[5.27881,49.67793],[5.00693,49.77837],[4.86758,49.78814],[4.65615,50.00244],[4.36875,49.94497],[4.17607,49.96025],[4.17461,50.24648],[4.04414,50.32134],[3.74805,50.34351],[3.62676,50.45732],[3.27334,50.53154],[3.23496,50.66294],[3.10684,50.77944],[2.83975,50.71177],[2.59678,50.87593],[2.5249,51.09712],[2.4457,51.0665],[1.9125,50.99063],[1.67227,50.88501],[1.57949,50.73926],[1.55156,50.29395],[1.40723,50.08853],[1.24551,49.99824],[0.92412,49.91021],[0.61621,49.86294],[0.18672,49.70303],[0.10938,49.55752],[0.27764,49.46328],[-0.01118,49.33023],[-0.16348,49.29678],[-0.5209,49.35454],[-1.13852,49.38789],[-1.23227,49.49487],[-1.25864,49.68018],[-1.85644,49.68379],[-1.87007,49.59512],[-1.69033,49.31318],[-1.5831,49.20239],[-1.56548,48.80552],[-1.43765,48.64141],[-1.82471,48.63052],[-1.90571,48.69712],[-2.07944,48.64502],[-2.44619,48.64829],[-2.69233,48.53682],[-3.00322,48.79067],[-3.23144,48.84082],[-3.47148,48.81294],[-3.71479,48.7105],[-4.05889,48.70752],[-4.5312,48.61997],[-4.72075,48.53989],[-4.71938,48.36314],[-4.39316,48.36763],[-4.51221,48.22974],[-4.37783,48.12881],[-4.6292,48.08579],[-4.42798,47.96895],[-4.31211,47.8229],[-3.90093,47.83755],[-3.50781,47.75313],[-3.44394,47.71104],[-3.15884,47.69468],[-2.96406,47.60107],[-2.78721,47.62554],[-2.77031,47.51387],[-2.55405,47.52705],[-2.42769,47.4709],[-2.50312,47.31206],[-2.1083,47.26294],[-2.19707,47.16294],[-2.0189,47.03765],[-2.09028,46.92051],[-2.05938,46.8103],[-1.78652,46.51484],[-1.39248,46.3501],[-1.14629,46.31138],[-1.10439,45.92534],[-1.06602,45.80566],[-1.16997,45.68594],[-1.08101,45.53242],[-1.18906,45.16148],[-1.24551,44.55986],[-1.346,44.02022],[-1.48486,43.56377],[-1.63144,43.43804],[-1.79404,43.40732],[-1.75327,43.32471],[-1.41069,43.24009],[-1.42876,43.03677],[-1.28545,43.05962],[-0.93384,42.94951],[-0.76265,42.9398],[-0.58643,42.79898],[-0.29932,42.82534],[-0.04116,42.68911],[0.63164,42.6896],[0.69688,42.84512],[1.34941,42.69067],[1.42832,42.5959],[1.50137,42.64273],[1.70986,42.60444],[1.70606,42.50332],[2.03272,42.35352],[2.20039,42.42095],[2.56797,42.3458],[2.97002,42.46724],[3.21143,42.43115],[3.09092,42.59087],[3.05176,42.91514],[3.25889,43.19321],[3.78477,43.46162],[3.91084,43.56309],[4.05264,43.59307],[4.16279,43.50366],[4.62871,43.38711],[4.78906,43.37891],[5.05977,43.44453],[5.12041,43.34898],[5.32022,43.34492],[5.40654,43.22852],[5.67158,43.17783],[5.80947,43.0979],[6.11592,43.07236],[6.49404,43.16929],[6.65723,43.26167],[6.7166,43.37358],[6.86475,43.43833],[7.18145,43.65913],[7.37773,43.73174],[7.41445,43.7709],[7.43867,43.75044],[7.49316,43.76714],[7.48203,43.86489],[7.65147,44.03364],[7.63721,44.16484],[7.3709,44.12739],[6.96729,44.28003],[6.84297,44.51069],[7.03066,44.7167],[6.99268,44.8273],[6.73818,44.92139],[6.62773,45.11797],[6.84229,45.13565],[7.07832,45.23994],[7.15342,45.40093],[7.01367,45.50049],[6.80449,45.81455],[7.02109,45.92578],[6.77207,46.16514],[6.8168,46.2752],[6.75811,46.41577],[6.42891,46.43052],[6.23467,46.33262],[6.27295,46.25225],[6.08662,46.14702],[6.06025,46.42817],[6.16074,46.61104],[6.41016,46.75542],[6.45625,46.94834],[6.62481,47.00435],[7.00059,47.32251],[6.90039,47.39424],[7.05342,47.48936],[7.20313,47.43272],[7.42002,47.45518],[7.61563,47.59273]]],[[[45.18027,-12.97676],[45.22315,-12.75215],[45.13477,-12.70918],[45.06943,-12.8956],[45.18027,-12.97676]]],[[[55.79736,-21.33935],[55.83906,-21.13857],[55.66191,-20.90625],[55.45049,-20.86514],[55.31133,-20.9041],[55.23281,-21.0584],[55.3627,-21.27363],[55.55762,-21.3583],[55.79736,-21.33935]]],[[[-60.82627,14.49448],[-60.91865,14.73535],[-61.12739,14.87529],[-61.21973,14.8044],[-61.14111,14.65239],[-61.01133,14.6019],[-61.06372,14.46709],[-60.82627,14.49448]]],[[[-61.32715,16.23042],[-61.40644,16.46831],[-61.52891,16.43379],[-61.52217,16.22803],[-61.32715,16.23042]]],[[[-61.58955,16.00693],[-61.55234,16.2709],[-61.74805,16.35527],[-61.79409,16.30098],[-61.75942,16.06206],[-61.67046,15.96206],[-61.58955,16.00693]]],[[[-54.61626,2.32676],[-54.51509,2.24546],[-54.29307,2.15425],[-54.13008,2.12105],[-53.76777,2.35483],[-53.73472,2.30855],[-53.50898,2.25312],[-53.33442,2.33975],[-53.22978,2.20488],[-52.96484,2.18355],[-52.70063,2.36367],[-52.55947,2.57314],[-52.55469,2.64766],[-52.35664,3.05156],[-52.32788,3.18174],[-52.1626,3.3647],[-51.99951,3.64688],[-51.99062,3.702],[-51.82749,3.86958],[-51.76709,3.99268],[-51.65254,4.06128],[-51.66582,4.22881],[-51.78564,4.57051],[-51.88027,4.63374],[-51.91958,4.52432],[-52.0581,4.71738],[-52.29053,4.94219],[-52.45395,5.02134],[-52.76499,5.27349],[-52.89932,5.42505],[-53.27036,5.54326],[-53.45444,5.56348],[-53.84717,5.78223],[-53.9896,5.67603],[-54.0853,5.41182],[-54.15596,5.35898],[-54.33164,5.1874],[-54.4522,5.01348],[-54.47114,4.74932],[-54.42607,4.58301],[-54.44961,4.48501],[-54.35073,4.0541],[-54.25552,3.90107],[-54.11279,3.76943],[-53.99048,3.58955],[-54.00957,3.44854],[-54.20312,3.13818],[-54.1707,2.9936],[-54.19551,2.81787],[-54.402,2.46152],[-54.53594,2.34331],[-54.61626,2.32676]]]]},"properties":{"ADMIN":"France","NAME_EN":"France","ISO_A2_EH":"FR","ISO_A2":"-99","LABEL_X":2.552275,"LABEL_Y":46.696113,"MIN_LABEL":1.7,"LABELRANK":2,"TINY":-99,"TYPE":"Country"}},
{"type":"Feature","geometry":{"type":"Polygon","coordinates":[[[-56.26709,46.83848],[-56.31489,46.95386],[-56.28735,47.071],[-56.38691,47.06797],[-56.26709,46.83848]]]},"properties":{"ADMIN":"Saint Pierre and Miquelon","NAME_EN":"Saint Pierre and Miquelon","ISO_A2_EH":"PM","ISO_A2":"PM","LABEL_X":-56.332352,"LABEL_Y":47.040344,"MIN_LABEL":5,"LABELRANK":4,"TINY":3,"TYPE":"Dependency"}},
{"type":"Feature","geometry":{"type":"Polygon","coordinates":[[[-178.04668,-14.31836],[-178.14224,-14.24258],[-178.15859,-14.31191],[-178.04668,-14.31836]]]},"properties":{"ADMIN":"Wallis and Futuna","NAME_EN":"Wallis and Futuna","ISO_A2_EH":"WF","ISO_A2":"WF","LABEL_X":-178.137436,"LABEL_Y":-14.286415,"MIN_LABEL":4.7,"LABELRANK":4,"TINY":3,"TYPE":"Dependency"}},
{"type":"Feature","geometry":{"type":"Polygon","coordinates":[[[-63.01118,18.06895],[-63.06309,18.11533],[-63.12305,18.06895],[-63.01118,18.06895]]]},"properties":{"ADMIN":"Saint Martin","NAME_EN":"Saint Martin","ISO_A2_EH":"MF","ISO_A2":"MF","LABEL_X":-63.049399,"LABEL_Y":18.081302,"MIN_LABEL":5,"LABELRANK":6,"TINY":4,"TYPE":"Dependency"}},
{"type":"Feature","geometry":{"type":"Polygon","coordinates":[[[-62.83193,17.87647],[-62.79971,17.90869],[-62.86543,17.91826],[-62.83193,17.87647]]]},"properties":{"ADMIN":"Saint Barthelemy","NAME_EN":"Saint Barthélemy","ISO_A2_EH":"BL","ISO_A2":"BL","LABEL_X":-62.833193,"LABEL_Y":17.901987,"MIN_LABEL":5.7,"LABELRANK":6,"TINY":4,"TYPE":"Dependency"}},
{"type":"Feature","geometry":{"type":"MultiPolygon","coordinates":[[[[-149.32153,-17.69004],[-149.3792,-17.52236],[-149.5081,-17.49639],[-149.61143,-17.53164],[-149.63281,-17.61758],[-149.57891,-17.73496],[-149.34111,-17.73242],[-149.32153,-17.69004]]],[[[-139.02432,-9.69521],[-139.16646,-9.77021],[-139.13408,-9.82949],[-138.87495,-9.79287],[-139.02432,-9.69521]]],[[[-140.07261,-8.91045],[-140.05767,-8.80146],[-140.22441,-8.78154],[-140.21743,-8.92969],[-140.07261,-8.91045]]]]},"properties":{"ADMIN":"French Polynesia","NAME_EN":"French Polynesia","ISO_A2_EH":"PF","ISO_A2":"PF","LABEL_X":-149.46157,"LABEL_Y":-17.628081,"MIN_LABEL":3.5,"LABELRANK":4,"TINY":2,"TYPE":"Dependency"}},
{"type":"Feature","geometry":{"type":"MultiPolygon","coordinates":[[[[164.20234,-20.24609],[164.15811,-20.34795],[164.16973,-20.48018],[164.45469,-20.8291],[164.65566,-20.99209],[164.92744,-21.28984],[165.01016,-21.32685],[165.24199,-21.52549],[165.74385,-21.77734],[165.82344,-21.85381],[166.09609,-21.95664],[166.17666,-22.08916],[166.57061,-22.26553],[166.77412,-22.37617],[166.97031,-22.32285],[167.0043,-22.26152],[166.94238,-22.09014],[166.68965,-21.95303],[166.30332,-21.63721],[165.94951,-21.44238],[165.77461,-21.31172],[165.66279,-21.26719],[165.44717,-21.08057],[165.38057,-20.93584],[165.1918,-20.76885],[164.97568,-20.68105],[164.58809,-20.38115],[164.43594,-20.28223],[164.31514,-20.30889],[164.20234,-20.24609]]],[[[168.01094,-21.42998],[167.98496,-21.36973],[167.81543,-21.39268],[167.87588,-21.58213],[168.00645,-21.64316],[168.1207,-21.61582],[168.13906,-21.44521],[168.01094,-21.42998]]],[[[167.40088,-21.16064],[167.43057,-21.05527],[167.29346,-20.8915],[167.29795,-20.73252],[167.11172,-20.9041],[167.13389,-21.06064],[167.40088,-21.16064]]]]},"properties":{"ADMIN":"New Caledonia","NAME_EN":"New Caledonia","ISO_A2_EH":"NC","ISO_A2":"NC","LABEL_X":165.084004,"LABEL_Y":-21.064697,"MIN_LABEL":4.6,"LABELRANK":3,"TINY":-99,"TYPE":"Dependency"}},
{"type":"Feature","geometry":{"type":"MultiPolygon","coordinates":[[[[69.18486,-49.10957],[69.03272,-49.01758],[69.13613,-48.86103],[69.05723,-48.65644],[68.95869,-48.69385],[68.83203,-48.84873],[68.76953,-49.06592],[68.8167,-49.13506],[68.81846,-49.35391],[68.87207,-49.44434],[68.78281,-49.65127],[68.99297,-49.70498],[69.15313,-49.52969],[69.61289,-49.65098],[69.74668,-49.60176],[69.91894,-49.68935],[70.06289,-49.58935],[69.85596,-49.54404],[69.74922,-49.44756],[69.91563,-49.34853],[70.16582,-49.34297],[70.29766,-49.4248],[70.48506,-49.32764],[70.55547,-49.20146],[70.48428,-49.08389],[70.32022,-49.05859],[70.2084,-49.13496],[70.06133,-49.13603],[69.8544,-49.22158],[69.54238,-49.25566],[69.53496,-48.97432],[69.31426,-49.10625],[69.18486,-49.10957]]],[[[69.28242,-49.05889],[69.36875,-48.89043],[69.1501,-48.91904],[69.28242,-49.05889]]]]},"properties":{"ADMIN":"French Southern and Antarctic Lands","NAME_EN":"French Southern and Antarctic Lands","ISO_A2_EH":"TF","ISO_A2":"TF","LABEL_X":69.122136,"LABEL_Y":-49.303721,"MIN_LABEL":4,"LABELRANK":6,"TINY":2,"TYPE":"Dependency"}},
{"type":"Feature","geometry":{"type":"Polygon","coordinates":[[[19.98955,60.35117],[19.88828,60.40581],[19.68691,60.26763],[19.746,60.09898],[20.03398,60.09356],[20.04258,60.18066],[20.25889,60.26128],[19.98955,60.35117]]]},"properties":{"ADMIN":"Aland","NAME_EN":"Åland","ISO_A2_EH":"AX","ISO_A2":"AX","LABEL_X":19.869671,"LABEL_Y":60.156467,"MIN_LABEL":5,"LABELRANK":6,"TINY":5,"TYPE":"Country"}},
{"type":"Feature","geometry":{"type":"MultiPolygon","coordinates":[[[[24.15547,65.80527],[24.58154,65.75713],[25.2418,65.54629],[25.34785,65.47925],[25.25586,65.14326],[25.37266,65.00947],[25.22803,64.95103],[24.55791,64.80103],[24.27832,64.51528],[24.02227,64.38599],[23.92481,64.27412],[23.24873,63.89614],[23.01445,63.82183],[22.24326,63.43794],[22.31973,63.31045],[22.12031,63.24414],[21.54512,63.2043],[21.65098,63.03931],[21.1957,62.79053],[21.10361,62.62295],[21.16563,62.41406],[21.32344,62.34258],[21.35371,62.22383],[21.25596,61.98965],[21.38486,61.91494],[21.60596,61.59155],[21.49824,61.55195],[21.4791,61.17051],[21.36055,60.96748],[21.43604,60.59639],[21.61328,60.53096],[21.80527,60.59414],[21.93398,60.50029],[22.25791,60.40093],[22.57588,60.35908],[22.46973,60.20132],[22.4627,60.0292],[22.79346,60.07681],[22.84443,60.18662],[23.19844,60.02183],[23.18145,59.84492],[23.46357,59.98623],[23.72178,59.96567],[24.34258,60.04233],[24.60049,60.11426],[25.15586,60.19409],[25.65645,60.3332],[25.71543,60.26743],[26.20469,60.40659],[26.53467,60.41289],[27.2419,60.53867],[27.4624,60.46484],[27.79766,60.53613],[28.40742,60.89692],[29.25166,61.28779],[29.69014,61.54609],[30.56563,62.12759],[30.93574,62.32378],[31.28565,62.56782],[31.53398,62.8854],[31.50928,62.95532],[31.18086,63.2083],[30.41856,63.50405],[30.05537,63.68901],[30.50391,64.02061],[30.48789,64.23652],[30.10811,64.36611],[29.98555,64.55772],[30.12012,64.64463],[30.07285,64.76504],[29.7832,64.8043],[29.6042,64.96841],[29.81084,65.10791],[29.62969,65.22388],[29.72803,65.47344],[29.71592,65.62456],[30.09531,65.68169],[30.0875,65.78652],[29.90342,66.09106],[29.6709,66.27612],[29.46436,66.53218],[29.09307,66.84922],[29.08701,66.97095],[29.57227,67.32437],[29.94121,67.54746],[29.9792,67.68857],[29.82158,67.754],[29.34385,68.06187],[28.68516,68.1898],[28.4707,68.48838],[28.75205,68.77144],[28.56602,68.92822],[28.96582,69.02197],[28.84629,69.1769],[29.3334,69.473],[29.1416,69.67144],[28.41172,69.82275],[27.88994,70.06167],[27.5917,70.04224],[27.10869,69.90469],[26.52539,69.91504],[26.01152,69.65264],[25.74863,69.23144],[25.74834,68.99014],[25.35713,68.86245],[24.94141,68.59326],[23.854,68.80591],[23.70703,68.71387],[23.32402,68.64897],[22.41094,68.71987],[22.30039,68.85586],[21.62178,69.2707],[21.2668,69.27368],[21.05264,69.18657],[21.12783,69.08081],[20.62217,69.03687],[21.46543,68.69067],[21.99746,68.52061],[22.78242,68.39102],[23.09785,68.25757],[23.63887,67.9544],[23.50186,67.8752],[23.53701,67.59038],[23.46807,67.44995],[23.73359,67.4229],[23.7749,67.32861],[23.62305,67.18413],[23.67734,67.06812],[23.98857,66.81055],[23.86553,66.57661],[23.70117,66.48076],[23.75147,66.19116],[23.90732,66.14824],[24.15547,65.80527]]],[[[22.1751,60.37075],[22.07715,60.28633],[22.2583,60.16563],[22.35498,60.35586],[22.1751,60.37075]]]]},"properties":{"ADMIN":"Finland","NAME_EN":"Finland","ISO_A2_EH":"FI","ISO_A2":"FI","LABEL_X":27.276449,"LABEL_Y":63.252361,"MIN_LABEL":3,"LABELRANK":3,"TINY":-99,"TYPE":"Country"}},
{"type":"Feature","geometry":{"type":"MultiPolygon","coordinates":[[[[179.99922,-16.16856],[180,-16.15293],[179.84815,-16.21426],[179.71504,-16.20762],[179.55176,-16.2499],[179.35918,-16.37988],[179.09141,-16.4375],[178.86572,-16.54004],[178.80508,-16.63144],[178.68633,-16.66562],[178.58359,-16.62187],[178.49746,-16.78789],[178.60371,-16.80059],[178.70664,-16.97617],[178.88369,-16.88603],[179.00684,-16.90019],[179.05547,-16.81357],[179.20234,-16.71269],[179.32334,-16.71807],[179.41934,-16.80654],[179.71475,-16.74355],[179.92793,-16.74443],[179.84102,-16.5375],[179.56816,-16.74746],[179.61914,-16.52773],[179.74815,-16.44629],[179.84824,-16.30166],[179.99922,-16.16856]]],[[[178.28018,-17.37197],[178.1876,-17.31299],[177.94023,-17.39512],[177.81797,-17.38848],[177.61797,-17.46103],[177.40068,-17.63164],[177.42324,-17.7373],[177.26397,-17.86348],[177.32139,-18.07754],[177.45732,-18.14824],[177.84707,-18.25488],[178.16016,-18.2502],[178.33154,-18.13525],[178.66768,-18.08086],[178.5749,-17.74932],[178.5916,-17.65147],[178.41094,-17.52305],[178.28018,-17.37197]]],[[[-179.9749,-16.9248],[-179.82231,-16.76533],[-179.86099,-16.68828],[-180,-16.78555],[-180,-16.82432],[-180,-16.90781],[-180,-16.96299],[-179.9749,-16.9248]]]]},"properties":{"ADMIN":"Fiji","NAME_EN":"Fiji","ISO_A2_EH":"FJ","ISO_A2":"FJ","LABEL_X":177.975427,"LABEL_Y":-17.826099,"MIN_LABEL":3,"LABELRANK":6,"TINY":-99,"TYPE":"Sovereign country"}},
{"type":"Feature","geometry":{"type":"Polygon","coordinates":[[[35.26836,5.49229],[35.32529,5.36489],[35.46865,5.41909],[35.74502,5.34399],[35.80029,5.15693],[35.75615,4.95049],[35.76309,4.80801],[35.91982,4.61982],[35.97871,4.50381],[36.08193,4.44971],[36.82363,4.43013],[36.90557,4.41148],[37.38252,4.11084],[38.08613,3.64883],[38.22529,3.61899],[38.60801,3.6001],[38.75273,3.55898],[39.22549,3.47876],[39.49443,3.4561],[39.65752,3.57783],[39.84219,3.85147],[40.01416,3.94795],[40.76523,4.27305],[41.08721,3.99194],[41.2209,3.94356],[41.88398,3.97773],[42.02412,4.13794],[42.22842,4.20166],[42.7916,4.29199],[42.89473,4.36108],[43.01602,4.56333],[43.12568,4.64448],[43.53828,4.84033],[44.02813,4.95098],[44.91162,4.8999],[44.94053,4.91201],[45.43848,5.45542],[45.93496,5.99722],[46.42295,6.49727],[46.97119,7.02603],[47.97822,7.99707],[46.97822,7.99707],[46.296,8.23496],[45.55547,8.48301],[44.89356,8.7002],[44.02285,8.98603],[43.62051,9.3374],[43.48252,9.37949],[43.30313,9.60908],[43.18164,9.87998],[43.06895,9.92622],[42.8416,10.20308],[42.65957,10.62139],[42.92275,10.99932],[42.78301,11.00928],[42.55772,11.08076],[42.30811,11.00523],[41.95742,10.94102],[41.79824,10.98047],[41.76465,11.41289],[41.7665,11.58911],[41.81562,11.72378],[41.9959,11.91235],[42.37852,12.46641],[42.13428,12.77144],[41.95215,12.88232],[41.76504,13.18394],[41.625,13.31323],[41.36289,13.49981],[41.12236,13.73613],[40.93857,13.98311],[40.76953,14.14448],[40.52441,14.2252],[40.22148,14.43115],[40.06211,14.45913],[39.89512,14.44067],[39.75615,14.49902],[39.53184,14.53672],[39.27012,14.47031],[39.19805,14.4794],[39.07422,14.62822],[38.81201,14.48232],[38.5044,14.42441],[38.37695,14.47041],[38.22148,14.64966],[38.00254,14.73711],[37.88418,14.8523],[37.57119,14.14907],[37.50723,14.1564],[37.35371,14.37246],[37.25723,14.45376],[37.13262,14.40606],[37.02451,14.27197],[36.81191,14.31504],[36.52432,14.25684],[36.44395,13.98843],[36.44707,13.84204],[36.39063,13.62607],[36.21221,13.27109],[36.16016,13.09331],[36.10752,12.72647],[35.82061,12.68486],[35.67022,12.62373],[35.59609,12.53731],[35.25244,11.95703],[35.11231,11.81655],[34.96074,11.27676],[34.96914,11.16177],[34.93144,10.8648],[34.77129,10.74619],[34.57188,10.88018],[34.43144,10.78784],[34.27568,10.52813],[34.31484,10.25156],[34.2915,10.12476],[34.18525,9.91856],[34.12031,9.72969],[34.07813,9.46152],[34.10156,8.75186],[34.09453,8.58223],[33.95332,8.44351],[33.78506,8.4311],[33.40937,8.44775],[33.23428,8.39639],[33.0126,7.95151],[33.01465,7.86856],[33.22598,7.76065],[33.66611,7.671],[33.90244,7.50952],[34.02041,7.36797],[34.06426,7.22573],[34.2793,7.00283],[34.48438,6.89839],[34.56279,6.77983],[34.71065,6.6603],[34.83809,6.30015],[34.95898,6.04507],[34.98359,5.8583],[35.08193,5.67315],[35.26836,5.49229]]]},"properties":{"ADMIN":"Ethiopia","NAME_EN":"Ethiopia","ISO_A2_EH":"ET","ISO_A2":"ET","LABEL_X":39.0886,"LABEL_Y":8.032795,"MIN_LABEL":2,"LABELRANK":2,"TINY":-99,"TYPE":"Sovereign country"}},
{"type":"Feature","geometry":{"type":"MultiPolygon","coordinates":[[[[27.35195,57.52813],[27.4,57.6668],[27.54209,57.79941],[27.75283,57.84102],[27.48779,58.27007],[27.53135,58.43525],[27.42705,58.73306],[27.46445,58.84131],[27.75762,59.052],[27.89766,59.27764],[28.15107,59.37441],[28.0125,59.48428],[27.89258,59.41421],[27.33584,59.45049],[26.97471,59.45064],[26.625,59.55391],[26.46084,59.55391],[25.79375,59.63467],[25.50928,59.63901],[25.44375,59.52114],[24.87754,59.52207],[24.58359,59.45566],[24.38037,59.47266],[24.0834,59.2919],[23.78252,59.27515],[23.49443,59.19565],[23.51504,58.99922],[23.43203,58.92065],[23.53359,58.78193],[23.50928,58.65855],[23.6915,58.50562],[23.76758,58.36084],[24.11484,58.26611],[24.33691,58.3814],[24.5291,58.35425],[24.46387,58.10596],[24.32256,57.87061],[25.11104,58.06343],[25.34004,58.03945],[25.79375,57.86856],[25.99111,57.83818],[26.29805,57.60107],[26.53262,57.53101],[26.89981,57.60879],[27.35195,57.52813]]],[[[22.61738,58.62124],[22.32813,58.58086],[22.08135,58.47813],[21.88213,58.26235],[22.15293,58.11533],[22.49844,58.23623],[22.75703,58.26089],[23.29287,58.4835],[22.96426,58.60571],[22.61738,58.62124]]],[[[22.92373,58.8269],[22.90986,58.99121],[22.58721,59.0812],[22.41104,58.86338],[22.54219,58.68999],[22.76729,58.8209],[22.92373,58.8269]]]]},"properties":{"ADMIN":"Estonia","NAME_EN":"Estonia","ISO_A2_EH":"EE","ISO_A2":"EE","LABEL_X":25.867126,"LABEL_Y":58.724865,"MIN_LABEL":3,"LABELRANK":6,"TINY":-99,"TYPE":"Sovereign country"}},
{"type":"Feature","geometry":{"type":"MultiPolygon","coordinates":[[[[36.52432,14.25684],[36.81191,14.31504],[37.02451,14.27197],[37.13262,14.40606],[37.25723,14.45376],[37.35371,14.37246],[37.50723,14.1564],[37.57119,14.14907],[37.88418,14.8523],[38.00254,14.73711],[38.22148,14.64966],[38.37695,14.47041],[38.5044,14.42441],[38.81201,14.48232],[39.07422,14.62822],[39.19805,14.4794],[39.27012,14.47031],[39.53184,14.53672],[39.75615,14.49902],[39.89512,14.44067],[40.06211,14.45913],[40.22148,14.43115],[40.52441,14.2252],[40.76953,14.14448],[40.93857,13.98311],[41.12236,13.73613],[41.36289,13.49981],[41.625,13.31323],[41.76504,13.18394],[41.95215,12.88232],[42.13428,12.77144],[42.37852,12.46641],[42.4794,12.51362],[42.67012,12.37656],[42.76748,12.42285],[42.8833,12.62129],[43.1167,12.70859],[43.08291,12.82461],[42.96953,12.80835],[42.79619,12.86426],[42.73447,13.0186],[42.52285,13.22148],[42.39932,13.2126],[42.34648,13.3981],[42.24512,13.58765],[41.6582,13.98306],[41.47969,14.2439],[41.17647,14.62031],[40.79932,14.74302],[40.63438,14.88301],[40.43652,14.96397],[40.2041,15.01411],[40.08408,15.15195],[40.04102,15.33452],[39.86377,15.47031],[39.7208,15.21367],[39.63125,15.45254],[39.50654,15.53213],[39.42227,15.78667],[39.29893,15.92109],[39.22256,16.1937],[39.14258,16.72915],[39.03447,17.08555],[38.91172,17.42715],[38.60947,18.00508],[38.42246,17.82393],[38.25352,17.58477],[38.02529,17.53779],[37.78242,17.45801],[37.51016,17.28814],[37.41104,17.06172],[37.16953,17.04141],[37.00898,17.05889],[36.97871,16.80059],[36.88779,16.62466],[36.91377,16.29619],[36.81348,15.99395],[36.6792,15.72637],[36.52178,15.25015],[36.42676,15.13208],[36.52432,14.25684]]],[[[40.14121,15.69614],[40.13242,15.79526],[40.04258,15.87549],[39.94521,15.78906],[40.07051,15.67661],[40.09512,15.59092],[40.39902,15.57988],[40.2501,15.70347],[40.14121,15.69614]]]]},"properties":{"ADMIN":"Eritrea","NAME_EN":"Eritrea","ISO_A2_EH":"ER","ISO_A2":"ER","LABEL_X":38.285566,"LABEL_Y":15.787401,"MIN_LABEL":4,"LABELRANK":4,"TINY":-99,"TYPE":"Sovereign country"}},
{"type":"Feature","geometry":{"type":"MultiPolygon","coordinates":[[[[8.73574,3.7583],[8.67588,3.73594],[8.57725,3.48237],[8.46465,3.45059],[8.4749,3.26465],[8.704,3.22363],[8.79219,3.40039],[8.94609,3.62754],[8.91006,3.7582],[8.73574,3.7583]]],[[[11.32871,2.16743],[9.97988,2.16777],[9.87012,2.21328],[9.80078,2.30444],[9.77969,2.06821],[9.80703,1.92749],[9.71885,1.78867],[9.63213,1.56553],[9.49424,1.4353],[9.38594,1.13926],[9.50986,1.1148],[9.59082,1.03198],[9.76055,1.07471],[9.90674,0.96011],[10.02852,1.004],[11.33535,0.99971],[11.32871,2.16743]]]]},"properties":{"ADMIN":"Equatorial Guinea","NAME_EN":"Equatorial Guinea","ISO_A2_EH":"GQ","ISO_A2":"GQ","LABEL_X":8.9902,"LABEL_Y":2.333,"MIN_LABEL":4,"LABELRANK":4,"TINY":-99,"TYPE":"Sovereign country"}},
{"type":"Feature","geometry":{"type":"Polygon","coordinates":[[[-89.3626,14.41602],[-89.54053,14.40991],[-89.54717,14.24126],[-89.67129,14.18272],[-89.74936,14.077],[-89.8727,14.04561],[-90.10474,13.83477],[-90.09521,13.73652],[-89.8042,13.56011],[-89.27764,13.47808],[-88.86704,13.28325],[-88.51201,13.18394],[-88.41714,13.21353],[-88.18066,13.16401],[-87.93086,13.18066],[-87.8207,13.28516],[-87.81421,13.39917],[-87.71533,13.8127],[-87.80225,13.88999],[-87.99102,13.87964],[-88.15102,13.98735],[-88.44912,13.85098],[-88.51255,13.97896],[-88.66562,14.01553],[-88.84595,14.12476],[-89.05713,14.32915],[-89.3626,14.41602]]]},"properties":{"ADMIN":"El Salvador","NAME_EN":"El Salvador","ISO_A2_EH":"SV","ISO_A2":"SV","LABEL_X":-88.890124,"LABEL_Y":13.685371,"MIN_LABEL":5,"LABELRANK":6,"TINY":-99,"TYPE":"Sovereign country"}},
{"type":"Feature","geometry":{"type":"Polygon","coordinates":[[[36.87139,21.99673],[36.82969,22.09766],[36.41455,22.39419],[36.22969,22.62881],[35.91338,22.73965],[35.69785,22.94619],[35.56436,23.27109],[35.52275,23.44253],[35.5044,23.7793],[35.54082,23.92065],[35.63203,23.95034],[35.62471,24.06602],[35.47783,24.15479],[35.19414,24.47515],[34.85322,25.1398],[34.6793,25.44253],[34.56514,25.69116],[34.3293,26.02437],[34.04951,26.55073],[33.95908,26.64902],[33.89307,27.04946],[33.80166,27.26816],[33.69727,27.34111],[33.54981,27.60737],[33.54707,27.89815],[33.20215,28.2083],[32.89824,28.56523],[32.78447,28.78662],[32.63184,28.99224],[32.63809,29.18218],[32.56504,29.38633],[32.39727,29.53379],[32.35977,29.63066],[32.56572,29.97398],[32.64717,29.79844],[32.72148,29.52178],[32.8706,29.28623],[33.07578,29.07305],[33.20371,28.77778],[33.24775,28.56773],[33.41611,28.38984],[33.59414,28.25557],[33.76025,28.04766],[34.04512,27.82886],[34.22012,27.76431],[34.39971,28.01602],[34.44648,28.35732],[34.61719,28.75791],[34.73643,29.27061],[34.9043,29.47734],[34.65859,30.19146],[34.52969,30.44605],[34.48994,30.59629],[34.24531,31.2083],[34.19814,31.32261],[33.90254,31.18096],[33.6665,31.13042],[33.37793,31.13096],[33.19434,31.08452],[33.12988,31.16816],[32.90156,31.11094],[32.60332,31.06875],[32.32354,31.25606],[32.20654,31.11904],[32.10176,31.09282],[32.0085,31.22051],[31.77109,31.29258],[31.87588,31.41372],[31.88897,31.54141],[31.60654,31.45576],[31.52441,31.45825],[31.19395,31.5876],[31.05195,31.59155],[31.00176,31.46279],[30.70049,31.40386],[30.571,31.473],[30.39512,31.45762],[30.22266,31.2584],[29.92979,31.22749],[29.5916,31.01152],[29.27891,30.86694],[29.07207,30.83027],[28.51484,31.05044],[27.96758,31.09741],[27.82998,31.19502],[27.54004,31.2127],[27.24805,31.37788],[26.76865,31.47036],[26.45732,31.51211],[25.89326,31.6209],[25.38223,31.51279],[25.22549,31.53379],[25.15049,31.65498],[24.85273,31.33481],[24.87754,31.06123],[24.97393,30.77656],[24.87754,30.45752],[24.72647,30.25059],[24.71162,30.13154],[24.80371,29.88604],[24.91611,29.37627],[24.98027,29.18189],[24.98027,28.05908],[24.98027,27.16084],[24.98027,26.26255],[24.98027,25.58887],[24.98027,24.69063],[24.98027,24.01694],[24.98027,23.11865],[24.98027,21.99585],[26.12637,21.99565],[27.27246,21.99551],[28.03643,21.99536],[28.80059,21.99526],[29.56455,21.99512],[30.32861,21.99502],[31.26065,22.0023],[31.3585,22.18862],[31.48613,22.1478],[31.43447,21.99585],[32.60606,21.996],[33.91846,21.99624],[34.57461,21.99634],[35.88701,21.99653],[36.87139,21.99673]]]},"properties":{"ADMIN":"Egypt","NAME_EN":"Egypt","ISO_A2_EH":"EG","ISO_A2":"EG","LABEL_X":29.445837,"LABEL_Y":26.186173,"MIN_LABEL":1.7,"LABELRANK":2,"TINY":-99,"TYPE":"Sovereign country"}},
{"type":"Feature","geometry":{"type":"MultiPolygon","coordinates":[[[[-75.28447,-0.10654],[-75.46396,-0.03843],[-75.61733,0.06289],[-75.77666,0.08926],[-75.87978,0.15098],[-76.06792,0.34556],[-76.31103,0.44849],[-76.41338,0.37886],[-76.49463,0.23545],[-76.729,0.27212],[-76.92012,0.26851],[-77.11411,0.35508],[-77.29268,0.3604],[-77.42275,0.42485],[-77.46768,0.63652],[-77.64863,0.72363],[-77.70288,0.83784],[-77.82954,0.82539],[-78.03701,0.89873],[-78.31211,1.04609],[-78.51152,1.19883],[-78.68164,1.28345],[-78.85967,1.45537],[-78.82705,1.29595],[-78.89966,1.20625],[-79.22905,1.10459],[-79.46538,1.06006],[-79.61318,0.97114],[-79.74121,0.97979],[-79.90352,0.86021],[-80.08828,0.78477],[-80.025,0.41016],[-80.04614,0.15537],[-80.1334,-0.00605],[-80.32129,-0.16582],[-80.48227,-0.36826],[-80.45547,-0.58545],[-80.55391,-0.84795],[-80.84141,-0.97471],[-80.90239,-1.07891],[-80.80142,-1.3834],[-80.83501,-1.63242],[-80.76314,-1.82295],[-80.77036,-2.07666],[-80.96279,-2.18926],[-80.83906,-2.34902],[-80.68486,-2.39687],[-80.4501,-2.62598],[-80.28472,-2.70674],[-80.12715,-2.52842],[-79.92559,-2.54854],[-79.82241,-2.35654],[-79.72988,-2.5791],[-79.8227,-2.77695],[-79.92158,-3.09014],[-80.02666,-3.22812],[-80.15986,-3.32432],[-80.32466,-3.38789],[-80.27353,-3.42461],[-80.17925,-3.87773],[-80.30327,-4.00508],[-80.43721,-3.97861],[-80.51001,-4.06953],[-80.45376,-4.20518],[-80.35288,-4.2085],[-80.48848,-4.39365],[-80.3835,-4.46367],[-80.13955,-4.29609],[-79.79727,-4.47637],[-79.63852,-4.45488],[-79.51616,-4.53916],[-79.5019,-4.6706],[-79.33096,-4.92783],[-79.07627,-4.99062],[-78.97539,-4.87324],[-78.86152,-4.66504],[-78.68603,-4.5624],[-78.65293,-4.4582],[-78.67939,-4.32588],[-78.55044,-3.98691],[-78.41977,-3.77685],[-78.34727,-3.43125],[-78.22632,-3.48916],[-78.1833,-3.35019],[-77.93848,-3.04697],[-77.8606,-2.98164],[-77.36006,-2.80967],[-76.6791,-2.5626],[-76.08979,-2.1331],[-75.57056,-1.53125],[-75.42041,-0.96221],[-75.24961,-0.95185],[-75.28359,-0.70713],[-75.26323,-0.55537],[-75.42471,-0.40889],[-75.49106,-0.24834],[-75.47598,-0.15713],[-75.28447,-0.10654]]],[[[-80.13159,-2.97314],[-80.09341,-2.8459],[-79.90903,-2.72559],[-80.08076,-2.66885],[-80.22368,-2.75312],[-80.27295,-2.9959],[-80.13159,-2.97314]]],[[[-90.33486,-0.77158],[-90.19272,-0.65879],[-90.1853,-0.54482],[-90.26938,-0.48467],[-90.46973,-0.51738],[-90.54214,-0.67646],[-90.33486,-0.77158]]],[[[-89.4189,-0.91103],[-89.25937,-0.72842],[-89.42314,-0.72227],[-89.60859,-0.88857],[-89.53662,-0.95234],[-89.4189,-0.91103]]],[[[-91.42598,-0.46084],[-91.39936,-0.32246],[-91.46016,-0.25566],[-91.64668,-0.28447],[-91.64658,-0.39082],[-91.52637,-0.47822],[-91.42598,-0.46084]]],[[[-91.27217,0.02515],[-91.36138,0.12583],[-91.49102,0.10518],[-91.59683,0.0021],[-91.42886,-0.02339],[-91.36919,-0.28721],[-91.24951,-0.37363],[-91.14468,-0.62285],[-91.33408,-0.70625],[-91.4583,-0.79951],[-91.48354,-0.92461],[-91.37153,-1.01699],[-91.13105,-1.01963],[-90.90552,-0.94053],[-90.79966,-0.75205],[-90.95894,-0.59531],[-90.97554,-0.41689],[-91.17622,-0.22305],[-91.21006,-0.03931],[-91.27217,0.02515]]],[[[-90.57393,-0.33398],[-90.66753,-0.18984],[-90.78037,-0.16045],[-90.86777,-0.27139],[-90.80903,-0.32939],[-90.62046,-0.36426],[-90.57393,-0.33398]]]]},"properties":{"ADMIN":"Ecuador","NAME_EN":"Ecuador","ISO_A2_EH":"EC","ISO_A2":"EC","LABEL_X":-78.188375,"LABEL_Y":-1.259076,"MIN_LABEL":3,"LABELRANK":3,"TINY":-99,"TYPE":"Sovereign country"}},
{"type":"Feature","geometry":{"type":"Polygon","coordinates":[[[-71.76831,18.03916],[-71.67373,17.9541],[-71.63174,17.77363],[-71.3957,17.64609],[-71.10601,18.07002],[-71.08223,18.22436],[-71.02783,18.27319],[-70.75884,18.34561],[-70.64468,18.33623],[-70.47993,18.21729],[-70.1831,18.25176],[-70.01831,18.37363],[-69.77065,18.44356],[-69.51943,18.41567],[-69.27451,18.43984],[-69.07227,18.39922],[-68.93496,18.40801],[-68.65884,18.22202],[-68.56377,18.35547],[-68.44482,18.41773],[-68.35928,18.53809],[-68.3814,18.67114],[-68.68477,18.90479],[-68.90137,18.98848],[-69.62363,19.11782],[-69.60596,19.20649],[-69.32275,19.20107],[-69.32495,19.32773],[-69.7394,19.29922],[-69.82344,19.36714],[-69.89121,19.58975],[-69.95684,19.67188],[-70.12944,19.63613],[-70.30474,19.67607],[-70.43643,19.77124],[-70.63618,19.77564],[-70.83389,19.88726],[-70.95415,19.91397],[-71.23594,19.84814],[-71.55776,19.89536],[-71.66738,19.84863],[-71.77925,19.71816],[-71.70693,19.42197],[-71.74648,19.28584],[-71.65703,19.13076],[-71.80713,18.98701],[-71.73364,18.8564],[-71.74321,18.73291],[-71.8665,18.61416],[-72.00039,18.5979],[-71.87256,18.41621],[-71.76191,18.34131],[-71.76831,18.03916]]]},"properties":{"ADMIN":"Dominican Republic","NAME_EN":"Dominican Republic","ISO_A2_EH":"DO","ISO_A2":"DO","LABEL_X":-70.653998,"LABEL_Y":19.104137,"MIN_LABEL":4.5,"LABELRANK":5,"TINY":-99,"TYPE":"Sovereign country"}},
{"type":"Feature","geometry":{"type":"Polygon","coordinates":[[[-61.28169,15.24902],[-61.25107,15.37315],[-61.32002,15.58506],[-61.4581,15.63311],[-61.48115,15.52515],[-61.37539,15.2273],[-61.28169,15.24902]]]},"properties":{"ADMIN":"Dominica","NAME_EN":"Dominica","ISO_A2_EH":"DM","ISO_A2":"DM","LABEL_X":-61.344958,"LABEL_Y":15.458829,"MIN_LABEL":4,"LABELRANK":6,"TINY":4,"TYPE":"Sovereign country"}},
{"type":"Feature","geometry":{"type":"Polygon","coordinates":[[[43.246,11.49981],[43.16172,11.56602],[42.91152,11.58662],[42.65273,11.50957],[42.64004,11.56011],[42.79902,11.7394],[43.04805,11.82905],[43.27207,11.96953],[43.38027,12.09126],[43.40977,12.18994],[43.29863,12.46387],[43.1167,12.70859],[42.8833,12.62129],[42.76748,12.42285],[42.67012,12.37656],[42.4794,12.51362],[42.37852,12.46641],[41.9959,11.91235],[41.81562,11.72378],[41.7665,11.58911],[41.76465,11.41289],[41.79824,10.98047],[41.95742,10.94102],[42.30811,11.00523],[42.55772,11.08076],[42.78301,11.00928],[42.92275,10.99932],[43.246,11.49981]]]},"properties":{"ADMIN":"Djibouti","NAME_EN":"Djibouti","ISO_A2_EH":"DJ","ISO_A2":"DJ","LABEL_X":42.498825,"LABEL_Y":11.976343,"MIN_LABEL":4,"LABELRANK":5,"TINY":-99,"TYPE":"Sovereign country"}},
{"type":"Feature","geometry":{"type":"MultiPolygon","coordinates":[[[[-29.95288,83.56484],[-32.98442,83.59961],[-33.83735,83.52998],[-34.66777,83.57114],[-37.82803,83.48555],[-38.7478,83.33257],[-37.93477,83.16074],[-38.9311,83.17534],[-40.35684,83.33218],[-41.30015,83.10078],[-42.25952,83.23198],[-43.19458,83.25513],[-44.65693,83.12905],[-45.4146,83.01768],[-46.16904,83.06387],[-46.47817,82.9519],[-46.13682,82.85884],[-44.76196,82.88355],[-41.43442,82.77861],[-41.87647,82.68032],[-42.65073,82.74146],[-45.06743,82.78496],[-45.55244,82.72524],[-44.57725,82.54263],[-44.23887,82.36816],[-44.63711,82.10444],[-44.53242,81.84893],[-45.29106,81.82881],[-46.61733,82.09697],[-47.35742,82.17363],[-48.86118,82.40542],[-50.03711,82.47241],[-50.98994,82.46016],[-50.71313,82.23735],[-49.69429,81.97212],[-49.86704,81.89302],[-50.89443,81.89521],[-52.77559,82.32173],[-53.11074,82.25122],[-52.92554,82.03838],[-53.58203,82.06157],[-53.9873,82.27925],[-54.72588,82.35137],[-55.54868,82.24575],[-56.58935,82.22715],[-58.71738,82.09307],[-59.26182,82.00664],[-57.85303,81.66201],[-58.42978,81.69004],[-59.28193,81.88403],[-60.43237,81.92017],[-61.20293,81.74688],[-61.1,81.39609],[-61.43599,81.13359],[-62.99326,81.20698],[-63.4417,81.01387],[-63.89155,81.05645],[-64.51553,81],[-65.64521,80.68506],[-66.37231,80.58418],[-66.9959,80.41299],[-67.14131,80.16646],[-66.84365,80.07622],[-65.81045,80.02407],[-65.39492,80.07773],[-64.79229,80.00064],[-65.11694,79.58901],[-65.41987,79.34023],[-65.96787,79.13237],[-67.48223,79.1169],[-69.03052,78.94287],[-68.99346,78.85742],[-69.97353,78.77769],[-70.90576,78.63848],[-71.65132,78.62314],[-72.3956,78.50435],[-72.71479,78.36231],[-72.81807,78.19434],[-72.06494,77.93682],[-71.6499,77.89981],[-70.12637,77.63779],[-69.97676,77.54766],[-69.35137,77.46714],[-68.97456,77.49263],[-68.62153,77.60186],[-67.97734,77.5189],[-67.51465,77.54292],[-66.69121,77.6812],[-66.30644,77.5645],[-66.45308,77.39307],[-66.93799,77.36421],[-68.13555,77.37959],[-68.5916,77.34253],[-68.97832,77.19531],[-69.65654,77.229],[-70.86284,77.17544],[-71.15488,77.07388],[-70.79282,76.86909],[-70.44131,76.80737],[-69.88809,76.82705],[-69.25205,76.68613],[-68.22339,76.67769],[-68.24541,76.61675],[-68.86499,76.56138],[-69.39966,76.43628],[-69.3729,76.33189],[-68.14873,76.06704],[-66.82617,75.9688],[-67.05478,76.15186],[-66.46577,76.13916],[-65.95405,76.2417],[-65.45679,76.12983],[-64.91196,76.17251],[-64.3873,76.304],[-63.84307,76.21714],[-63.43887,76.33945],[-62.82344,76.26152],[-62.09668,76.24233],[-61.18823,76.15786],[-59.44531,75.85859],[-59.08159,75.7647],[-58.51621,75.68906],[-58.24966,75.50669],[-58.60347,75.3853],[-58.25332,75.27896],[-57.81318,75.03999],[-57.19087,74.89375],[-56.80132,74.67168],[-56.25547,74.52681],[-56.65601,74.45757],[-56.70635,74.21919],[-56.29849,74.16343],[-55.92949,73.89541],[-56.10405,73.55815],[-55.73887,73.38398],[-55.4457,73.4605],[-55.29717,73.26231],[-55.69277,73.11284],[-55.66855,73.00791],[-55.28892,72.9332],[-55.0731,73.01514],[-54.73794,72.87251],[-54.79038,72.6416],[-55.12187,72.49961],[-55.60171,72.45347],[-55.65947,72.22261],[-55.32012,72.19956],[-55.31558,72.11069],[-55.54922,71.76826],[-55.66934,71.6915],[-55.59404,71.55352],[-55.33643,71.42676],[-54.68906,71.36724],[-54.31772,71.38447],[-53.96299,71.45898],[-54.01992,71.65786],[-53.77969,71.67852],[-53.47759,71.84995],[-53.13887,71.7752],[-53.47602,71.64019],[-53.16753,71.53594],[-52.6563,71.67227],[-51.96728,71.59912],[-52.74941,71.50151],[-53.11704,71.31289],[-53.00757,71.17998],[-52.53457,71.20044],[-52.06138,71.12163],[-51.37666,71.11904],[-51.13008,70.97173],[-51.25659,70.85269],[-51.32285,70.58877],[-50.93267,70.45386],[-50.94687,70.36362],[-51.52446,70.43945],[-52.40522,70.68677],[-53.09131,70.76939],[-53.51309,70.7666],[-54.16582,70.82012],[-54.50117,70.65689],[-54.01445,70.42168],[-53.02305,70.3019],[-52.25464,70.05894],[-51.41885,69.98921],[-51.10571,70.05742],[-50.5,69.93579],[-50.34946,69.79624],[-50.72026,69.72534],[-50.89224,69.41177],[-51.07695,69.20947],[-50.53662,69.24785],[-50.39268,69.1374],[-51.08486,69.12827],[-51.24941,68.73994],[-50.80063,68.79126],[-51.1333,68.59844],[-51.78066,68.54819],[-52.30278,68.70112],[-52.60459,68.70874],[-53.03945,68.61089],[-53.38315,68.29736],[-52.78003,68.30986],[-52.69839,68.26152],[-52.19853,68.2208],[-51.63242,68.27305],[-51.4561,68.39351],[-51.20727,68.32554],[-51.59687,68.05479],[-52.0585,68.07549],[-52.43608,68.14565],[-53.15156,68.20776],[-53.35293,67.97051],[-53.57798,67.83682],[-53.7352,67.54902],[-53.4188,67.57456],[-52.97959,67.75776],[-52.34482,67.83691],[-51.76523,67.73784],[-50.96885,67.80664],[-51.17104,67.6936],[-50.64014,67.55884],[-50.70537,67.50889],[-51.18144,67.63652],[-51.90908,67.66372],[-52.38359,67.75234],[-52.66645,67.74971],[-53.79858,67.41816],[-53.88442,67.13555],[-53.68716,66.98648],[-53.4436,66.92466],[-52.56011,66.90908],[-52.60312,66.85273],[-53.03828,66.82681],[-53.41875,66.64854],[-53.63472,66.41367],[-53.6147,66.15449],[-53.15605,66.17773],[-52.92192,66.24111],[-51.82305,66.69785],[-52.0561,66.50732],[-53.01787,66.1709],[-53.35693,66.07329],[-53.10635,65.97715],[-53.23374,65.77085],[-53.19897,65.59404],[-52.76094,65.59082],[-52.55127,65.46138],[-52.44761,65.20513],[-52.25903,65.15493],[-52.08887,64.68154],[-52.09341,64.41592],[-51.99868,64.25679],[-51.7581,64.27993],[-51.40093,64.6231],[-50.98906,64.66484],[-50.64814,64.85332],[-50.49209,64.69316],[-50.84922,64.64468],[-50.83491,64.55898],[-51.23154,64.5606],[-51.70786,64.20508],[-51.58491,64.10317],[-51.07231,64.15903],[-50.89756,64.10557],[-51.54751,64.0061],[-51.45107,63.90479],[-51.53818,63.75801],[-51.46885,63.64229],[-51.1876,63.43643],[-50.74351,63.05127],[-50.33833,62.82876],[-50.25933,62.57808],[-50.31924,62.47319],[-50.07021,62.3645],[-49.55347,62.23272],[-49.66772,62.15088],[-49.62378,61.99858],[-49.34853,62.01021],[-49.20229,62.09932],[-49.03965,62.03936],[-49.38027,61.89019],[-49.26523,61.71006],[-49.28906,61.58994],[-49.04922,61.52388],[-48.92207,61.27744],[-48.49482,61.22471],[-48.37812,61.13848],[-48.38643,61.00474],[-47.85879,61.01567],[-47.90596,60.94575],[-48.20518,60.85591],[-48.01396,60.72197],[-47.72993,60.72949],[-47.79624,60.82886],[-47.46465,60.84263],[-47.22441,60.78286],[-46.87446,60.81641],[-46.58242,60.96206],[-46.01172,61.09683],[-46.01865,60.97178],[-46.14194,60.77651],[-46.04663,60.61572],[-45.59028,60.51885],[-45.36777,60.37295],[-45.37925,60.20293],[-44.81221,60.0499],[-44.53315,60.02949],[-44.34834,60.20479],[-44.23135,60.18027],[-44.45347,60.01455],[-44.38359,59.89907],[-44.06548,59.92481],[-43.90654,59.81548],[-43.65791,59.85864],[-43.61689,59.93691],[-43.32012,59.92813],[-43.1229,60.06123],[-43.15649,60.33286],[-43.29565,60.44497],[-43.83115,60.52197],[-43.59834,60.57603],[-43.34834,60.51978],[-43.04409,60.52368],[-42.71704,60.76748],[-42.646,61.06411],[-42.41875,61.53701],[-42.24971,61.77139],[-42.1102,61.85723],[-42.14307,62.01353],[-42.32148,62.15273],[-42.15298,62.56846],[-42.46714,62.59819],[-42.42373,62.72315],[-42.05825,62.69399],[-41.90898,62.73711],[-41.63447,62.97246],[-41.38789,63.06187],[-41.10771,63.27378],[-41.04873,63.51382],[-40.77519,63.53364],[-40.77153,63.62617],[-40.55039,63.72524],[-40.65234,63.92773],[-40.61777,64.13174],[-41.03057,64.12104],[-41.58101,64.29834],[-41.17773,64.28145],[-40.78174,64.22178],[-40.69853,64.32974],[-40.47764,64.34443],[-40.18223,64.47993],[-40.43271,64.67319],[-40.65547,64.91533],[-40.96602,64.86885],[-41.08442,65.10083],[-40.66758,65.10874],[-40.25312,65.04888],[-40.02803,65.10254],[-39.57793,65.34077],[-40.19155,65.52251],[-39.96094,65.5562],[-38.63672,65.62437],[-38.20337,65.71172],[-38.21636,65.83833],[-37.96943,66.14111],[-37.75234,66.26152],[-37.81392,66.3855],[-37.27871,66.3044],[-37.78784,65.97798],[-37.79736,65.85679],[-38.00127,65.70962],[-37.7542,65.59307],[-37.41006,65.65635],[-37.06279,65.87144],[-36.93242,65.78257],[-36.3792,65.83081],[-35.63008,66.13994],[-35.75552,66.32354],[-35.18857,66.25029],[-34.63281,66.43477],[-34.42285,66.63018],[-34.10166,66.72593],[-33.52798,67.25815],[-33.51758,67.3542],[-33.15698,67.62671],[-32.2748,67.92285],[-32.15596,68.06318],[-32.36685,68.21304],[-32.13726,68.38491],[-31.41948,68.12847],[-30.97856,68.06133],[-30.61074,68.11792],[-29.86851,68.31157],[-29.24951,68.29878],[-28.12646,68.479],[-27.85122,68.49351],[-26.81533,68.65435],[-26.34141,68.70215],[-25.698,68.88989],[-25.54404,69.0457],[-25.09243,69.16519],[-25.18857,69.26055],[-24.74058,69.31841],[-23.70898,69.62725],[-23.55254,69.74053],[-23.01455,69.80483],[-23.08823,69.88296],[-22.43511,69.98574],[-22.28447,70.12583],[-23.17324,70.1146],[-24.04102,70.1812],[-24.74883,70.29507],[-25.52988,70.35317],[-26.15571,70.24561],[-26.75215,70.24219],[-27.02773,70.20122],[-27.38418,69.9916],[-27.56084,70.12446],[-27.07251,70.2812],[-26.57681,70.35708],[-26.74727,70.47554],[-27.59609,70.40669],[-28.01504,70.40225],[-28.54092,70.4769],[-28.53008,70.54756],[-28.14565,70.65566],[-27.99219,70.89521],[-27.68877,70.99346],[-27.33569,70.95278],[-26.71792,70.95049],[-26.15752,71.05029],[-25.74224,71.18359],[-25.69941,71.36831],[-25.84272,71.48018],[-26.73721,71.50078],[-26.68852,71.58335],[-26.21143,71.58994],[-25.65586,71.53003],[-25.25498,71.3957],[-24.78101,71.28608],[-24.377,71.14639],[-24.13037,70.79106],[-23.7918,70.55518],[-23.32783,70.45098],[-21.94351,70.44346],[-21.52266,70.52622],[-21.67451,70.8563],[-21.67119,71.20596],[-21.75225,71.47832],[-21.96143,71.5082],[-22.29902,71.43232],[-22.50322,71.50044],[-22.01333,71.68882],[-22.37021,71.76982],[-22.49687,71.91382],[-22.86851,71.97065],[-24.41719,72.34824],[-24.66685,72.43735],[-24.65,72.58252],[-24.77104,72.86865],[-25.68799,72.79736],[-26.39209,72.6728],[-26.65762,72.71582],[-25.25586,72.92412],[-25.17056,72.98027],[-24.62998,73.03765],[-24.35859,72.6873],[-24.06904,72.49873],[-23.67436,72.39258],[-23.20801,72.32656],[-22.29321,72.11953],[-22.28022,72.34478],[-22.0748,72.39922],[-22.00674,72.63545],[-22.03633,72.91846],[-22.85229,73.08398],[-23.89897,73.39829],[-24.58721,73.42295],[-25.26831,73.36196],[-25.39902,73.27578],[-26.75322,73.12109],[-26.40674,73.31294],[-26.0623,73.25303],[-25.66543,73.29282],[-25.4501,73.39067],[-24.79126,73.51128],[-24.15771,73.76445],[-23.7606,73.54312],[-22.9875,73.34624],[-22.18506,73.26987],[-21.548,73.43169],[-20.50967,73.49287],[-20.36728,73.84824],[-21.29829,73.96245],[-21.98769,73.971],[-22.33525,74.06343],[-22.22002,74.16553],[-22.32158,74.30254],[-21.58057,74.16348],[-21.12944,74.11089],[-20.23057,74.20464],[-20.25644,74.28281],[-19.36914,74.28403],[-19.2251,74.47949],[-19.53779,74.62456],[-19.98491,74.9752],[-20.41709,74.9752],[-20.61113,74.72822],[-20.98579,75.07437],[-20.48496,75.31426],[-20.19868,75.30796],[-19.79849,75.15747],[-19.42598,75.22983],[-19.36645,75.38643],[-19.50898,75.75752],[-19.95771,75.99668],[-19.86289,76.12065],[-20.10361,76.21909],[-20.8874,76.304],[-21.56909,76.2937],[-21.87734,76.57349],[-22.60664,76.68076],[-22.18525,76.79409],[-21.6147,76.68789],[-20.94209,76.88701],[-20.06435,76.92759],[-18.5103,76.77817],[-18.33726,76.92119],[-18.33901,77.21528],[-18.58589,77.28306],[-19.30029,77.22236],[-20.23193,77.36841],[-20.68081,77.61899],[-20.16206,77.68984],[-19.52412,77.57197],[-19.49043,77.7189],[-20.3186,77.86196],[-20.8626,77.91187],[-21.37969,77.69756],[-21.74756,77.79063],[-21.39727,78.07358],[-21.19477,78.37983],[-20.95566,78.55503],[-21.13374,78.65864],[-20.61558,78.80391],[-20.05049,78.8418],[-19.72305,79.06504],[-19.07495,79.15234],[-19.1522,79.32539],[-19.41401,79.34883],[-19.28359,79.68315],[-19.3915,79.75034],[-20.13848,79.80337],[-20.15015,80.01123],[-19.4292,80.25772],[-18.07095,80.17207],[-16.86841,80.19824],[-15.93262,80.39512],[-16.7606,80.57339],[-16.31894,80.64981],[-15.54268,80.65039],[-14.50356,80.76328],[-14.22856,80.87046],[-14.49014,80.97329],[-13.45117,81.03809],[-11.52881,81.42402],[-11.42554,81.48062],[-12.19287,81.64912],[-13.70449,81.78906],[-15.55552,81.83359],[-16.35898,81.72905],[-17.22622,81.43042],[-20.01572,81.56436],[-20.75586,81.31201],[-21.93135,81.0502],[-23.07246,80.92671],[-21.72363,81.34824],[-21.14658,81.69517],[-21.13032,81.93423],[-21.33799,82.0687],[-23.10371,82.01182],[-23.63652,81.74185],[-24.29307,81.70098],[-24.58916,81.88281],[-25.14883,82.00112],[-27.8395,82.04888],[-29.54385,81.93994],[-29.8874,82.05483],[-29.57939,82.16118],[-23.86221,82.28706],[-22.47256,82.38472],[-21.52065,82.59541],[-21.6918,82.68252],[-22.5249,82.78916],[-23.91953,82.88511],[-24.47031,82.87739],[-25.12339,83.15962],[-27.00205,83.06719],[-30.38603,83.0937],[-31.51558,82.99165],[-31.99268,83.08535],[-30.09199,83.15742],[-26.18271,83.22139],[-25.94741,83.28965],[-27.03442,83.3769],[-28.48379,83.43491],[-29.95288,83.56484]]],[[[-52.73115,69.94473],[-53.10293,70.14087],[-53.37515,70.22129],[-54.37163,70.31729],[-54.70596,70.25615],[-54.83047,70.16108],[-54.6646,69.96567],[-54.84126,69.9019],[-54.91914,69.71362],[-54.8041,69.63052],[-53.78306,69.5063],[-54.05117,69.33716],[-53.57842,69.25664],[-52.77046,69.36392],[-52.1126,69.48911],[-51.90019,69.60479],[-52.04531,69.80723],[-52.73115,69.94473]]],[[[-51.01367,69.55249],[-50.91172,69.75669],[-50.679,69.84854],[-50.94023,69.90869],[-51.35029,69.85479],[-51.23398,69.55186],[-51.01367,69.55249]]],[[[-53.5352,71.04082],[-53.44141,71.18584],[-53.70098,71.28301],[-53.94746,71.15552],[-53.5352,71.04082]]],[[[-55.01689,72.79111],[-55.99355,72.78228],[-56.21479,72.71919],[-55.52363,72.56841],[-55.01689,72.79111]]],[[[-71.66733,77.32529],[-71.43345,77.39439],[-72.08906,77.46709],[-72.49492,77.38555],[-71.66733,77.32529]]],[[[-44.86455,82.08364],[-44.7499,82.40112],[-45.41138,82.57754],[-46.39917,82.69214],[-47.27227,82.65693],[-47.30752,82.5334],[-46.7519,82.34819],[-44.86455,82.08364]]],[[[-25.43232,70.92134],[-25.8189,71.04365],[-26.33745,70.91924],[-26.97559,70.8627],[-27.70894,70.89712],[-27.71421,70.71279],[-28.03682,70.51435],[-27.898,70.454],[-27.10478,70.53149],[-26.60469,70.55337],[-26.21787,70.45405],[-25.91133,70.57305],[-25.40225,70.65269],[-25.43232,70.92134]]],[[[-17.6125,79.82588],[-17.47139,80.02871],[-17.98291,80.05518],[-18.99717,79.94048],[-19.03242,79.77295],[-18.03584,79.71123],[-17.6125,79.82588]]],[[[-18.99717,77.97378],[-18.88247,78.11489],[-18.9354,78.42358],[-19.3147,78.34419],[-19.29702,78.18545],[-18.99717,77.97378]]],[[[-18.58262,76.04233],[-18.73262,76.64204],[-19.05889,76.69497],[-19.08535,76.43037],[-18.58262,76.04233]]],[[[-18.00054,75.40732],[-18.45034,75.32798],[-18.85606,75.31914],[-18.89131,75.07217],[-18.6708,75.00166],[-17.58603,74.99277],[-17.49785,75.15151],[-17.88589,75.20444],[-18.00054,75.40732]]],[[[-37.03125,65.53198],[-36.95308,65.66333],[-37.2229,65.69546],[-37.18682,65.53135],[-37.03125,65.53198]]],[[[-46.2667,60.7814],[-46.20522,60.94351],[-46.78999,60.77983],[-46.38154,60.6603],[-46.2667,60.7814]]],[[[-51.67515,70.85523],[-51.96982,70.97647],[-52.11938,70.87065],[-51.67515,70.85523]]]]},"properties":{"ADMIN":"Greenland","NAME_EN":"Greenland","ISO_A2_EH":"GL","ISO_A2":"GL","LABEL_X":-39.335251,"LABEL_Y":74.319387,"MIN_LABEL":1.7,"LABELRANK":3,"TINY":-99,"TYPE":"Country"}},
{"type":"Feature","geometry":{"type":"Polygon","coordinates":[[[-6.63105,62.22788],[-6.95864,62.31626],[-7.17217,62.2856],[-7.01357,62.09399],[-6.65581,62.0936],[-6.63105,62.22788]]]},"properties":{"ADMIN":"Faroe Islands","NAME_EN":"Faroe Islands","ISO_A2_EH":"FO","ISO_A2":"FO","LABEL_X":-7.058429,"LABEL_Y":62.185604,"MIN_LABEL":4,"LABELRANK":6,"TINY":3,"TYPE":"Dependency"}},
{"type":"Feature","geometry":{"type":"MultiPolygon","coordinates":[[[[12.56875,55.78506],[12.52481,55.91846],[12.57871,56.06406],[12.21895,56.11865],[11.86641,55.96816],[11.93457,55.8959],[11.81973,55.69766],[11.69092,55.729],[11.6959,55.90791],[11.47471,55.94346],[11.32227,55.75254],[10.97891,55.72153],[11.18975,55.46563],[11.1707,55.32861],[11.28633,55.20444],[11.65381,55.18691],[11.74092,54.91533],[11.86231,54.77261],[12.05039,54.81533],[12.08994,55.18814],[12.41309,55.28618],[12.38516,55.38565],[12.21504,55.4665],[12.32061,55.58784],[12.57119,55.68496],[12.56875,55.78506]]],[[[9.73975,54.82554],[9.64541,55.0228],[9.45371,55.03955],[9.671,55.26641],[9.59111,55.49321],[9.89902,55.70757],[10.18301,55.86519],[10.31875,56.21289],[10.53897,56.20034],[10.85645,56.29551],[10.92617,56.44326],[10.8459,56.52173],[10.49023,56.52051],[10.28272,56.62051],[10.29609,56.99912],[10.52412,57.24321],[10.53711,57.44854],[10.44463,57.56221],[10.25908,57.61704],[9.96231,57.58096],[9.5543,57.23247],[9.29883,57.14653],[8.95225,57.15059],[8.61856,57.11128],[8.28408,56.85234],[8.26826,56.754],[8.46836,56.66455],[8.77197,56.72529],[8.99277,57.01611],[9.25488,57.01172],[9.19639,56.70166],[9.06709,56.79385],[8.55293,56.5603],[8.16396,56.60689],[8.12148,56.13989],[8.20234,55.98237],[8.13213,55.59981],[8.61592,55.41821],[8.66982,55.15566],[8.67031,54.90342],[8.90293,54.89692],[9.34199,54.8063],[9.61582,54.85542],[9.73975,54.82554]]],[[[10.64512,55.60981],[10.50508,55.55806],[10.28613,55.61084],[9.86065,55.51548],[9.85898,55.35723],[9.98877,55.16318],[10.44277,55.04878],[10.62383,55.05244],[10.78525,55.1334],[10.81924,55.32188],[10.64512,55.60981]]],[[[11.36143,54.89165],[11.2585,54.95181],[11.05859,54.94058],[11.03555,54.7731],[11.45742,54.62886],[11.76592,54.67944],[11.73955,54.80742],[11.36143,54.89165]]],[[[10.06123,54.88638],[9.99883,54.98648],[9.77119,55.05991],[9.80625,54.90601],[10.06123,54.88638]]],[[[15.0877,55.02188],[15.13262,55.14453],[14.76533,55.29673],[14.68418,55.10225],[14.88555,55.03296],[15.0877,55.02188]]]]},"properties":{"ADMIN":"Denmark","NAME_EN":"Denmark","ISO_A2_EH":"DK","ISO_A2":"DK","LABEL_X":9.018163,"LABEL_Y":55.966965,"MIN_LABEL":3,"LABELRANK":4,"TINY":-99,"TYPE":"Country"}},
{"type":"Feature","geometry":{"type":"Polygon","coordinates":[[[18.83223,49.51079],[18.80693,49.61372],[18.59463,49.75781],[18.5624,49.87935],[18.30527,49.91406],[18.02832,50.03525],[17.8748,49.97227],[17.58936,50.15747],[17.72012,50.29863],[17.41523,50.25479],[17.15195,50.37832],[16.86914,50.4145],[16.99336,50.25972],[16.6791,50.09746],[16.21035,50.42373],[16.41973,50.57363],[16.28223,50.65562],[16.00723,50.61162],[15.73057,50.7397],[15.3544,50.81177],[15.25859,50.95855],[14.99375,51.01436],[14.98291,50.88657],[14.80938,50.85898],[14.72334,50.8147],[14.50732,51.00986],[14.31973,51.03779],[14.36904,50.89873],[13.89854,50.76128],[13.52656,50.69282],[13.47256,50.61694],[13.2377,50.57676],[13.01641,50.49038],[12.9668,50.41621],[12.76543,50.43096],[12.45264,50.34981],[12.27734,50.18145],[12.27647,50.04233],[12.45762,49.95552],[12.49756,49.85308],[12.39053,49.73965],[12.63203,49.46123],[12.81338,49.32935],[12.9167,49.33047],[13.14053,49.15835],[13.54766,48.95967],[13.81475,48.76694],[13.98877,48.69243],[14.04912,48.60249],[14.36758,48.57622],[14.48867,48.62554],[14.69131,48.59922],[14.82188,48.77402],[14.92256,48.77139],[14.97217,48.98394],[15.31094,48.97402],[15.70078,48.86045],[15.8252,48.86445],[16.05723,48.75479],[16.36729,48.73897],[16.47793,48.8001],[16.88369,48.70371],[16.95313,48.59883],[17.06328,48.78076],[17.18848,48.86094],[17.48262,48.82778],[17.7585,48.88814],[18.08594,49.06514],[18.16094,49.25737],[18.36484,49.33623],[18.59648,49.49146],[18.83223,49.51079]]]},"properties":{"ADMIN":"Czechia","NAME_EN":"Czech Republic","ISO_A2_EH":"CZ","ISO_A2":"CZ","LABEL_X":15.377555,"LABEL_Y":49.882364,"MIN_LABEL":4,"LABELRANK":5,"TINY":-99,"TYPE":"Sovereign country"}},
{"type":"Feature","geometry":{"type":"Polygon","coordinates":[[[34.00449,35.06523],[33.90791,35.20239],[33.94199,35.29204],[34.46318,35.59351],[34.41113,35.6293],[34.06348,35.47398],[33.60762,35.35415],[33.45879,35.33589],[32.9416,35.39043],[32.87988,35.18057],[32.71269,35.17105],[32.91953,35.08784],[33.19102,35.17315],[33.38379,35.1627],[33.52568,35.03867],[33.67539,35.01787],[33.86641,35.0936],[34.00449,35.06523]]]},"properties":{"ADMIN":"Northern Cyprus","NAME_EN":"Turkish Republic of Northern Cyprus","ISO_A2_EH":"-99","ISO_A2":"-99","LABEL_X":33.692434,"LABEL_Y":35.216071,"MIN_LABEL":6,"LABELRANK":6,"TINY":-99,"TYPE":"Sovereign country"}},
{"type":"Feature","geometry":{"type":"Polygon","coordinates":[[[32.71269,35.17105],[32.55596,35.15576],[32.39092,35.04981],[32.31719,34.95332],[32.44902,34.72944],[32.69297,34.64937],[32.86719,34.66113],[32.9418,34.57588],[33.11553,34.69556],[33.29658,34.71773],[33.51445,34.80644],[33.69941,34.96987],[34.0502,34.98838],[34.00449,35.06523],[33.86641,35.0936],[33.67539,35.01787],[33.52568,35.03867],[33.38379,35.1627],[33.19102,35.17315],[32.91953,35.08784],[32.71269,35.17105]]]},"properties":{"ADMIN":"Cyprus","NAME_EN":"Cyprus","ISO_A2_EH":"CY","ISO_A2":"CY","LABEL_X":33.084182,"LABEL_Y":34.913329,"MIN_LABEL":4.5,"LABELRANK":5,"TINY":-99,"TYPE":"Sovereign country"}},
{"type":"Feature","geometry":{"type":"MultiPolygon","coordinates":[[[[-81.83745,23.16304],[-82.10137,23.19043],[-82.35054,23.15396],[-82.66582,23.04356],[-83.25781,22.96758],[-84.04492,22.66602],[-84.28135,22.47422],[-84.36128,22.37891],[-84.38301,22.25557],[-84.32637,22.07432],[-84.53276,22.03115],[-84.87725,21.89414],[-84.83823,21.82793],[-84.68267,21.89907],[-84.50137,21.93027],[-84.44883,21.79165],[-84.24067,21.89834],[-84.03096,21.94312],[-83.90073,22.17012],[-83.48594,22.18711],[-83.37964,22.223],[-83.14375,22.38648],[-83.00942,22.51401],[-82.73804,22.68926],[-81.90342,22.679],[-81.74565,22.63291],[-81.68325,22.53481],[-81.75708,22.46675],[-82.07773,22.3877],[-81.81621,22.2002],[-81.44111,22.18379],[-81.35527,22.1041],[-81.22241,22.14292],[-80.96191,22.05288],[-80.49907,22.06353],[-80.23135,21.87217],[-79.9103,21.74258],[-79.27441,21.56265],[-79.18921,21.55283],[-78.82295,21.61895],[-78.63647,21.51553],[-78.53726,21.29683],[-78.49077,21.05371],[-78.11636,20.76187],[-77.99731,20.71538],[-77.46704,20.6895],[-77.22959,20.64375],[-77.10791,20.49165],[-77.10381,20.40752],[-77.21338,20.30039],[-77.55376,20.08213],[-77.71509,19.85547],[-77.46318,19.86138],[-77.21196,19.89375],[-76.99946,19.89282],[-76.77974,19.94019],[-76.15845,19.98975],[-75.76514,19.9604],[-75.55195,19.89111],[-75.29048,19.89312],[-75.17729,19.95938],[-75.11641,19.90142],[-74.85005,20.0023],[-74.63477,20.05815],[-74.25283,20.07969],[-74.15371,20.16856],[-74.16748,20.29219],[-74.38438,20.33047],[-74.51314,20.38457],[-74.73208,20.57319],[-74.88257,20.65064],[-75.21328,20.71387],[-75.33813,20.70161],[-75.64277,20.7335],[-75.74023,20.81196],[-75.5958,20.99468],[-75.72295,21.11104],[-76.07363,21.13345],[-76.25923,21.22739],[-76.64741,21.28452],[-77.09863,21.58901],[-77.18125,21.59766],[-77.49727,21.87163],[-77.54512,21.77461],[-77.86504,21.90059],[-78.14311,22.10942],[-78.68647,22.36685],[-78.9019,22.396],[-79.27568,22.40762],[-79.54922,22.57778],[-79.67666,22.74307],[-80.07524,22.94233],[-80.36489,22.94341],[-80.55049,23.0166],[-80.65015,23.10308],[-81.00767,23.08984],[-81.17861,23.05967],[-81.27163,23.12861],[-81.57544,23.1165],[-81.83745,23.16304]]],[[[-78.63013,22.55225],[-78.54766,22.46401],[-78.38994,22.44512],[-78.35122,22.53862],[-78.63013,22.55225]]],[[[-82.56177,21.57168],[-82.62939,21.7669],[-82.71455,21.89028],[-82.99121,21.94273],[-83.08252,21.79141],[-82.97358,21.59229],[-83.06728,21.46939],[-82.85317,21.4439],[-82.56177,21.57168]]]]},"properties":{"ADMIN":"Cuba","NAME_EN":"Cuba","ISO_A2_EH":"CU","ISO_A2":"CU","LABEL_X":-77.975855,"LABEL_Y":21.334024,"MIN_LABEL":2.7,"LABELRANK":3,"TINY":-99,"TYPE":"Sovereignty"}},
{"type":"Feature","geometry":{"type":"MultiPolygon","coordinates":[[[[13.57793,45.5169],[13.51719,45.48179],[13.6293,45.1082],[13.86074,44.8374],[13.96582,44.83565],[14.23633,45.15967],[14.26856,45.28252],[14.38613,45.34214],[14.55049,45.29771],[14.85459,45.08101],[14.90654,44.97139],[14.89522,44.70659],[14.98135,44.60293],[15.26982,44.3835],[15.12295,44.25679],[15.18584,44.17212],[15.49941,43.90879],[15.9415,43.65664],[15.98555,43.51978],[16.13106,43.5063],[16.39394,43.54336],[16.60029,43.46406],[16.90313,43.39243],[17.12939,43.21113],[17.32988,43.11489],[17.58516,42.93838],[17.6248,43.04277],[17.29307,43.30562],[17.27383,43.44575],[17.08457,43.51655],[16.71348,43.77881],[16.59053,43.91318],[16.37754,44.05962],[16.21426,44.21514],[16.13027,44.47373],[15.73662,44.76582],[15.78809,45.17896],[16.02832,45.1896],[16.29336,45.00884],[16.53066,45.2167],[16.79082,45.19688],[16.91865,45.27656],[17.12539,45.17178],[17.54629,45.12256],[17.69014,45.1584],[17.81279,45.07813],[17.99629,45.1418],[18.28496,45.13428],[18.6626,45.07744],[18.83643,44.88325],[19.00713,44.86919],[19.1,44.97378],[19.06289,45.13721],[19.38809,45.173],[19.33027,45.26807],[19.00469,45.39951],[19.05508,45.52725],[18.83906,45.83574],[18.90537,45.93174],[18.66602,45.90747],[18.4373,45.76733],[17.96387,45.77026],[17.70644,45.82725],[17.60703,45.91377],[17.31065,45.99614],[17.14961,46.14033],[16.93994,46.25366],[16.74805,46.41641],[16.51621,46.4999],[16.32119,46.53462],[16.22744,46.37285],[15.63594,46.20073],[15.66621,46.04849],[15.62481,45.83403],[15.27705,45.73262],[15.33945,45.46704],[15.11045,45.45078],[14.95459,45.4999],[14.73359,45.5085],[14.53398,45.64526],[14.36992,45.48145],[14.08555,45.47783],[13.87871,45.42837],[13.57793,45.5169]]],[[[17.19404,43.12578],[16.69727,43.17495],[16.6792,43.12315],[17.19404,43.12578]]],[[[16.78525,43.27065],[16.83438,43.35083],[16.44893,43.38706],[16.42315,43.31724],[16.78525,43.27065]]],[[[14.81025,44.97705],[14.57109,45.22476],[14.43789,45.09863],[14.68701,44.95562],[14.81025,44.97705]]],[[[14.48809,44.66006],[14.46738,44.97022],[14.30254,44.94043],[14.41953,44.67031],[14.48809,44.66006]]],[[[18.43633,42.55972],[18.304,42.59941],[17.84131,42.84507],[17.66758,42.89712],[18.51748,42.43291],[18.43633,42.55972]]]]},"properties":{"ADMIN":"Croatia","NAME_EN":"Croatia","ISO_A2_EH":"HR","ISO_A2":"HR","LABEL_X":16.37241,"LABEL_Y":45.805799,"MIN_LABEL":4,"LABELRANK":6,"TINY":-99,"TYPE":"Sovereign country"}},
{"type":"Feature","geometry":{"type":"Polygon","coordinates":[[[-7.99062,10.1625],[-8.13662,10.02207],[-8.13696,9.4957],[-8.03101,9.39766],[-7.89619,9.41587],[-7.91807,9.18853],[-7.77798,9.08086],[-7.93818,8.97979],[-7.95098,8.78682],[-7.78403,8.72061],[-7.69097,8.5625],[-7.6812,8.41035],[-7.82358,8.46768],[-8.04912,8.49531],[-8.23696,8.45566],[-8.2561,8.25371],[-8.01675,8.14492],[-8.00986,8.07852],[-8.12686,7.86773],[-8.11543,7.76074],[-8.23188,7.55674],[-8.42998,7.60186],[-8.48643,7.5585],[-8.43716,7.51641],[-8.29663,7.07402],[-8.33257,6.80156],[-8.60356,6.50781],[-8.4499,6.4625],[-8.34487,6.35127],[-8.20386,6.29072],[-7.98159,6.28613],[-7.88862,6.23486],[-7.79653,5.9751],[-7.73037,5.91904],[-7.45439,5.84131],[-7.3999,5.55059],[-7.42983,5.32451],[-7.50977,5.1085],[-7.5689,5.08066],[-7.59121,4.82153],[-7.57158,4.38643],[-7.54497,4.35132],[-7.42607,4.37603],[-7.2314,4.48599],[-7.05796,4.54473],[-6.84517,4.67148],[-6.54844,4.76177],[-5.91377,5.01094],[-5.56475,5.08945],[-5.06182,5.13066],[-5.02368,5.20361],[-4.89971,5.13833],[-4.66152,5.17256],[-4.03721,5.23013],[-3.98418,5.29316],[-3.8706,5.2207],[-3.34756,5.13066],[-3.2376,5.3354],[-3.1687,5.20303],[-3.01914,5.13081],[-2.79521,5.18452],[-2.75498,5.43252],[-2.79365,5.6001],[-2.96226,5.64302],[-3.20059,6.34824],[-3.24028,6.53565],[-3.23579,6.80723],[-3.1689,6.94097],[-2.98579,7.20488],[-2.95908,7.45454],[-2.89634,7.68501],[-2.78975,7.93193],[-2.61338,8.04668],[-2.61172,8.14756],[-2.50586,8.20874],[-2.60039,8.80044],[-2.64922,8.95659],[-2.74668,9.10962],[-2.67422,9.28262],[-2.69585,9.48135],[-2.81675,9.42583],[-2.98828,9.68735],[-3.0958,9.7521],[-3.22353,9.89546],[-3.2897,9.88223],[-3.58115,9.92432],[-3.87764,9.89492],[-4.26719,9.74326],[-4.33223,9.6457],[-4.52661,9.72349],[-4.62583,9.71357],[-4.96992,9.93008],[-4.99404,10.04648],[-5.09985,10.2416],[-5.2623,10.31968],[-5.38227,10.31401],[-5.52353,10.42602],[-5.69429,10.4332],[-5.84385,10.38955],[-6.03457,10.19482],[-6.24131,10.2792],[-6.19067,10.40029],[-6.26113,10.72407],[-6.42588,10.67178],[-6.40752,10.57236],[-6.5646,10.58643],[-6.65415,10.65645],[-6.69326,10.34946],[-6.95034,10.34233],[-7.03975,10.14477],[-7.10488,10.20352],[-7.36318,10.25938],[-7.49795,10.4398],[-7.66113,10.42744],[-7.81421,10.23657],[-7.99062,10.1625]]]},"properties":{"ADMIN":"Ivory Coast","NAME_EN":"Ivory Coast","ISO_A2_EH":"CI","ISO_A2":"CI","LABEL_X":-5.568618,"LABEL_Y":7.49139,"MIN_LABEL":2.5,"LABELRANK":3,"TINY":-99,"TYPE":"Sovereign country"}},
{"type":"Feature","geometry":{"type":"Polygon","coordinates":[[[-82.56357,9.57666],[-82.77842,9.66953],[-83.02852,9.99126],[-83.12461,10.0416],[-83.44824,10.46592],[-83.64199,10.91724],[-83.65894,10.83687],[-83.81118,10.74326],[-83.91929,10.73535],[-84.16836,10.78037],[-84.34829,10.97988],[-84.70117,11.0522],[-84.90918,10.94531],[-85.53872,11.16631],[-85.62139,11.18447],[-85.74434,11.06211],[-85.75225,10.98525],[-85.90801,10.89756],[-85.66724,10.74502],[-85.66333,10.63545],[-85.83061,10.39815],[-85.84966,10.29204],[-85.79648,10.13286],[-85.62485,9.90244],[-85.31455,9.81094],[-85.1145,9.58179],[-84.88643,9.82095],[-84.96279,9.93345],[-85.16074,10.01743],[-85.23652,10.10737],[-85.19844,10.19531],[-85.02505,10.11572],[-84.71494,9.89941],[-84.64307,9.7894],[-84.65889,9.64668],[-84.48267,9.52617],[-84.22236,9.4625],[-84.11787,9.37944],[-83.89556,9.27642],[-83.63726,9.03535],[-83.61372,8.80405],[-83.73408,8.61445],[-83.54375,8.44585],[-83.2915,8.40601],[-83.29775,8.50689],[-83.42178,8.61924],[-83.39141,8.71773],[-83.1624,8.58818],[-83.12334,8.35308],[-82.94727,8.18174],[-82.87935,8.07065],[-82.99756,8.36777],[-82.86162,8.45352],[-82.85571,8.6353],[-82.91704,8.74033],[-82.73999,8.89858],[-82.74116,8.95171],[-82.94033,9.06011],[-82.93984,9.44917],[-82.80102,9.5918],[-82.64409,9.50586],[-82.56357,9.57666]]]},"properties":{"ADMIN":"Costa Rica","NAME_EN":"Costa Rica","ISO_A2_EH":"CR","ISO_A2":"CR","LABEL_X":-84.077922,"LABEL_Y":10.0651,"MIN_LABEL":2.5,"LABELRANK":5,"TINY":-99,"TYPE":"Sovereign country"}},
{"type":"Feature","geometry":{"type":"Polygon","coordinates":[[[30.75117,-8.19365],[30.7209,-8.10439],[30.40674,-7.46064],[30.31318,-7.20371],[30.10625,-6.91504],[29.70967,-6.61689],[29.54082,-6.31387],[29.48008,-6.025],[29.59639,-5.77598],[29.59414,-5.65078],[29.34277,-4.9831],[29.32568,-4.83565],[29.40322,-4.44932],[29.33135,-4.09541],[29.22324,-3.91084],[29.21006,-3.36328],[29.22441,-3.05352],[29.0166,-2.79961],[29.01436,-2.72021],[28.92178,-2.68203],[28.85762,-2.44668],[28.87637,-2.40029],[29.10645,-2.2332],[29.14805,-2.13184],[29.1294,-1.86025],[29.19658,-1.71992],[29.35166,-1.51758],[29.57695,-1.38789],[29.56191,-0.97734],[29.64785,-0.53525],[29.6332,-0.4417],[29.71768,0.09834],[29.77783,0.16636],[29.93447,0.49902],[29.94287,0.81924],[30.18291,0.97349],[30.32109,1.1853],[30.47783,1.23882],[30.94258,1.68281],[31.25273,2.04458],[31.27402,2.14629],[31.17637,2.27007],[31.08213,2.28809],[30.96191,2.40327],[30.83008,2.40044],[30.72861,2.45537],[30.76953,2.67798],[30.84668,2.84702],[30.754,3.0418],[30.82783,3.28262],[30.90645,3.40894],[30.83857,3.49072],[30.75723,3.62422],[30.55938,3.65278],[30.5083,3.83569],[30.19492,3.98193],[29.87022,4.32715],[29.67686,4.58691],[29.55205,4.63603],[29.46963,4.61182],[29.38486,4.49839],[29.2249,4.3919],[29.15147,4.38818],[28.93936,4.48706],[28.72705,4.50498],[28.42754,4.32417],[28.19209,4.35024],[27.98066,4.53208],[27.78809,4.64468],[27.66416,4.846],[27.49102,4.96758],[27.40332,5.10918],[27.11494,5.19785],[27.02061,5.18438],[26.82207,5.0624],[26.17354,5.17114],[25.71387,5.28369],[25.5251,5.31211],[25.4002,5.25591],[25.24932,5.02456],[25.06523,4.96743],[24.97842,4.98296],[24.76553,4.93008],[24.43711,5.00996],[24.31982,4.99414],[23.41719,4.66313],[23.31289,4.66353],[23.11592,4.73691],[22.86455,4.72388],[22.75576,4.64668],[22.61719,4.44556],[22.50566,4.20767],[22.42217,4.13496],[21.9082,4.25391],[21.68701,4.2814],[21.5376,4.24482],[21.3502,4.31138],[21.22979,4.3022],[20.95576,4.41313],[20.55811,4.4627],[20.39356,4.68618],[20.22637,4.82964],[20.00234,4.94473],[19.80654,5.08931],[19.50098,5.12749],[19.32344,5.07075],[19.06856,4.89141],[18.83174,4.52344],[18.6999,4.38262],[18.59414,4.34624],[18.56748,4.25757],[18.61992,4.1166],[18.63369,3.9543],[18.59668,3.67871],[18.61035,3.47842],[18.62217,3.30405],[18.49092,2.92441],[18.21162,2.41494],[18.07217,2.01328],[18.05781,1.53486],[17.90244,1.11807],[17.88574,0.85689],[17.92519,0.53731],[17.8877,0.23413],[17.77315,-0.05239],[17.72412,-0.27754],[17.75283,-0.54902],[17.54287,-0.775],[17.27881,-0.99961],[17.10762,-1.06445],[16.87988,-1.22588],[16.78008,-1.37637],[16.54072,-1.84014],[16.21533,-2.17783],[16.1916,-2.2791],[16.21738,-3.03027],[16.14678,-3.46416],[15.99004,-3.76621],[15.87246,-3.93428],[15.6001,-4.03096],[15.39463,-4.24492],[15.26719,-4.30762],[15.10625,-4.46103],[14.91211,-4.70557],[14.70791,-4.88174],[14.41074,-4.83125],[14.36543,-4.58555],[14.44981,-4.44951],[14.3583,-4.29941],[13.94092,-4.48467],[13.71709,-4.45449],[13.68535,-4.68867],[13.41494,-4.8374],[13.07275,-4.63477],[12.82969,-4.73662],[12.57354,-4.99658],[12.45147,-5.07148],[12.52236,-5.14893],[12.50371,-5.6958],[12.21367,-5.75869],[12.41172,-5.98633],[12.51455,-6.0042],[12.68066,-5.96084],[12.7916,-5.87773],[13.00332,-5.83613],[13.06816,-5.86484],[13.97852,-5.85723],[14.39863,-5.89268],[14.74941,-5.88008],[15.72695,-5.86387],[16.31523,-5.86562],[16.53711,-5.96582],[16.71777,-6.24141],[16.70938,-6.47168],[16.74297,-6.61846],[16.91943,-6.93398],[16.96582,-7.06211],[16.98477,-7.25742],[17.15508,-7.46133],[17.24502,-7.62334],[17.53603,-8.07588],[17.57959,-8.09902],[17.91309,-8.06768],[18.00879,-8.10762],[18.1915,-8.02383],[18.65342,-7.93603],[18.89834,-7.99814],[19.14268,-8.00146],[19.34082,-7.9666],[19.37168,-7.65508],[19.47988,-7.47217],[19.48379,-7.27949],[19.52764,-7.14443],[19.66035,-7.03711],[19.8752,-6.98633],[20.48223,-6.91582],[20.59873,-6.93516],[20.53691,-7.12178],[20.60781,-7.27773],[21.19033,-7.28496],[21.75107,-7.30547],[21.8416,-7.421],[21.83359,-7.60166],[21.78008,-7.86543],[21.80088,-8.11191],[21.8959,-8.34111],[21.90537,-8.69336],[21.82949,-9.16846],[21.81318,-9.46875],[21.94863,-9.72559],[22.08916,-9.86279],[22.19775,-10.04062],[22.30244,-10.39668],[22.28047,-10.78398],[22.17793,-10.89228],[22.22617,-11.12197],[22.27881,-11.19414],[22.56104,-11.05586],[22.81475,-11.08027],[23.15674,-11.0748],[23.4002,-10.97646],[23.83389,-11.01367],[23.9665,-10.87178],[24.07842,-10.8915],[24.13652,-11.02598],[24.31992,-11.07178],[24.39629,-11.25518],[24.33516,-11.37129],[24.51856,-11.43848],[24.66826,-11.35293],[25.18486,-11.24297],[25.31934,-11.23691],[25.28262,-11.40498],[25.34941,-11.62305],[25.51191,-11.75342],[25.61885,-11.74414],[26.02598,-11.89014],[26.59639,-11.97207],[26.89043,-11.94355],[26.94961,-11.89883],[27.04609,-11.61592],[27.19639,-11.60508],[27.23809,-11.7835],[27.42363,-11.94453],[27.5334,-12.19531],[27.64434,-12.2668],[27.85742,-12.28486],[28.35772,-12.48203],[28.47441,-12.62334],[28.55088,-12.83613],[28.67295,-12.86133],[28.77315,-12.98193],[29.01426,-13.36885],[29.20186,-13.39834],[29.5542,-13.24893],[29.63027,-13.29853],[29.65176,-13.41435],[29.79531,-13.39277],[29.79512,-12.15547],[29.55977,-12.20244],[29.49199,-12.26689],[29.50488,-12.38613],[29.42754,-12.43125],[29.06436,-12.34883],[28.85,-12.12051],[28.57461,-11.9081],[28.48252,-11.81211],[28.35723,-11.48301],[28.4042,-11.35439],[28.54424,-10.80234],[28.63887,-10.66924],[28.60742,-10.39736],[28.63008,-9.83125],[28.54053,-9.51006],[28.4002,-9.275],[28.40068,-9.2248],[28.6165,-9.07227],[28.79356,-8.89102],[28.91777,-8.70059],[28.97227,-8.46494],[29.76621,-8.34375],[30.75117,-8.19365]]]},"properties":{"ADMIN":"Democratic Republic of the Congo","NAME_EN":"Democratic Republic of the Congo","ISO_A2_EH":"CD","ISO_A2":"CD","LABEL_X":23.458829,"LABEL_Y":-1.858167,"MIN_LABEL":2,"LABELRANK":2,"TINY":-99,"TYPE":"Sovereign country"}},
{"type":"Feature","geometry":{"type":"Polygon","coordinates":[[[11.13018,-3.91631],[11.36445,-4.13057],[11.39385,-4.20029],[11.66807,-4.43428],[11.77754,-4.56582],[11.78086,-4.67656],[11.89326,-4.86572],[12.01836,-5.0043],[12.2043,-4.77861],[12.30791,-4.76553],[12.38457,-4.61914],[12.6417,-4.53115],[12.79824,-4.43057],[12.88106,-4.44512],[13.07275,-4.63477],[13.41494,-4.8374],[13.68535,-4.68867],[13.71709,-4.45449],[13.94092,-4.48467],[14.3583,-4.29941],[14.44981,-4.44951],[14.36543,-4.58555],[14.41074,-4.83125],[14.70791,-4.88174],[14.91211,-4.70557],[15.10625,-4.46103],[15.26719,-4.30762],[15.39463,-4.24492],[15.6001,-4.03096],[15.87246,-3.93428],[15.99004,-3.76621],[16.14678,-3.46416],[16.21738,-3.03027],[16.1916,-2.2791],[16.21533,-2.17783],[16.54072,-1.84014],[16.78008,-1.37637],[16.87988,-1.22588],[17.10762,-1.06445],[17.27881,-0.99961],[17.54287,-0.775],[17.75283,-0.54902],[17.72412,-0.27754],[17.77315,-0.05239],[17.8877,0.23413],[17.92519,0.53731],[17.88574,0.85689],[17.90244,1.11807],[18.05781,1.53486],[18.07217,2.01328],[18.21162,2.41494],[18.49092,2.92441],[18.62217,3.30405],[18.61035,3.47842],[18.47441,3.623],[18.16094,3.49981],[18.11133,3.55107],[17.88037,3.55386],[17.43799,3.68462],[17.29844,3.61719],[17.00254,3.55669],[16.67334,3.53521],[16.57041,3.46309],[16.49629,3.20884],[16.46855,2.83174],[16.1834,2.27007],[16.08008,2.10679],[16.08789,1.91807],[16.13613,1.72422],[16.05938,1.67622],[15.9752,1.76001],[15.7416,1.91499],[15.60029,1.95039],[15.33877,1.94473],[15.20352,2.02446],[14.90244,2.01231],[14.57891,2.19912],[14.48408,2.15474],[13.29356,2.16157],[13.20947,1.92041],[13.1627,1.6481],[13.27412,1.24102],[13.85137,1.41875],[14.18086,1.37022],[14.23975,1.32256],[14.30303,1.12085],[14.38643,1.00444],[14.43447,0.81148],[14.32422,0.62422],[14.23096,0.55112],[14.0875,0.53657],[13.94961,0.35381],[13.88457,0.19082],[13.86006,-0.20332],[14.06943,-0.27012],[14.20674,-0.42734],[14.36377,-0.46855],[14.48057,-0.61836],[14.41065,-0.97207],[14.45557,-1.41318],[14.40293,-1.59336],[14.42324,-1.71152],[14.38398,-1.89004],[14.25147,-2.00146],[14.16289,-2.21758],[14.19981,-2.3542],[14.0874,-2.46689],[13.88691,-2.46543],[13.8877,-2.37451],[13.78438,-2.16377],[13.73379,-2.13848],[13.61856,-2.27861],[13.46494,-2.39541],[13.35732,-2.40478],[12.99199,-2.31338],[12.79356,-1.93184],[12.59043,-1.82685],[12.43213,-1.92891],[12.47852,-2.11201],[12.44639,-2.32998],[12.06445,-2.4126],[11.95029,-2.34482],[11.72676,-2.39473],[11.5752,-2.39707],[11.60342,-2.59541],[11.53779,-2.83672],[11.63906,-2.85537],[11.76016,-2.9831],[11.71543,-3.17695],[11.93418,-3.31855],[11.83291,-3.53144],[11.84912,-3.69668],[11.68574,-3.68203],[11.5043,-3.52031],[11.28828,-3.64111],[11.19004,-3.76201],[11.13018,-3.91631]]]},"properties":{"ADMIN":"Republic of the Congo","NAME_EN":"Republic of the Congo","ISO_A2_EH":"CG","ISO_A2":"CG","LABEL_X":15.9005,"LABEL_Y":0.142331,"MIN_LABEL":4,"LABELRANK":4,"TINY":-99,"TYPE":"Sovereign country"}},
{"type":"Feature","geometry":{"type":"MultiPolygon","coordinates":[[[[44.47637,-12.08154],[44.4126,-12.09297],[44.37744,-12.25225],[44.46016,-12.33516],[44.52676,-12.21953],[44.47637,-12.08154]]],[[[43.46582,-11.90127],[43.4915,-11.86211],[43.3794,-11.61416],[43.39297,-11.40859],[43.25606,-11.43213],[43.22666,-11.75185],[43.30332,-11.84404],[43.46582,-11.90127]]]]},"properties":{"ADMIN":"Comoros","NAME_EN":"Comoros","ISO_A2_EH":"KM","ISO_A2":"KM","LABEL_X":43.318094,"LABEL_Y":-11.727683,"MIN_LABEL":4,"LABELRANK":6,"TINY":2,"TYPE":"Sovereign country"}},
{"type":"Feature","geometry":{"type":"Polygon","coordinates":[[[-71.31973,11.86191],[-71.1373,12.04634],[-71.15503,12.16416],[-71.26211,12.3353],[-71.49399,12.43228],[-71.71455,12.41997],[-71.91914,12.30908],[-71.97012,12.23828],[-72.13574,12.18857],[-72.16523,12.06021],[-72.275,11.88926],[-72.44707,11.80171],[-72.72183,11.71216],[-73.31338,11.29575],[-73.7957,11.27568],[-74.05913,11.34063],[-74.20019,11.26572],[-74.21914,11.10532],[-74.35019,10.81372],[-74.40088,10.76523],[-74.51626,10.8625],[-74.45425,10.98906],[-74.84458,11.10972],[-75.28061,10.7272],[-75.446,10.61089],[-75.55371,10.32773],[-75.6709,10.19634],[-75.5959,10.12583],[-75.59268,9.99273],[-75.68003,9.72979],[-75.60361,9.53848],[-75.63935,9.45044],[-75.75557,9.41563],[-75.90503,9.43091],[-76.1355,9.26563],[-76.27685,8.98911],[-76.68936,8.69473],[-76.88799,8.61987],[-76.77207,8.31055],[-76.74233,8.00215],[-76.78657,7.93159],[-76.92466,7.97319],[-76.85185,8.09048],[-77.13013,8.40059],[-77.26157,8.4937],[-77.37422,8.6583],[-77.47852,8.49844],[-77.40727,8.42725],[-77.34551,8.26953],[-77.2123,8.03389],[-77.21597,7.93252],[-77.34561,7.83652],[-77.35078,7.70586],[-77.58657,7.54307],[-77.73203,7.71094],[-77.7439,7.53696],[-77.82832,7.44282],[-77.90117,7.22935],[-77.80371,7.13726],[-77.52598,6.69312],[-77.43887,6.69033],[-77.35986,6.50449],[-77.39824,6.275],[-77.46943,6.17676],[-77.34468,5.99536],[-77.24927,5.78018],[-77.32461,5.67564],[-77.53442,5.53711],[-77.40176,5.41616],[-77.35918,5.21519],[-77.33945,4.83853],[-77.28633,4.72173],[-77.35352,4.39829],[-77.40874,4.24775],[-77.42729,4.06045],[-77.3582,3.94473],[-77.1666,3.86226],[-77.24277,3.58535],[-77.41714,3.3418],[-77.55913,3.07598],[-77.69365,3.03994],[-77.67002,2.87886],[-77.87451,2.72588],[-77.93227,2.62925],[-78.12002,2.48818],[-78.29614,2.5105],[-78.53472,2.42368],[-78.61704,2.30679],[-78.62861,2.05625],[-78.55044,1.92363],[-78.5769,1.77378],[-78.79297,1.84873],[-78.95767,1.7522],[-79.02544,1.62368],[-78.85967,1.45537],[-78.68164,1.28345],[-78.51152,1.19883],[-78.31211,1.04609],[-78.03701,0.89873],[-77.82954,0.82539],[-77.70288,0.83784],[-77.64863,0.72363],[-77.46768,0.63652],[-77.42275,0.42485],[-77.29268,0.3604],[-77.11411,0.35508],[-76.92012,0.26851],[-76.729,0.27212],[-76.49463,0.23545],[-76.41338,0.37886],[-76.31103,0.44849],[-76.06792,0.34556],[-75.87978,0.15098],[-75.77666,0.08926],[-75.61733,0.06289],[-75.46396,-0.03843],[-75.28447,-0.10654],[-75.13838,-0.05049],[-74.94531,-0.18818],[-74.80176,-0.2001],[-74.75537,-0.29863],[-74.61636,-0.37002],[-74.41787,-0.58066],[-74.33442,-0.85088],[-74.24639,-0.9706],[-74.05439,-1.02861],[-73.86318,-1.19668],[-73.66431,-1.24883],[-73.49434,-1.53662],[-73.49629,-1.69307],[-73.34951,-1.78389],[-73.19697,-1.83027],[-73.12651,-2.08105],[-73.15449,-2.27822],[-72.88716,-2.4085],[-72.62534,-2.35166],[-72.3956,-2.42891],[-72.13682,-2.38066],[-71.98428,-2.32656],[-71.75254,-2.15273],[-71.55947,-2.22422],[-71.39697,-2.33408],[-71.19639,-2.31309],[-71.11338,-2.24541],[-70.91455,-2.21855],[-70.57588,-2.41826],[-70.09585,-2.6582],[-70.07402,-2.75019],[-70.73511,-3.78154],[-70.52969,-3.86641],[-70.3395,-3.81435],[-70.24028,-3.88271],[-70.16753,-4.0502],[-69.96592,-4.23594],[-69.84976,-3.65986],[-69.66904,-2.66768],[-69.40024,-1.19492],[-69.44873,-0.99873],[-69.54355,-0.91719],[-69.6207,-0.7209],[-69.59204,-0.63935],[-69.66748,-0.48242],[-69.92275,-0.31748],[-70.07051,-0.13887],[-70.05391,0.57861],[-69.80713,0.60747],[-69.47212,0.72993],[-69.28301,0.62725],[-69.17407,0.63535],[-69.16323,0.86406],[-69.25869,1.01538],[-69.36138,1.06401],[-69.85215,1.05952],[-69.84858,1.70874],[-69.58125,1.77075],[-69.31973,1.72124],[-68.17656,1.71982],[-68.25596,1.84551],[-68.1938,1.98701],[-68.13027,1.95576],[-67.98975,1.75254],[-67.81509,1.79009],[-67.60923,2.03506],[-67.49966,2.10791],[-67.35195,2.08584],[-67.11924,1.70361],[-67.09014,1.61558],[-67.09365,1.21001],[-66.87602,1.22305],[-66.88447,1.35825],[-67.11382,2.05059],[-67.21523,2.27549],[-67.21084,2.39014],[-67.48643,2.64365],[-67.59668,2.76934],[-67.83477,2.89282],[-67.35361,3.32266],[-67.31113,3.41587],[-67.49868,3.69111],[-67.66162,3.86426],[-67.7832,4.19824],[-67.79541,4.38071],[-67.85527,4.50688],[-67.85527,4.66548],[-67.81431,4.93081],[-67.8249,5.27046],[-67.78843,5.37549],[-67.69463,5.44751],[-67.64228,5.55879],[-67.63135,5.70938],[-67.43936,6.02554],[-67.48198,6.18027],[-67.56807,6.2418],[-67.85918,6.28989],[-68.14307,6.19751],[-68.47178,6.15654],[-68.73647,6.15679],[-68.93721,6.19819],[-69.08994,6.18438],[-69.26816,6.09971],[-69.43926,6.13491],[-70.09502,6.93794],[-70.3875,6.97261],[-70.65508,7.08276],[-70.81069,7.07759],[-71.01328,6.99443],[-71.21782,6.98521],[-71.6209,7.03291],[-71.89268,6.99033],[-72.08428,7.09688],[-72.20771,7.37026],[-72.44297,7.45488],[-72.47895,7.61323],[-72.44604,7.96611],[-72.35762,8.08731],[-72.41655,8.38198],[-72.66543,8.62759],[-72.79639,9.10898],[-72.96016,9.13516],[-73.0584,9.25957],[-73.19316,9.19414],[-73.35635,9.22686],[-73.06406,9.66821],[-73.00654,9.78916],[-72.94038,10.19575],[-72.86934,10.49126],[-72.69009,10.83584],[-72.44609,11.11426],[-72.24849,11.19644],[-72.0123,11.60195],[-71.9581,11.66641],[-71.53608,11.77407],[-71.31973,11.86191]]]},"properties":{"ADMIN":"Colombia","NAME_EN":"Colombia","ISO_A2_EH":"CO","ISO_A2":"CO","LABEL_X":-73.174347,"LABEL_Y":3.373111,"MIN_LABEL":3,"LABELRANK":2,"TINY":-99,"TYPE":"Sovereign country"}},
{"type":"Feature","geometry":{"type":"MultiPolygon","coordinates":[[[[121.8627,31.49229],[121.8083,31.55215],[121.57656,31.63731],[121.46416,31.75645],[121.33897,31.79736],[121.22686,31.75811],[121.33643,31.64375],[121.51992,31.54961],[121.78047,31.46377],[121.8627,31.49229]]],[[[122.2959,29.96343],[122.28447,30.06802],[122.11055,30.13975],[121.96943,30.14312],[122.02402,30.01333],[122.2959,29.96343]]],[[[119.8209,25.45698],[119.82871,25.60737],[119.72256,25.63882],[119.70029,25.43272],[119.8209,25.45698]]],[[[107.97266,21.50796],[108.14561,21.56519],[108.24629,21.5584],[108.32481,21.69351],[108.44434,21.60732],[108.52568,21.67139],[108.47988,21.90464],[108.59375,21.90103],[108.61582,21.77046],[108.77168,21.63047],[109.03057,21.62651],[109.1335,21.5436],[109.14863,21.42554],[109.34668,21.45396],[109.54404,21.53794],[109.93076,21.48057],[109.92109,21.37647],[109.77959,21.33745],[109.68125,21.13164],[109.6626,20.9169],[109.80527,20.71148],[109.79199,20.62188],[109.94639,20.47436],[109.88252,20.36406],[109.93848,20.29512],[110.12315,20.26372],[110.34473,20.29482],[110.44951,20.35542],[110.51152,20.51826],[110.31309,20.67168],[110.36543,20.8376],[110.18037,20.85859],[110.19356,21.03765],[110.45801,21.23057],[110.56719,21.21406],[110.77109,21.38652],[110.99678,21.43027],[111.10059,21.48472],[111.31914,21.48613],[111.39238,21.53511],[111.60273,21.55908],[111.77598,21.71924],[111.87344,21.71714],[111.94395,21.84966],[112.30498,21.7417],[112.49473,21.81831],[112.58633,21.77686],[112.80859,21.94463],[112.90381,21.88145],[112.98379,21.93823],[113.0082,22.11934],[113.14902,22.075],[113.26641,22.08877],[113.47891,22.19556],[113.49414,22.24155],[113.52705,22.24595],[113.55303,22.59404],[113.33106,22.91201],[113.4419,22.94058],[113.44531,23.05508],[113.58633,23.02002],[113.61963,22.86143],[113.75449,22.73364],[113.82832,22.60723],[114.01543,22.51191],[114.18818,22.56499],[114.26602,22.54097],[114.34063,22.59321],[114.49619,22.52705],[114.65166,22.75527],[114.75039,22.62632],[114.85381,22.6168],[115.1958,22.81729],[115.38252,22.71885],[115.49834,22.71885],[115.64043,22.85342],[115.85215,22.80156],[116.15742,22.88745],[116.25186,22.98135],[116.4707,22.9459],[116.51982,23.00659],[116.53828,23.17969],[116.66914,23.22817],[116.68232,23.32739],[116.86094,23.45308],[116.91065,23.64668],[117.08252,23.57876],[117.33076,23.70879],[117.41699,23.621],[117.46641,23.84058],[117.62822,23.83672],[117.7417,24.0148],[117.83945,24.01231],[118.05606,24.24609],[118.00596,24.48198],[118.08711,24.627],[118.29531,24.57275],[118.56035,24.58037],[118.65703,24.62144],[118.71914,24.74614],[118.63691,24.83555],[118.90908,24.92891],[118.95566,25.00479],[118.91445,25.12681],[119.02461,25.22344],[119.23555,25.20596],[119.24356,25.30703],[119.14629,25.41431],[119.26309,25.46802],[119.42178,25.45962],[119.59277,25.36802],[119.61914,25.43745],[119.53945,25.59126],[119.55283,25.69868],[119.64824,25.9187],[119.61875,26.00356],[119.46309,26.05469],[119.69268,26.23643],[119.88106,26.33418],[119.78477,26.54663],[119.63818,26.62119],[119.81514,26.79761],[119.88223,26.61045],[119.96777,26.58638],[120.08672,26.67158],[120.13857,26.88613],[120.27871,27.09707],[120.38457,27.15552],[120.53984,27.31836],[120.6291,27.48213],[120.5875,27.58076],[120.68516,27.74458],[120.95859,28.03701],[121.09844,28.29053],[121.2168,28.34619],[121.27227,28.22212],[121.35459,28.22988],[121.60205,28.3666],[121.4752,28.64141],[121.63008,28.76792],[121.66494,29.0106],[121.5209,29.11846],[121.53369,29.23672],[121.71748,29.25635],[121.85352,29.12891],[121.91777,29.13501],[121.96836,29.49063],[121.94121,29.60591],[121.67656,29.58379],[121.90576,29.77969],[121.94434,29.89409],[121.67793,29.9791],[121.43272,30.22666],[121.34063,30.28237],[121.15938,30.30176],[120.90449,30.16065],[120.6334,30.13315],[120.44981,30.38784],[120.82148,30.35464],[120.89746,30.39263],[120.99766,30.55825],[121.30996,30.69971],[121.52754,30.84097],[121.76943,30.87036],[121.87793,30.91699],[121.78594,31.16289],[121.66065,31.31973],[121.35098,31.48535],[121.20488,31.62808],[121.05537,31.71943],[120.78779,31.81978],[120.71553,31.98374],[120.49717,32.01982],[120.1916,31.90635],[120.18408,31.96616],[120.52012,32.10586],[120.7917,32.03174],[120.97354,31.86939],[121.1458,31.84233],[121.35195,31.85879],[121.68086,31.71216],[121.86631,31.70356],[121.83242,31.89976],[121.67422,32.05103],[121.49053,32.12109],[121.40391,32.20625],[121.40098,32.37192],[121.29336,32.45732],[120.98994,32.56704],[120.85322,32.66138],[120.89736,32.84321],[120.87109,33.0165],[120.73447,33.23662],[120.61563,33.49053],[120.50479,33.63818],[120.32266,34.16899],[120.20147,34.32568],[119.96367,34.4478],[119.76973,34.49619],[119.58291,34.58223],[119.35137,34.74941],[119.20098,34.74844],[119.16533,34.84883],[119.21582,35.01177],[119.35283,35.11382],[119.42969,35.30142],[119.52647,35.35859],[119.71973,35.58872],[119.86621,35.64365],[120.05469,35.86113],[120.21904,35.93491],[120.09414,36.1189],[120.1833,36.20244],[120.32773,36.22817],[120.39307,36.05386],[120.68096,36.16836],[120.68223,36.34072],[120.77617,36.4563],[120.8958,36.44414],[120.87852,36.63516],[120.98994,36.59795],[121.66963,36.83638],[121.93272,36.95947],[122.1624,36.95864],[122.34092,36.83223],[122.51973,36.94683],[122.44668,37.06812],[122.58731,37.1811],[122.60234,37.42642],[122.3377,37.40527],[122.05664,37.52891],[121.96484,37.44531],[121.64023,37.46035],[121.38809,37.57896],[121.21953,37.60015],[121.04902,37.7252],[120.75,37.83394],[120.37012,37.70103],[120.15586,37.49502],[119.88291,37.35083],[119.8875,37.25337],[119.76055,37.15508],[119.4499,37.12476],[119.11182,37.20117],[118.95264,37.33115],[118.99082,37.64136],[119.08916,37.70073],[119.02754,37.904],[118.94004,38.04277],[118.8,38.12666],[118.54326,38.09492],[118.01494,38.1834],[117.7667,38.31167],[117.65606,38.42422],[117.55781,38.62515],[117.6167,38.85288],[117.78467,39.13447],[118.04092,39.22676],[118.14785,39.19507],[118.29785,39.06709],[118.62637,39.17686],[118.91231,39.16641],[119.04014,39.22236],[119.22461,39.40806],[119.26133,39.56089],[119.39111,39.75249],[119.59111,39.90264],[119.85039,39.98745],[120.36895,40.20386],[120.4791,40.23096],[120.7707,40.58906],[120.92227,40.6831],[121.17451,40.90127],[121.85879,40.84209],[122.14043,40.68818],[122.275,40.54185],[122.19092,40.35825],[121.80098,39.95054],[121.51738,39.84482],[121.47422,39.75488],[121.51758,39.63897],[121.26748,39.54468],[121.27549,39.38477],[121.5125,39.37485],[121.78545,39.40083],[121.62764,39.22017],[121.67988,39.10869],[121.10674,38.9208],[121.16357,38.73164],[121.32012,38.8082],[121.6499,38.86509],[121.67725,39.00342],[121.86436,38.99648],[122.1209,39.1519],[122.33486,39.36611],[123.03223,39.67354],[123.22656,39.68662],[123.34815,39.76294],[123.76016,39.82241],[124.10576,39.84102],[124.36211,40.00405],[124.38662,40.10425],[124.88936,40.45981],[125.31445,40.64463],[125.4169,40.65991],[125.72832,40.8667],[125.98906,40.90464],[126.14453,41.07827],[126.25361,41.13779],[126.49043,41.35806],[126.60127,41.64097],[126.90352,41.78106],[127.00693,41.74204],[127.17969,41.53135],[127.6877,41.43999],[127.91865,41.46113],[128.11123,41.38926],[128.29092,41.56279],[128.03291,41.89849],[128.04522,41.9875],[128.92344,42.03823],[129.19551,42.21846],[129.31367,42.41357],[129.52373,42.38467],[129.71973,42.475],[129.7792,42.77656],[129.89824,42.99815],[130.08262,42.97417],[130.24033,42.8918],[130.24668,42.74482],[130.52695,42.5354],[130.57656,42.62324],[130.42481,42.72705],[130.57725,42.81162],[131.06856,42.90225],[131.08613,43.03809],[131.17559,43.14219],[131.26182,43.43306],[131.18242,43.50557],[131.17422,43.70474],[131.21328,44.00293],[131.25527,44.07158],[131.06065,44.65967],[130.96777,44.79995],[131.08232,44.91001],[131.44688,44.98403],[131.654,45.20537],[131.85186,45.32686],[131.97754,45.24399],[132.93604,45.02993],[133.11348,45.13071],[133.11338,45.32144],[133.18604,45.49482],[133.43643,45.60469],[133.51309,45.87881],[133.68574,46.00894],[133.70068,46.13975],[133.86133,46.24775],[133.90273,46.36694],[133.8666,46.49912],[134.02266,46.71318],[134.03857,46.85815],[134.20215,47.12808],[134.16768,47.3022],[134.29082,47.41357],[134.4835,47.44736],[134.59619,47.52388],[134.75234,47.71543],[134.56602,48.02251],[134.66934,48.15332],[134.56357,48.32173],[134.29336,48.37344],[133.84219,48.27373],[133.46836,48.09717],[133.14404,48.10566],[132.87715,47.9791],[132.70723,47.94727],[132.56191,47.76851],[132.38018,47.72949],[131.78525,47.68052],[131.55674,47.68203],[131.31934,47.72783],[131.00273,47.69146],[130.84863,47.92944],[130.73262,48.01924],[130.71211,48.12764],[130.8043,48.3415],[130.55215,48.60249],[130.61719,48.77319],[130.55313,48.86118],[130.196,48.89165],[130.03711,48.97227],[129.79258,49.19888],[129.53369,49.32344],[129.49815,49.38882],[129.12012,49.36206],[128.81934,49.46377],[128.704,49.60015],[128.23711,49.55928],[127.99961,49.5686],[127.71113,49.67153],[127.50244,49.87344],[127.51231,50.07168],[127.59023,50.20898],[127.39531,50.29858],[127.30606,50.45352],[127.34717,50.5501],[127.30703,50.70796],[126.92481,51.10015],[126.83379,51.31489],[126.80547,51.50566],[126.70918,51.56631],[126.70078,51.70303],[126.51055,51.92583],[126.45557,52.12647],[126.31289,52.39976],[126.15664,52.54663],[126.01602,52.61021],[126.04815,52.73945],[125.87188,52.87153],[125.72813,52.89072],[125.64902,53.04229],[125.22559,53.16582],[124.9709,53.19731],[124.81231,53.13384],[124.46592,53.22964],[124.29141,53.34087],[123.99473,53.40562],[123.60781,53.54653],[123.1541,53.54458],[122.74473,53.46851],[122.33779,53.48501],[121.40547,53.31704],[120.98545,53.28457],[120.7041,53.17183],[120.42129,52.96807],[120.09453,52.78721],[120.06758,52.63291],[120.36006,52.627],[120.65615,52.56665],[120.69922,52.4936],[120.66543,52.2999],[120.74981,52.09653],[120.68145,51.97305],[120.51055,51.84854],[120.23701,51.723],[120.0669,51.60068],[119.96699,51.42212],[119.81318,51.26704],[119.746,51.10772],[119.57344,50.94678],[119.4457,50.70283],[119.28066,50.56099],[119.1919,50.37983],[119.34629,50.27896],[119.25986,50.06641],[118.97949,49.97886],[118.75596,49.96284],[118.45156,49.84448],[117.87344,49.51348],[117.47715,49.60942],[117.24561,49.62485],[116.6833,49.82378],[116.24336,49.17036],[115.95381,48.68936],[115.82051,48.57725],[115.78555,48.24824],[115.5251,48.13086],[115.55762,47.94502],[115.71172,47.79893],[115.89824,47.68691],[116.23115,47.8582],[116.51348,47.83955],[116.76055,47.86978],[117.06973,47.8064],[117.35078,47.6522],[117.76836,47.98789],[118.14707,48.02891],[118.49844,47.98398],[118.75996,47.75762],[119.08193,47.65415],[119.12295,47.5585],[119.52695,47.25591],[119.71113,47.15],[119.78848,46.97881],[119.89785,46.85781],[119.86719,46.67217],[119.70664,46.60601],[119.16211,46.63867],[118.84395,46.76021],[118.72295,46.6919],[118.30869,46.71704],[117.91045,46.61934],[117.81348,46.5377],[117.67109,46.52207],[117.54688,46.58828],[117.40557,46.5709],[117.3334,46.36201],[116.97881,46.36177],[116.85908,46.38794],[116.5626,46.2898],[116.35762,46.09658],[116.21299,45.88691],[116.24063,45.796],[116.10986,45.68672],[115.93418,45.62617],[115.68106,45.45825],[115.1626,45.39023],[114.91924,45.37827],[114.73877,45.41963],[114.51719,45.3646],[114.41914,45.20259],[114.03027,44.94258],[113.87705,44.89619],[113.58701,44.7457],[113.04941,44.81035],[112.59678,44.91768],[112.41133,45.0582],[111.89805,45.06406],[111.62129,44.82715],[111.40225,44.36729],[111.51973,44.1919],[111.83691,43.93467],[111.93174,43.81494],[111.9332,43.71143],[111.77109,43.6646],[111.54736,43.49629],[111.00723,43.34141],[110.40039,42.77368],[109.69805,42.55381],[109.44316,42.45596],[108.68731,42.41611],[108.17119,42.44731],[106.77002,42.28872],[105.86758,41.99399],[105.19707,41.73804],[105.05059,41.61592],[104.49824,41.65869],[104.49824,41.877],[103.71113,41.75132],[103.07285,42.00596],[102.15664,42.15811],[101.97295,42.21587],[101.71387,42.46582],[101.49531,42.53877],[101.09199,42.55132],[99.98379,42.67734],[99.46787,42.56821],[98.94688,42.61621],[97.71895,42.73628],[97.20566,42.7898],[96.38545,42.72036],[96.29951,42.92871],[95.9125,43.20649],[95.84199,43.38369],[95.52559,43.95396],[95.35645,44.00596],[95.35029,44.27808],[95.04981,44.25942],[94.71201,44.35083],[94.36475,44.51948],[94.19932,44.64517],[93.95791,44.67495],[93.65645,44.90098],[93.29434,44.98315],[92.78789,45.03574],[92.42383,45.00894],[92.02979,45.06851],[91.58438,45.07651],[91.31211,45.11812],[91.05,45.21743],[90.87725,45.19609],[90.66182,45.52524],[90.70967,45.73081],[90.7959,45.85352],[91.00176,46.03579],[90.91152,46.27065],[91.03389,46.529],[90.98574,46.74902],[90.86992,46.95449],[90.71553,47.00386],[90.49619,47.28516],[90.4252,47.5041],[90.31328,47.67617],[90.10322,47.74541],[90.02793,47.87769],[89.77813,47.827],[89.56094,48.00396],[89.32988,48.02485],[89.04766,48.00254],[88.57598,48.22017],[88.51709,48.38447],[88.30996,48.47207],[87.97969,48.55513],[88.02793,48.7356],[87.83184,48.79165],[87.74316,48.88164],[87.85986,48.96553],[87.81426,49.16231],[87.32285,49.08579],[86.88594,49.09058],[86.75313,49.00884],[86.71797,48.69717],[86.54941,48.52861],[86.26563,48.45454],[85.74941,48.38506],[85.62637,48.204],[85.52598,47.91563],[85.58662,47.49365],[85.65664,47.25464],[85.48477,47.06353],[85.2335,47.03638],[85.01221,46.90923],[84.78613,46.83071],[84.6666,46.97236],[84.33887,46.99614],[84.01602,46.97051],[83.63408,47.04321],[83.19307,47.18657],[83.02949,47.18594],[83.0041,47.0335],[82.69219,46.38667],[82.55508,46.15869],[82.42969,45.81191],[82.31523,45.59492],[82.32666,45.51992],[82.58252,45.44258],[82.62109,45.29312],[82.47871,45.12358],[82.2666,45.21909],[81.98926,45.16187],[81.60205,45.31084],[80.85332,45.1293],[80.63477,45.12651],[80.05918,45.00645],[79.87188,44.88379],[79.99717,44.79722],[80.25508,44.80811],[80.45547,44.74609],[80.33633,44.43838],[80.35527,44.09727],[80.496,43.89209],[80.70381,43.42705],[80.66777,43.31006],[80.78574,43.16157],[80.39023,43.04312],[80.3834,42.97378],[80.54375,42.91172],[80.25029,42.79727],[80.16504,42.66553],[80.25908,42.2354],[80.20937,42.19004],[80.21621,42.03242],[79.84043,41.99575],[79.76611,41.89888],[79.29356,41.78281],[78.74258,41.56006],[78.3624,41.37163],[78.34629,41.28145],[78.12344,41.07564],[77.81523,41.05562],[77.58174,40.99277],[76.98662,41.03916],[76.82402,40.98232],[76.63984,40.74224],[76.48018,40.44951],[76.31856,40.35225],[76.2583,40.43076],[75.87197,40.30322],[75.65596,40.32925],[75.5835,40.60532],[75.5208,40.62754],[75.24102,40.48027],[75.00449,40.44951],[74.86562,40.49351],[74.8418,40.34497],[74.67988,40.3106],[74.41191,40.13721],[73.9916,40.04312],[73.83535,39.80015],[73.91465,39.60649],[73.82295,39.48897],[73.63164,39.44888],[73.60732,39.2292],[73.7956,39.00215],[73.69609,38.8543],[73.80166,38.60689],[74.02559,38.53984],[74.13135,38.66118],[74.27744,38.65977],[74.74502,38.51001],[74.83594,38.4043],[74.77207,38.27476],[74.78965,38.10361],[74.93828,37.77251],[74.89424,37.60142],[75.09746,37.45127],[75.11875,37.38569],[74.89131,37.23164],[74.72666,37.29072],[74.37217,37.15772],[74.54141,37.02217],[74.69219,37.03574],[74.88926,36.95244],[75.05391,36.98716],[75.34668,36.91348],[75.42422,36.73823],[75.66719,36.74199],[75.84023,36.64971],[75.97441,36.38242],[75.94512,36.01758],[76.0709,35.98301],[76.14785,35.829],[76.25166,35.81094],[76.55127,35.88706],[76.56348,35.773],[76.7669,35.66172],[77.09004,35.55205],[77.44648,35.47559],[77.79941,35.4959],[78.04746,35.44941],[78.01221,35.25103],[78.28203,34.65391],[78.32695,34.6064],[78.6708,34.51816],[78.93643,34.35195],[78.97061,34.22822],[78.75303,34.08769],[78.72666,34.01338],[78.78379,33.80879],[78.80186,33.49971],[78.94844,33.34653],[79.1125,33.22627],[79.10859,33.02266],[79.20225,32.94605],[79.23389,32.70308],[79.21934,32.50107],[79.06699,32.38818],[78.91894,32.3582],[78.77129,32.46807],[78.70088,32.59702],[78.4125,32.55772],[78.38965,32.51987],[78.4959,32.21577],[78.73545,31.95796],[78.69346,31.74038],[78.80293,31.61807],[78.72676,31.47183],[78.7916,31.29365],[78.97393,31.32861],[79.10713,31.40264],[79.33877,31.10571],[79.56543,30.94907],[79.79463,30.96826],[80.08145,30.78193],[80.19434,30.75923],[80.19121,30.56841],[80.68213,30.41484],[80.98545,30.23711],[81.01025,30.1645],[81.11035,30.03682],[81.25508,30.09331],[81.41719,30.3376],[81.6419,30.3875],[82.04336,30.32676],[82.15898,30.11519],[82.48652,29.9415],[82.8543,29.6834],[83.01397,29.61807],[83.15547,29.61265],[83.35518,29.43916],[83.5835,29.18359],[83.93594,29.27949],[84.10137,29.21997],[84.22871,28.91177],[84.71426,28.59556],[84.85508,28.55361],[85.06914,28.60967],[85.15908,28.59224],[85.08857,28.37227],[85.12246,28.31597],[85.41065,28.27603],[85.67832,28.27744],[85.84023,28.13535],[85.9541,27.92822],[86.06416,27.93472],[86.07871,28.08359],[86.40869,27.92866],[86.5169,27.96353],[86.55449,28.08521],[86.69053,28.09492],[86.75039,28.02207],[87.02012,27.92866],[87.14141,27.83833],[87.68272,27.82139],[87.86074,27.88608],[88.10977,27.87061],[88.10898,27.93301],[88.42598,28.01167],[88.62109,28.09185],[88.80371,28.00693],[88.84883,27.86865],[88.74902,27.52188],[88.76484,27.42988],[88.89141,27.31606],[88.94756,27.46401],[89.10234,27.59258],[89.16045,27.71128],[89.53691,28.10742],[89.74981,28.18818],[89.8169,28.2563],[89.98106,28.31118],[90.34824,28.24395],[90.35273,28.08023],[90.71572,28.07173],[91.07773,27.97446],[91.22588,28.07124],[91.60557,27.95171],[91.63193,27.75996],[91.97764,27.73037],[92.10127,27.80762],[92.41484,27.82461],[92.66436,27.94893],[92.64346,28.06152],[92.70186,28.14712],[92.88184,28.22813],[93.11924,28.4023],[93.20654,28.59082],[93.36055,28.65405],[93.66494,28.69023],[93.90225,28.80322],[94.29326,29.14463],[94.62305,29.3124],[94.76943,29.17588],[94.99883,29.14917],[95.2791,29.04956],[95.42022,29.0543],[95.51582,29.20635],[95.71035,29.31382],[96.03535,29.44717],[96.23496,29.2458],[96.33975,29.20981],[96.12236,29.08208],[96.16221,28.90972],[96.43574,29.05068],[96.58086,28.76367],[96.39561,28.60654],[96.27891,28.42817],[96.42773,28.40601],[96.60264,28.45991],[96.77578,28.36704],[96.98086,28.3377],[97.07539,28.36895],[97.32246,28.21797],[97.53789,28.51021],[97.69463,28.46934],[97.76904,28.35615],[97.86494,28.36357],[98.09893,28.14229],[98.13047,27.96758],[98.29883,27.5501],[98.50449,27.64766],[98.65117,27.57246],[98.67481,27.19063],[98.7165,27.04492],[98.73184,26.5834],[98.67188,26.29854],[98.66318,26.13945],[98.57197,26.11406],[98.65469,25.91777],[98.62539,25.82671],[98.46553,25.78887],[98.33379,25.58677],[98.17256,25.59453],[98.01074,25.29253],[97.81953,25.25186],[97.71494,25.03433],[97.72383,24.84199],[97.5833,24.77481],[97.5294,24.6312],[97.53145,24.4917],[97.6666,24.37998],[97.69063,24.13081],[97.56826,23.98848],[97.68604,23.8981],[98.0169,24.06543],[98.2125,24.11065],[98.49941,24.11567],[98.5834,24.06982],[98.76436,24.11606],[98.68086,23.8418],[98.7877,23.73784],[98.83223,23.62437],[98.79785,23.52041],[98.88555,23.30747],[98.86377,23.19126],[99.05508,23.13057],[99.34082,23.0959],[99.46455,23.04624],[99.50713,22.95913],[99.38516,22.8251],[99.33828,22.68867],[99.3377,22.49805],[99.24307,22.37036],[99.17236,22.19248],[99.19297,22.12598],[99.59268,22.08916],[99.91768,22.02803],[99.92559,21.8208],[99.97822,21.70161],[100.09551,21.66065],[100.08926,21.55791],[100.21475,21.46299],[100.35059,21.50103],[100.53135,21.45811],[100.67715,21.50493],[100.83516,21.65518],[101.1207,21.74609],[101.13887,21.56748],[101.22441,21.22373],[101.28145,21.18413],[101.54238,21.23428],[101.70479,21.15015],[101.80205,21.23599],[101.72295,21.31494],[101.74727,21.60576],[101.73652,21.82651],[101.60293,21.9897],[101.52451,22.25366],[101.61992,22.32744],[101.67148,22.46231],[101.75996,22.49033],[101.8418,22.38848],[102.02441,22.43921],[102.12744,22.3792],[102.23701,22.46602],[102.42793,22.73281],[102.51719,22.74102],[102.83008,22.58716],[103.00537,22.45298],[103.1376,22.59297],[103.35606,22.75469],[103.471,22.59741],[103.52539,22.61157],[103.62022,22.78203],[103.91504,22.53823],[103.97139,22.55049],[104.05391,22.7523],[104.2125,22.80942],[104.37178,22.70405],[104.52686,22.8041],[104.68731,22.82222],[104.7957,22.91113],[104.86475,23.13638],[105.18906,23.28106],[105.27539,23.34522],[105.49453,23.18086],[105.54815,23.07266],[105.69121,23.02993],[105.84297,22.9228],[106.00098,22.97476],[106.14844,22.97007],[106.24941,22.86943],[106.5418,22.90835],[106.78027,22.77891],[106.70156,22.63774],[106.58242,22.57324],[106.53633,22.39541],[106.6542,22.24146],[106.66357,21.97891],[106.72949,22.00034],[107.00645,21.89341],[107.01982,21.83486],[107.17852,21.71709],[107.27207,21.71065],[107.35117,21.60889],[107.47139,21.59834],[107.80205,21.64517],[107.97266,21.50796]]],[[[110.88877,19.99194],[110.67852,20.13706],[110.59834,20.09761],[110.58818,19.97637],[110.41758,20.05474],[110.17158,20.05371],[110.08301,19.99292],[109.90625,19.96274],[109.65137,19.98438],[109.51367,19.90425],[109.31484,19.9044],[109.21895,19.84282],[109.1791,19.67412],[109.06289,19.61357],[108.69356,19.33828],[108.65,19.26504],[108.63565,18.90772],[108.70156,18.53525],[109.02988,18.36777],[109.4001,18.2811],[109.51934,18.21826],[109.70273,18.25913],[109.81563,18.39668],[110.06738,18.44756],[110.04854,18.50523],[110.25176,18.65576],[110.45127,18.74795],[110.57217,19.17188],[110.82227,19.55791],[111.01367,19.65547],[110.9707,19.8833],[110.88877,19.99194]]]]},"properties":{"ADMIN":"China","NAME_EN":"People's Republic of China","ISO_A2_EH":"CN","ISO_A2":"CN","LABEL_X":106.337289,"LABEL_Y":32.498178,"MIN_LABEL":1.7,"LABELRANK":2,"TINY":-99,"TYPE":"Country"}},
{"type":"Feature","geometry":{"type":"Polygon","coordinates":[[[113.47891,22.19556],[113.52705,22.24595],[113.49414,22.24155],[113.47891,22.19556]]]},"properties":{"ADMIN":"Macao S.A.R","NAME_EN":"Macau","ISO_A2_EH":"MO","ISO_A2":"MO","LABEL_X":113.556038,"LABEL_Y":22.129735,"MIN_LABEL":4,"LABELRANK":4,"TINY":-99,"TYPE":"Country"}},
{"type":"Feature","geometry":{"type":"Polygon","coordinates":[[[114.01543,22.51191],[113.89648,22.42817],[114.26797,22.29556],[114.26602,22.54097],[114.18818,22.56499],[114.01543,22.51191]]]},"properties":{"ADMIN":"Hong Kong S.A.R.","NAME_EN":"Hong Kong","ISO_A2_EH":"HK","ISO_A2":"HK","LABEL_X":114.097769,"LABEL_Y":22.448829,"MIN_LABEL":4,"LABELRANK":4,"TINY":-99,"TYPE":"Country"}},
{"type":"Feature","geometry":{"type":"MultiPolygon","coordinates":[[[[-70.41826,-18.3456],[-70.36162,-18.39805],[-70.33486,-18.82754],[-70.27578,-19.26758],[-70.2104,-19.48691],[-70.14814,-19.80508],[-70.14746,-20.22978],[-70.19365,-20.53145],[-70.19702,-20.72539],[-70.08838,-21.25322],[-70.08755,-21.49307],[-70.22852,-22.19316],[-70.25952,-22.55605],[-70.33169,-22.84863],[-70.44966,-23.03418],[-70.56318,-23.05703],[-70.58813,-23.36836],[-70.51196,-23.48281],[-70.39233,-23.56592],[-70.48779,-23.78174],[-70.52007,-23.96855],[-70.50742,-24.12969],[-70.57412,-24.64434],[-70.55864,-24.77852],[-70.44536,-25.17266],[-70.4895,-25.37646],[-70.63301,-25.5456],[-70.71372,-25.78418],[-70.63545,-25.99268],[-70.64658,-26.32939],[-70.7084,-26.59697],[-70.80293,-26.84092],[-70.8979,-27.1875],[-70.92578,-27.58867],[-71.05264,-27.72734],[-71.15449,-28.06406],[-71.18643,-28.37783],[-71.26685,-28.50752],[-71.30674,-28.67246],[-71.51924,-28.92646],[-71.48584,-29.19824],[-71.35327,-29.35039],[-71.31572,-29.64971],[-71.34805,-29.9332],[-71.40039,-30.14297],[-71.66948,-30.33037],[-71.70894,-30.62803],[-71.65391,-30.98662],[-71.66196,-31.16953],[-71.5773,-31.49639],[-71.52588,-31.80586],[-71.51304,-32.20791],[-71.42129,-32.38682],[-71.45225,-32.65957],[-71.59204,-32.96953],[-71.74297,-33.09512],[-71.69551,-33.429],[-71.63628,-33.51924],[-71.66435,-33.65264],[-71.83096,-33.81953],[-72.00283,-34.16533],[-71.9915,-34.28848],[-72.05596,-34.61582],[-72.18242,-34.92021],[-72.22378,-35.09619],[-72.38672,-35.24043],[-72.50518,-35.44697],[-72.62393,-35.58574],[-72.58735,-35.75967],[-72.77842,-35.97852],[-72.87456,-36.39043],[-73.00659,-36.64346],[-73.11807,-36.68838],[-73.17285,-37.05352],[-73.21597,-37.16689],[-73.37456,-37.22432],[-73.60166,-37.18848],[-73.6624,-37.34102],[-73.60342,-37.4791],[-73.66182,-37.69853],[-73.46479,-38.04033],[-73.53257,-38.3668],[-73.48076,-38.62402],[-73.22646,-39.22441],[-73.2499,-39.42236],[-73.4104,-39.78916],[-73.671,-39.96318],[-73.66943,-40.08232],[-73.92031,-40.87158],[-73.98359,-40.97432],[-73.96587,-41.11826],[-73.81074,-41.51748],[-73.68809,-41.63926],[-73.73516,-41.74248],[-73.52129,-41.79707],[-73.2418,-41.78086],[-73.01499,-41.54385],[-72.80513,-41.54434],[-72.66977,-41.65937],[-72.82407,-41.90879],[-72.73818,-41.99463],[-72.49941,-41.98086],[-72.41235,-42.38818],[-72.63105,-42.1998],[-72.78516,-42.30127],[-72.63184,-42.50967],[-72.77393,-42.50518],[-72.84805,-42.66914],[-72.84497,-42.80801],[-72.76602,-42.9082],[-72.75801,-43.03945],[-72.87803,-43.04814],[-72.93999,-43.21133],[-73.07598,-43.32363],[-73.10098,-43.45518],[-72.99658,-43.63154],[-73.0688,-43.86201],[-73.22446,-43.89795],[-73.26509,-44.16865],[-72.82754,-44.39541],[-72.66387,-44.43643],[-72.73896,-44.73418],[-73.07842,-44.92021],[-73.36245,-44.97822],[-73.44497,-45.23818],[-73.22637,-45.25518],[-73.20234,-45.35381],[-73.37856,-45.38281],[-73.5499,-45.48379],[-73.73076,-45.47998],[-73.75659,-45.70283],[-73.59434,-45.77685],[-73.66206,-46.29746],[-73.81064,-46.37734],[-73.70815,-46.07031],[-73.69487,-45.85957],[-73.87871,-45.84687],[-73.96758,-46.1541],[-74.06103,-45.94736],[-73.96025,-45.83525],[-73.825,-45.44687],[-74.03755,-45.41768],[-74.1227,-45.49619],[-74.08252,-45.64473],[-74.15786,-45.76719],[-74.46279,-45.84072],[-74.76314,-45.82363],[-75.0667,-45.8749],[-75.07451,-46.00449],[-74.92446,-46.15967],[-75.65679,-46.61035],[-75.7081,-46.775],[-75.49663,-46.94014],[-75.38643,-46.86269],[-75.47842,-46.6624],[-75.14575,-46.6001],[-75.00596,-46.74111],[-74.69082,-46.86396],[-74.51226,-46.88516],[-74.4542,-46.7668],[-74.31357,-46.78818],[-74.1519,-46.97441],[-74.20806,-47.0831],[-74.1584,-47.18252],[-74.40327,-47.32754],[-74.48267,-47.43047],[-74.32368,-47.53144],[-74.13408,-47.59082],[-74.24297,-47.6793],[-74.53379,-47.56768],[-74.65493,-47.70225],[-74.37622,-47.82969],[-74.35059,-47.94434],[-74.22705,-47.96894],[-73.94087,-47.92939],[-73.84668,-47.86699],[-73.71587,-47.65547],[-73.60991,-47.99394],[-73.50098,-48.10664],[-73.52817,-48.19824],[-73.85381,-48.04219],[-74.25044,-48.04492],[-74.58467,-47.99902],[-74.5772,-48.27441],[-74.47441,-48.46396],[-74.17622,-48.49414],[-74.34102,-48.5957],[-74.38213,-48.79365],[-74.36655,-49.40049],[-74.22129,-49.50059],[-74.1398,-49.25049],[-74.02344,-49.24414],[-74.09443,-49.42969],[-73.89248,-49.52344],[-74.29082,-49.6041],[-74.32393,-49.7834],[-74.01943,-50.02275],[-74.33374,-49.97461],[-74.62959,-50.19404],[-74.1856,-50.48535],[-74.19722,-50.60977],[-73.97803,-50.82705],[-73.8915,-50.78271],[-73.7502,-50.53984],[-73.61396,-50.62793],[-73.74058,-50.69668],[-73.84746,-50.94004],[-74.19019,-50.77803],[-74.36558,-50.48789],[-74.64448,-50.36094],[-74.77588,-50.46992],[-74.68574,-50.66201],[-75.09468,-50.68125],[-75.05532,-50.78555],[-74.81475,-51.06289],[-74.33232,-51.19502],[-74.12124,-51.19541],[-73.8959,-51.33144],[-73.92978,-51.61787],[-74.06958,-51.57871],[-74.19668,-51.68057],[-73.97324,-51.78447],[-73.75264,-51.79551],[-73.65029,-51.85625],[-73.51816,-52.04102],[-73.38325,-52.07002],[-72.92837,-51.85986],[-72.60005,-51.79912],[-72.5833,-51.7373],[-72.78935,-51.61426],[-73.19702,-51.47803],[-73.12676,-51.43994],[-72.76123,-51.57324],[-72.48965,-51.76367],[-72.52285,-51.89092],[-72.69546,-51.98516],[-72.84321,-51.96113],[-73.13735,-52.12969],[-73.53223,-52.15312],[-73.83447,-52.23398],[-74.04023,-52.15918],[-74.29565,-52.11787],[-74.15083,-52.38252],[-74.03735,-52.40293],[-74.01445,-52.63935],[-73.9147,-52.68818],[-73.58569,-52.68574],[-73.38213,-52.59512],[-73.24082,-52.70713],[-73.64521,-52.83701],[-73.33818,-53.05469],[-73.12246,-53.07393],[-73.023,-53.02207],[-73.02026,-52.8918],[-72.8019,-52.7124],[-72.77656,-52.57744],[-72.64482,-52.5291],[-72.4377,-52.62578],[-72.22568,-52.521],[-71.81191,-52.53701],[-71.51128,-52.60537],[-71.79707,-52.68281],[-72.11758,-52.65],[-72.45347,-52.81445],[-72.72769,-52.7623],[-72.88916,-52.87158],[-72.91553,-53.12197],[-73.05273,-53.24346],[-72.72681,-53.42002],[-72.54893,-53.46074],[-72.4583,-53.25449],[-72.1291,-53.06435],[-71.898,-53.00176],[-71.38774,-52.76426],[-71.15508,-52.8456],[-71.18022,-52.92051],[-71.40034,-53.10703],[-71.85273,-53.28574],[-71.9417,-53.23408],[-72.30605,-53.25371],[-72.41289,-53.35019],[-72.37681,-53.47119],[-72.17441,-53.63232],[-71.6938,-53.80312],[-71.29775,-53.8834],[-70.99585,-53.7793],[-70.9478,-53.57041],[-70.98511,-53.44834],[-70.95205,-53.22695],[-70.82119,-52.96309],[-70.79512,-52.76875],[-70.56294,-52.67344],[-70.39097,-52.66084],[-69.5606,-52.42158],[-69.44688,-52.26943],[-69.24102,-52.20547],[-68.44336,-52.35664],[-68.46099,-52.29043],[-68.71519,-52.25547],[-69.2062,-52.13613],[-69.48843,-52.13613],[-69.96025,-52.0082],[-71.91865,-51.98955],[-71.95347,-51.88037],[-72.26899,-51.69111],[-72.40767,-51.54082],[-72.30322,-51.29893],[-72.37681,-51.09541],[-72.27632,-50.91025],[-72.34023,-50.68184],[-72.50981,-50.60752],[-72.80361,-50.63769],[-73.08237,-50.76035],[-73.15293,-50.73828],[-73.38662,-50.23115],[-73.50127,-50.12529],[-73.52891,-49.91094],[-73.47041,-49.79453],[-73.57627,-49.58291],[-73.46157,-49.31387],[-73.13525,-49.30068],[-73.14888,-49.18799],[-72.98174,-48.97676],[-72.72847,-48.89629],[-72.6144,-48.79287],[-72.6084,-48.51934],[-72.35474,-48.36582],[-72.29302,-48.2291],[-72.32832,-48.11006],[-72.50908,-47.97334],[-72.51792,-47.87637],[-72.3415,-47.57207],[-72.34595,-47.49268],[-72.10342,-47.34277],[-72.0417,-47.24141],[-71.90498,-47.20166],[-71.96299,-47.01602],[-71.94023,-46.83125],[-71.73271,-46.70586],[-71.69521,-46.57842],[-71.77764,-46.27998],[-71.87568,-46.16055],[-71.68447,-46.04189],[-71.63154,-45.95371],[-71.75063,-45.83906],[-71.77266,-45.72441],[-71.69331,-45.53477],[-71.5081,-45.51269],[-71.34932,-45.33193],[-71.35376,-45.23047],[-71.59629,-44.9792],[-72.0417,-44.9042],[-71.95703,-44.7915],[-71.45518,-44.7498],[-71.26113,-44.76309],[-71.15088,-44.49404],[-71.2126,-44.44121],[-71.82002,-44.3831],[-71.81235,-44.10605],[-71.68008,-43.92959],[-71.79473,-43.75322],[-71.75063,-43.59014],[-71.90498,-43.44014],[-71.90498,-43.34756],[-71.76387,-43.29463],[-71.78149,-43.1668],[-72.05469,-43.10195],[-72.14644,-42.99004],[-72.11362,-42.77676],[-72.1437,-42.57715],[-72.05347,-42.47324],[-72.12461,-42.29834],[-72.02612,-42.14795],[-71.76094,-42.10146],[-71.77002,-41.96855],[-71.91128,-41.65039],[-71.87305,-40.89297],[-71.93213,-40.6917],[-71.80464,-40.43916],[-71.69531,-40.33525],[-71.81831,-40.17666],[-71.65977,-40.0208],[-71.63789,-39.88682],[-71.71992,-39.63525],[-71.53945,-39.60244],[-71.42002,-39.28721],[-71.42559,-38.98564],[-71.28574,-38.84541],[-71.08711,-38.75752],[-70.95161,-38.73848],[-70.84766,-38.5416],[-70.96797,-38.4459],[-71.02817,-38.04121],[-71.16758,-37.7623],[-71.18672,-37.63106],[-71.13481,-37.44512],[-71.20039,-37.30029],[-71.11841,-37.11436],[-71.19219,-36.84365],[-71.06641,-36.64404],[-71.05552,-36.52373],[-70.90513,-36.41992],[-70.74927,-36.39258],[-70.72192,-36.2832],[-70.56338,-36.14639],[-70.40478,-36.06172],[-70.38018,-35.77187],[-70.47041,-35.32617],[-70.55518,-35.24688],[-70.39316,-35.14687],[-70.28994,-34.73281],[-70.10146,-34.43203],[-70.05205,-34.30078],[-69.85244,-34.22432],[-69.89434,-33.73135],[-69.88257,-33.60098],[-69.79775,-33.39863],[-69.81963,-33.28379],[-70.01982,-33.27148],[-70.08486,-33.20176],[-70.09307,-33.02676],[-70.02197,-32.88457],[-70.11616,-32.80742],[-70.17695,-32.62607],[-70.16963,-32.47168],[-70.32002,-32.2667],[-70.36377,-32.0835],[-70.25439,-31.95771],[-70.45015,-31.84189],[-70.5852,-31.56943],[-70.51958,-31.14844],[-70.38838,-31.12109],[-70.30908,-31.02266],[-70.34814,-30.90234],[-70.16143,-30.44023],[-69.95635,-30.3582],[-69.86338,-30.12031],[-69.95996,-30.07832],[-69.92764,-29.76914],[-70.02681,-29.32402],[-69.9956,-29.25],[-69.82788,-29.10322],[-69.74316,-28.78389],[-69.73491,-28.64111],[-69.65693,-28.41357],[-69.25122,-27.97363],[-69.17441,-27.92471],[-68.99941,-27.44902],[-68.94199,-27.40518],[-68.84634,-27.15371],[-68.6522,-27.14834],[-68.346,-27.02793],[-68.31865,-26.87754],[-68.58115,-26.51836],[-68.59219,-26.41807],[-68.52983,-26.27695],[-68.4145,-26.15371],[-68.51084,-25.74102],[-68.60029,-25.48564],[-68.54082,-25.23672],[-68.38423,-25.09189],[-68.46631,-24.92519],[-68.56201,-24.83769],[-68.50728,-24.62978],[-68.25029,-24.39199],[-67.3562,-24.03379],[-67.00879,-23.00137],[-67.19487,-22.82168],[-67.57993,-22.8917],[-67.79443,-22.87949],[-67.87944,-22.82295],[-67.88174,-22.49336],[-67.95039,-22.33369],[-67.98838,-22.05713],[-68.07676,-21.98281],[-68.11216,-21.75303],[-68.18643,-21.61855],[-68.19702,-21.30029],[-68.4355,-20.94824],[-68.53384,-20.92363],[-68.56318,-20.72012],[-68.49985,-20.61201],[-68.74517,-20.45859],[-68.68857,-20.31006],[-68.73457,-20.22519],[-68.72749,-20.06963],[-68.60019,-20.04492],[-68.57827,-19.85654],[-68.69829,-19.72109],[-68.46289,-19.43281],[-68.85796,-19.09336],[-68.96831,-18.96797],[-69.09228,-18.28242],[-69.14546,-18.14404],[-69.09395,-18.05049],[-69.31338,-17.94316],[-69.35801,-17.77168],[-69.49502,-17.61953],[-69.51094,-17.50605],[-69.68477,-17.6498],[-69.8521,-17.70381],[-69.80244,-17.9],[-69.8397,-18.09346],[-69.92637,-18.20605],[-70.18379,-18.32519],[-70.41826,-18.3456]]],[[[-68.62993,-52.65264],[-68.78979,-52.57676],[-69.16704,-52.66758],[-69.41406,-52.48623],[-69.49839,-52.49141],[-69.76357,-52.73135],[-69.99355,-52.82129],[-70.18965,-52.72363],[-70.38013,-52.75195],[-70.13062,-52.94277],[-70.39067,-53.02646],[-70.46025,-53.20625],[-70.3293,-53.37764],[-70.09038,-53.41816],[-69.87412,-53.35049],[-69.63701,-53.33408],[-69.39356,-53.37344],[-69.35244,-53.47998],[-69.94971,-53.67158],[-70.14883,-53.76113],[-70.15112,-53.88809],[-69.98813,-54.10908],[-69.04434,-54.40674],[-69.25317,-54.55742],[-69.41929,-54.40713],[-69.74185,-54.30586],[-69.86699,-54.36748],[-70.16899,-54.3793],[-70.37998,-54.18066],[-70.5353,-54.13613],[-70.62983,-54.00557],[-70.37974,-53.98672],[-70.5313,-53.62734],[-70.6956,-53.72744],[-70.64448,-53.82285],[-70.86772,-53.88418],[-70.86309,-54.11045],[-70.75986,-54.24131],[-70.53999,-54.30342],[-70.29766,-54.48555],[-70.70112,-54.48545],[-70.69883,-54.34883],[-70.89824,-54.33789],[-70.96645,-54.41953],[-71.15884,-54.45059],[-71.35522,-54.39541],[-71.6063,-54.49717],[-71.71582,-54.44365],[-71.92773,-54.52871],[-71.83154,-54.62617],[-71.44092,-54.61963],[-71.22925,-54.69414],[-70.92471,-54.71435],[-70.49717,-54.80957],[-70.28174,-54.75176],[-70.03052,-54.81553],[-69.72344,-54.71211],[-69.48628,-54.85889],[-69.08164,-54.90986],[-68.65322,-54.85361],[-68.6398,-54.32402],[-68.63345,-53.24189],[-68.62993,-52.65264]]],[[[-67.07993,-55.15381],[-67.24526,-54.97764],[-67.87412,-54.92969],[-68.10693,-54.92939],[-68.30137,-54.98066],[-68.07002,-55.22109],[-67.76777,-55.25957],[-67.46348,-55.18174],[-67.25742,-55.28184],[-67.07993,-55.15381]]],[[[-73.77339,-43.3459],[-73.74966,-43.15908],[-73.54082,-43.07373],[-73.43633,-42.93652],[-73.56826,-42.76162],[-73.78926,-42.58574],[-73.4708,-42.46631],[-73.53281,-42.31445],[-73.43926,-42.27783],[-73.52783,-41.89629],[-73.73096,-41.87725],[-74.03667,-41.79551],[-74.0188,-41.89092],[-74.07231,-42.10586],[-74.16021,-42.21641],[-74.19883,-42.48135],[-74.1563,-42.59053],[-74.20947,-42.87871],[-74.35493,-43.26357],[-74.1144,-43.35791],[-73.77339,-43.3459]]],[[[-74.47617,-49.14785],[-74.5666,-48.75478],[-74.79346,-48.70508],[-74.98076,-48.81885],[-74.94922,-48.96016],[-75.18423,-49.08359],[-75.08603,-49.27021],[-75.32666,-49.26865],[-75.46748,-49.35889],[-75.30586,-49.49404],[-75.33706,-49.62822],[-75.52075,-49.62168],[-75.57012,-49.69707],[-75.3001,-49.84746],[-75.06602,-49.85234],[-74.99351,-49.75176],[-74.96011,-49.53301],[-74.80483,-49.51602],[-74.88042,-49.72588],[-74.76299,-50.01143],[-74.59473,-50.00664],[-74.49609,-49.85947],[-74.45884,-49.69111],[-74.52207,-49.62295],[-74.4668,-49.29453],[-74.47617,-49.14785]]],[[[-75.51025,-48.76348],[-75.1585,-48.62266],[-75.15552,-48.42519],[-75.39141,-48.01973],[-75.56069,-48.0709],[-75.51846,-48.32881],[-75.65093,-48.58633],[-75.62285,-48.76465],[-75.51025,-48.76348]]],[[[-74.38574,-52.92236],[-74.27021,-53.08154],[-73.99399,-53.07578],[-73.79351,-53.1207],[-73.58281,-53.30019],[-73.22573,-53.3584],[-73.45059,-53.14434],[-74.06597,-52.96533],[-74.38574,-52.92236]]],[[[-74.56728,-48.59199],[-74.7293,-48.12588],[-74.9751,-47.92285],[-75.19829,-47.97461],[-75.21289,-48.1417],[-74.92305,-48.62646],[-74.56728,-48.59199]]],[[[-72.92324,-53.48164],[-73.09937,-53.51191],[-73.36587,-53.47021],[-73.44707,-53.41006],[-73.68652,-53.42685],[-73.84546,-53.5458],[-73.6415,-53.57031],[-73.47095,-53.73613],[-73.31436,-53.7292],[-73.30474,-53.94394],[-73.11997,-54.00937],[-72.98423,-53.86055],[-72.76377,-53.86484],[-72.88174,-54.0416],[-72.871,-54.12656],[-72.56289,-54.07373],[-72.36914,-53.98076],[-72.20542,-53.80742],[-72.48227,-53.58809],[-72.88223,-53.57832],[-72.92324,-53.48164]]],[[[-74.82295,-51.63018],[-75.10537,-51.78887],[-75.01714,-52.03789],[-74.85181,-52.2707],[-74.69448,-52.2792],[-74.66597,-52.16006],[-74.53184,-51.99199],[-74.64746,-51.86621],[-74.78013,-51.82471],[-74.82295,-51.63018]]],[[[-69.70298,-54.91904],[-69.88442,-54.88203],[-69.97979,-55.14746],[-69.82402,-55.23652],[-69.67983,-55.21894],[-69.61025,-55.33994],[-69.41182,-55.44424],[-69.29707,-55.16582],[-68.88896,-55.26328],[-68.86704,-55.45019],[-68.59419,-55.45],[-68.29336,-55.52139],[-68.0583,-55.51797],[-68.30542,-55.35664],[-68.28267,-55.25518],[-68.5981,-55.12832],[-68.3998,-55.04199],[-68.45801,-54.95967],[-68.65352,-54.95791],[-68.90078,-55.01777],[-69.70298,-54.91904]]],[[[-71.39048,-54.03281],[-71.55415,-53.95605],[-71.99648,-53.88486],[-72.14604,-53.93887],[-72.21045,-54.04775],[-71.97236,-54.20723],[-71.47329,-54.23115],[-71.14326,-54.37402],[-71.00488,-54.24668],[-71.02192,-54.11182],[-71.16875,-54.1126],[-71.39048,-54.03281]]],[[[-73.73535,-44.39453],[-73.70322,-44.27412],[-73.90019,-44.13486],[-74.08281,-44.18643],[-74.09722,-44.38935],[-74.30122,-44.3957],[-74.50181,-44.47353],[-74.48052,-44.58457],[-74.61777,-44.64795],[-74.3499,-44.91084],[-74.19521,-45.14482],[-74.08926,-45.1957],[-74.09907,-45.32539],[-73.84897,-45.34062],[-73.7521,-45.2668],[-73.72715,-45.11904],[-73.9833,-44.49482],[-73.73535,-44.39453]]],[[[-72.98613,-44.78008],[-72.76406,-44.54902],[-72.84243,-44.45771],[-73.20771,-44.33496],[-73.31494,-44.53135],[-73.44507,-44.64102],[-73.35,-44.8332],[-73.22847,-44.85996],[-72.98613,-44.78008]]],[[[-75.302,-50.67998],[-75.15615,-50.49678],[-75.42764,-50.48057],[-75.47739,-50.6542],[-75.302,-50.67998]]],[[[-75.10669,-48.83652],[-75.1186,-48.77295],[-75.61914,-48.88594],[-75.48765,-49.08242],[-75.26269,-49.06894],[-75.11509,-48.91602],[-75.10669,-48.83652]]],[[[-75.11221,-47.83769],[-74.91602,-47.75664],[-75.08984,-47.69062],[-75.26104,-47.76387],[-75.11221,-47.83769]]],[[[-73.63218,-44.82148],[-73.64121,-44.61084],[-73.80015,-44.68408],[-73.63218,-44.82148]]],[[[-74.55864,-51.27705],[-74.73667,-51.20762],[-75.04033,-51.31816],[-75.15366,-51.27881],[-75.30005,-51.55644],[-75.14629,-51.52432],[-75.04736,-51.39834],[-74.85332,-51.43418],[-74.55864,-51.27705]]],[[[-75.05478,-50.29609],[-74.83857,-50.19727],[-74.87598,-50.10996],[-75.32666,-50.01182],[-75.44912,-50.34336],[-75.25039,-50.37627],[-75.05478,-50.29609]]],[[[-74.14219,-51.93105],[-74.1334,-51.8709],[-74.36211,-51.75068],[-74.42363,-51.84512],[-74.14219,-51.93105]]],[[[-74.31289,-45.6915],[-74.24004,-45.57451],[-74.31543,-45.46406],[-74.31055,-45.17266],[-74.50234,-45.28516],[-74.49468,-45.42588],[-74.68984,-45.6626],[-74.46553,-45.75723],[-74.31289,-45.6915]]],[[[-70.9916,-54.86797],[-70.93984,-55.06191],[-70.54346,-55.16133],[-70.40415,-55.16562],[-70.28306,-55.06592],[-70.41753,-54.90889],[-70.80483,-54.96768],[-70.9916,-54.86797]]],[[[-67.28887,-55.77685],[-67.35059,-55.61211],[-67.55996,-55.7248],[-67.28887,-55.77685]]]]},"properties":{"ADMIN":"Chile","NAME_EN":"Chile","ISO_A2_EH":"CL","ISO_A2":"CL","LABEL_X":-72.318871,"LABEL_Y":-38.151771,"MIN_LABEL":1.7,"LABELRANK":2,"TINY":-99,"TYPE":"Sovereign country"}},
{"type":"Feature","geometry":{"type":"Polygon","coordinates":[[[23.98027,19.49663],[23.02217,19.96977],[22.54307,20.20635],[21.58496,20.67949],[20.62676,21.15264],[19.66856,21.62583],[19.18945,21.8624],[18.23135,22.33555],[17.75225,22.57212],[16.79414,23.04526],[15.98408,23.44522],[14.979,22.99619],[15.08897,22.41836],[15.17227,21.92207],[15.18184,21.52339],[15.29365,21.41152],[15.60732,20.9544],[15.54033,20.8749],[15.58711,20.7333],[15.9293,20.39985],[15.94883,20.30317],[15.73506,19.90405],[15.6376,18.81084],[15.56152,17.93726],[15.47432,16.9084],[14.74668,16.14663],[14.36797,15.75015],[13.80713,14.96611],[13.64238,14.63076],[13.44824,14.38066],[13.60635,13.70459],[14.06397,13.07852],[14.24482,13.07734],[14.51621,12.97974],[14.54473,12.82022],[14.62324,12.72993],[14.76123,12.65562],[14.84707,12.5021],[14.88066,12.26939],[14.97383,12.10835],[15.08125,11.84551],[15.07803,11.64258],[15.12197,11.54126],[15.05547,11.36856],[15.02988,11.11367],[15.06865,10.85107],[15.20098,10.48452],[15.27607,10.35737],[15.53193,10.08848],[15.54092,9.9603],[15.32002,9.9543],[15.19316,9.98149],[14.83584,9.9417],[14.37725,9.98506],[14.24326,9.97974],[14.13975,9.90181],[13.97725,9.69155],[14.00498,9.58872],[14.17793,9.40649],[14.33232,9.20352],[14.73281,8.86567],[14.86074,8.79863],[15.11621,8.55732],[15.25234,8.32236],[15.44297,7.85186],[15.54981,7.78789],[15.55264,7.6645],[15.48008,7.52378],[15.84502,7.47529],[16.03066,7.57212],[16.37891,7.68355],[16.4044,7.77236],[16.52324,7.85996],[16.58897,7.74336],[16.78477,7.55098],[16.89033,7.63369],[17.11797,7.7019],[17.24697,7.81299],[17.64941,7.98359],[17.76084,7.97383],[18.45508,8.03203],[18.5916,8.06079],[18.63359,8.16773],[18.90645,8.40508],[19.10869,8.65615],[18.88604,8.83604],[18.88828,8.88975],[19.04785,8.99502],[19.14551,9.01597],[19.66836,9.0209],[19.95352,9.07515],[20.07266,9.1332],[20.34209,9.1271],[20.77324,9.40566],[20.98418,9.63628],[21.00947,9.71323],[21.26387,9.97461],[21.396,10.00137],[21.52803,10.20781],[21.63272,10.23828],[21.72578,10.36655],[21.70654,10.57481],[21.77148,10.64282],[21.96484,10.73667],[22.04316,10.82271],[22.15625,10.82607],[22.23594,10.89414],[22.49385,10.99624],[22.86006,10.91968],[22.9377,11.19204],[22.92266,11.34487],[22.64102,11.51592],[22.55635,11.66953],[22.58096,11.99014],[22.48984,12.04473],[22.39023,12.46299],[22.41445,12.54639],[22.35234,12.66045],[22.2334,12.70947],[22.00068,12.67188],[21.87813,12.69937],[21.82529,12.79053],[21.90772,13.00098],[21.99023,13.11309],[22.15801,13.21504],[22.22813,13.32959],[22.20234,13.53809],[22.10762,13.73032],[22.17315,13.9106],[22.50996,14.12744],[22.38154,14.55049],[22.46777,14.63335],[22.6709,14.72246],[22.6792,14.85147],[22.76328,14.99868],[22.93232,15.16211],[22.96953,15.31133],[22.93389,15.53311],[23.10518,15.70254],[23.24346,15.69722],[23.7082,15.74497],[23.946,15.70352],[23.9834,15.78018],[23.98291,16.37422],[23.98223,17.26636],[23.98145,18.1585],[23.98027,19.49663]]]},"properties":{"ADMIN":"Chad","NAME_EN":"Chad","ISO_A2_EH":"TD","ISO_A2":"TD","LABEL_X":18.645041,"LABEL_Y":15.142959,"MIN_LABEL":3,"LABELRANK":3,"TINY":-99,"TYPE":"Sovereign country"}},
{"type":"Feature","geometry":{"type":"Polygon","coordinates":[[[24.14736,8.66563],[23.6793,8.73247],[23.53731,8.81582],[23.55186,8.94321],[23.46826,9.11475],[23.62266,9.34062],[23.65625,9.71035],[23.64629,9.8229],[23.54502,10.03008],[23.31231,10.38794],[22.96436,10.75181],[22.86006,10.91968],[22.49385,10.99624],[22.23594,10.89414],[22.15625,10.82607],[22.04316,10.82271],[21.96484,10.73667],[21.77148,10.64282],[21.70654,10.57481],[21.72578,10.36655],[21.63272,10.23828],[21.52803,10.20781],[21.396,10.00137],[21.26387,9.97461],[21.00947,9.71323],[20.98418,9.63628],[20.77324,9.40566],[20.34209,9.1271],[20.07266,9.1332],[19.95352,9.07515],[19.66836,9.0209],[19.14551,9.01597],[19.04785,8.99502],[18.88828,8.88975],[18.88604,8.83604],[19.10869,8.65615],[18.90645,8.40508],[18.63359,8.16773],[18.5916,8.06079],[18.45508,8.03203],[17.76084,7.97383],[17.64941,7.98359],[17.24697,7.81299],[17.11797,7.7019],[16.89033,7.63369],[16.78477,7.55098],[16.58897,7.74336],[16.52324,7.85996],[16.4044,7.77236],[16.37891,7.68355],[16.03066,7.57212],[15.84502,7.47529],[15.48008,7.52378],[15.3791,7.35815],[15.2459,7.26357],[15.03457,6.78442],[14.86191,6.55571],[14.73926,6.27979],[14.51211,6.16191],[14.43115,6.03872],[14.50313,5.9169],[14.6169,5.86514],[14.6169,5.49551],[14.56299,5.27993],[14.64063,5.17905],[14.70898,4.66558],[14.77041,4.55811],[15.02275,4.35855],[15.13691,4.06914],[15.03486,4.01636],[15.12871,3.8269],[15.4584,3.45684],[15.775,3.1272],[15.90488,3.09585],[16.06348,2.90859],[16.05928,2.773],[16.10674,2.47349],[16.1834,2.27007],[16.46855,2.83174],[16.49629,3.20884],[16.57041,3.46309],[16.67334,3.53521],[17.00254,3.55669],[17.29844,3.61719],[17.43799,3.68462],[17.88037,3.55386],[18.11133,3.55107],[18.16094,3.49981],[18.47441,3.623],[18.61035,3.47842],[18.59668,3.67871],[18.63369,3.9543],[18.61992,4.1166],[18.56748,4.25757],[18.59414,4.34624],[18.6999,4.38262],[18.83174,4.52344],[19.06856,4.89141],[19.32344,5.07075],[19.50098,5.12749],[19.80654,5.08931],[20.00234,4.94473],[20.22637,4.82964],[20.39356,4.68618],[20.55811,4.4627],[20.95576,4.41313],[21.22979,4.3022],[21.3502,4.31138],[21.5376,4.24482],[21.68701,4.2814],[21.9082,4.25391],[22.42217,4.13496],[22.50566,4.20767],[22.61719,4.44556],[22.75576,4.64668],[22.86455,4.72388],[23.11592,4.73691],[23.31289,4.66353],[23.41719,4.66313],[24.31982,4.99414],[24.43711,5.00996],[24.76553,4.93008],[24.97842,4.98296],[25.06523,4.96743],[25.24932,5.02456],[25.4002,5.25591],[25.5251,5.31211],[25.71387,5.28369],[26.17354,5.17114],[26.82207,5.0624],[27.02061,5.18438],[27.11494,5.19785],[27.40332,5.10918],[27.25674,5.28965],[27.21338,5.6188],[27.0834,5.77686],[26.72637,5.99824],[26.51426,6.06924],[26.30859,6.45532],[26.36182,6.6353],[26.16934,6.78174],[26.03652,6.95523],[25.88897,7.06494],[25.38066,7.3334],[25.19014,7.51934],[25.24736,7.72456],[25.20039,7.80791],[25.00723,7.96484],[24.85332,8.13755],[24.73672,8.19155],[24.45606,8.23945],[24.29141,8.29141],[24.17998,8.46113],[24.2209,8.60825],[24.14736,8.66563]]]},"properties":{"ADMIN":"Central African Republic","NAME_EN":"Central African Republic","ISO_A2_EH":"CF","ISO_A2":"CF","LABEL_X":20.906897,"LABEL_Y":6.989681,"MIN_LABEL":4,"LABELRANK":4,"TINY":-99,"TYPE":"Sovereign country"}},
{"type":"Feature","geometry":{"type":"MultiPolygon","coordinates":[[[[-25.16982,16.94648],[-24.97969,17.09473],[-25.11348,17.19365],[-25.33711,17.09102],[-25.3083,16.93584],[-25.16982,16.94648]]],[[[-23.44424,15.00796],[-23.53525,15.13926],[-23.70063,15.27163],[-23.75449,15.24356],[-23.78501,15.0769],[-23.70537,14.96133],[-23.50469,14.91611],[-23.44424,15.00796]]],[[[-22.91772,16.23726],[-22.95928,16.04512],[-22.82051,15.98604],[-22.71011,16.04336],[-22.69263,16.16904],[-22.74941,16.22153],[-22.91772,16.23726]]],[[[-24.30825,14.8563],[-24.32949,15.01948],[-24.49687,14.98027],[-24.49219,14.87422],[-24.38613,14.81821],[-24.30825,14.8563]]],[[[-24.08769,16.62251],[-24.37671,16.67778],[-24.32236,16.49312],[-24.24307,16.59941],[-24.08769,16.62251]]],[[[-22.88833,16.65908],[-22.90474,16.84375],[-22.99092,16.80884],[-22.98061,16.70088],[-22.88833,16.65908]]],[[[-23.18213,15.13677],[-23.11587,15.16665],[-23.13774,15.31773],[-23.21025,15.32354],[-23.25181,15.17813],[-23.18213,15.13677]]]]},"properties":{"ADMIN":"Cabo Verde","NAME_EN":"Cape Verde","ISO_A2_EH":"CV","ISO_A2":"CV","LABEL_X":-23.639434,"LABEL_Y":15.074761,"MIN_LABEL":4,"LABELRANK":4,"TINY":-99,"TYPE":"Sovereign country"}},
{"type":"Feature","geometry":{"type":"MultiPolygon","coordinates":[[[[-132.65552,54.12749],[-133.06387,54.14404],[-133.09766,53.92026],[-133.05225,53.77813],[-132.84502,53.50772],[-132.67017,53.45859],[-132.74751,53.3105],[-132.52046,53.19404],[-132.34727,53.18921],[-132.01133,53.26519],[-131.92808,53.3792],[-131.92231,53.58789],[-131.82114,53.8415],[-131.70254,53.98638],[-131.66763,54.14136],[-131.94082,54.04199],[-132.13442,54.03428],[-132.1106,53.90029],[-132.18696,53.68481],[-132.56489,53.68765],[-132.2145,53.81475],[-132.16611,53.95523],[-132.34443,54.10606],[-132.56406,54.06865],[-132.65552,54.12749]]],[[[-131.75371,53.19556],[-131.89311,53.23145],[-132.34541,53.13608],[-132.4687,53.07188],[-132.14375,52.99932],[-132.2581,52.93389],[-132.16509,52.7833],[-131.56206,52.39995],[-131.42187,52.23799],[-131.22153,52.15361],[-131.14263,52.29111],[-131.32705,52.31753],[-131.38301,52.41572],[-131.59058,52.57822],[-131.45523,52.70171],[-131.72729,52.7564],[-131.90439,52.8667],[-131.63467,52.92217],[-131.65234,53.10298],[-131.75371,53.19556]]],[[[-127.19731,50.64038],[-127.71304,50.82075],[-127.91807,50.86055],[-128.24155,50.82817],[-128.34604,50.74424],[-128.26743,50.60928],[-127.90586,50.44522],[-127.85083,50.31372],[-127.86392,50.12773],[-127.46714,50.16343],[-127.20752,49.99243],[-127.11431,49.87974],[-126.90332,49.94414],[-126.6831,49.87647],[-126.59287,49.76411],[-126.34756,49.66084],[-126.54189,49.59048],[-126.54853,49.41895],[-126.2436,49.44268],[-125.83545,49.27666],[-125.70229,49.13921],[-125.82852,49.09185],[-125.4603,48.94106],[-125.36274,48.99824],[-124.92734,49.01421],[-124.93477,48.95635],[-125.13569,48.82241],[-125.1207,48.76079],[-124.6894,48.59731],[-123.91694,48.38657],[-123.59463,48.33355],[-123.4459,48.42725],[-123.28379,48.45518],[-123.38989,48.67022],[-123.49702,48.58208],[-123.62656,48.82402],[-123.82002,49.0835],[-123.9958,49.22402],[-124.18589,49.30059],[-124.64287,49.42866],[-124.83061,49.53008],[-124.93467,49.73164],[-125.2332,50.01221],[-125.48208,50.3168],[-126.20386,50.45386],[-126.70093,50.51553],[-127.19731,50.64038]]],[[[-130.0251,55.88823],[-130.09297,55.63184],[-129.98516,55.35884],[-129.83774,55.31909],[-129.89014,55.16465],[-130.21894,54.73027],[-130.37002,54.62002],[-130.43027,54.421],[-130.29033,54.27036],[-130.04331,54.13355],[-130.08594,53.97578],[-130.33525,53.72393],[-130.07436,53.57564],[-129.91186,53.55137],[-129.82178,53.41274],[-129.56372,53.25147],[-129.4624,53.34658],[-129.28428,53.39316],[-129.2081,53.6416],[-128.95937,53.84146],[-128.70478,53.9186],[-128.75078,53.66084],[-128.9356,53.71519],[-129.11445,53.64111],[-129.17158,53.53359],[-129.08091,53.36729],[-128.65234,53.24385],[-128.52471,53.14067],[-128.45195,52.87661],[-128.36504,52.82578],[-128.10879,52.85806],[-128.27515,52.4355],[-128.0603,52.42754],[-128.0375,52.31816],[-128.35762,52.15889],[-128.19355,51.99829],[-128.10225,51.78843],[-127.9022,52.15088],[-127.85879,51.99028],[-127.86914,51.77524],[-127.81894,51.60391],[-127.64487,51.47847],[-127.7081,51.15117],[-127.44121,50.9894],[-127.05757,50.86753],[-126.63179,50.91514],[-126.39712,50.80708],[-126.40449,50.52988],[-125.69756,50.46455],[-125.47632,50.49717],[-125.20986,50.47632],[-125.05669,50.41865],[-124.78428,50.0728],[-124.78237,50.02012],[-124.48325,49.8082],[-124.1416,49.79268],[-123.97212,49.89204],[-123.87441,49.73682],[-124.05381,49.66172],[-123.85894,49.48286],[-123.53057,49.39731],[-123.33564,49.45918],[-123.19634,49.14771],[-123.04922,48.99302],[-122.92417,49.07466],[-122.78877,48.99302],[-120.98086,48.99302],[-119.70171,48.99302],[-117.99619,48.99307],[-116.71704,48.99307],[-115.43789,48.99307],[-113.73237,48.99307],[-112.02681,48.99307],[-110.74766,48.99307],[-109.46855,48.99307],[-107.76299,48.99312],[-106.91025,48.99312],[-105.6311,48.99312],[-104.77832,48.99312],[-103.49917,48.99312],[-102.22002,48.99312],[-101.36728,48.99312],[-100.08813,48.99312],[-99.23535,48.99312],[-97.9562,48.99316],[-96.67705,48.99316],[-95.16206,48.99175],[-95.15527,49.36968],[-94.85435,49.30459],[-94.80347,49.00293],[-94.6209,48.74263],[-94.05518,48.65903],[-93.70771,48.52544],[-93.25796,48.62886],[-92.99624,48.61182],[-92.50059,48.43535],[-92.4146,48.27661],[-92.17178,48.33838],[-92.00518,48.30186],[-91.8584,48.19756],[-91.51831,48.0583],[-91.22065,48.10459],[-91.04346,48.1937],[-90.84033,48.20054],[-90.74438,48.10459],[-90.32012,48.09917],[-90.0918,48.11812],[-89.99365,48.01533],[-89.45566,47.99624],[-89.18564,48.04741],[-88.61177,48.26401],[-88.37817,48.30308],[-87.49424,47.96177],[-86.42856,47.54009],[-84.87598,46.8999],[-84.77939,46.63731],[-84.56177,46.45737],[-84.19219,46.54956],[-84.08838,46.22651],[-83.97778,46.08491],[-83.61597,46.11685],[-83.46948,45.99468],[-83.59268,45.81714],[-82.55107,45.34736],[-82.28125,44.19224],[-82.13784,43.5709],[-82.4082,43.07266],[-82.48833,42.7395],[-82.54531,42.62471],[-82.86777,42.38521],[-83.07314,42.30029],[-83.14966,42.14194],[-83.14194,41.97588],[-83.02998,41.83296],[-82.69004,41.6752],[-82.43906,41.67485],[-81.27764,42.20918],[-80.24756,42.36602],[-79.03672,42.80234],[-78.91509,42.90913],[-79.06606,43.1061],[-79.05923,43.27808],[-79.17187,43.46655],[-78.72041,43.62495],[-76.81997,43.62881],[-76.4646,44.05762],[-76.15117,44.30396],[-75.87593,44.41699],[-75.40127,44.77227],[-75.17939,44.89937],[-74.85664,45.00391],[-74.70889,45.00386],[-74.3583,45.2064],[-74.0981,45.32402],[-73.97383,45.34512],[-74.03784,45.50186],[-73.89741,45.56416],[-73.71186,45.71118],[-73.47661,45.73823],[-73.28354,45.89985],[-72.98101,46.20972],[-72.68013,46.28731],[-72.25664,46.48506],[-72.20464,46.55889],[-71.87959,46.68682],[-71.75728,46.67358],[-71.26777,46.79595],[-71.11562,46.92495],[-70.70586,47.1398],[-70.44805,47.42344],[-70.3001,47.50303],[-69.90557,47.83223],[-69.775,48.0981],[-69.67388,48.19917],[-69.37495,48.38643],[-69.23076,48.57363],[-68.92905,48.82896],[-68.66904,48.9395],[-68.62788,49.00718],[-68.28193,49.19717],[-68.05625,49.25679],[-67.37202,49.34844],[-67.26191,49.45117],[-67.23437,49.60176],[-66.94116,49.9937],[-66.74087,50.06553],[-66.49551,50.21187],[-66.12554,50.20103],[-65.95537,50.29414],[-65.76245,50.25928],[-65.2686,50.32002],[-64.86787,50.27549],[-64.50894,50.30894],[-64.17041,50.26943],[-63.73359,50.30464],[-63.58667,50.2582],[-63.23862,50.24258],[-63.13564,50.2938],[-62.71543,50.30166],[-61.91953,50.23286],[-61.72485,50.10405],[-61.28975,50.20195],[-60.9563,50.20542],[-60.80723,50.24981],[-60.6082,50.22114],[-60.08018,50.25459],[-59.88633,50.31641],[-59.81533,50.41826],[-59.61191,50.49209],[-59.37803,50.67544],[-59.16538,50.77988],[-58.6376,51.17168],[-58.51035,51.29507],[-58.02266,51.32207],[-57.76958,51.42593],[-57.29922,51.47827],[-56.97598,51.45767],[-56.54858,51.68101],[-56.01748,51.9293],[-55.69521,52.13779],[-55.69106,52.2416],[-55.83364,52.3104],[-55.70596,52.42827],[-55.84019,52.50762],[-55.82988,52.87842],[-55.89233,53.00044],[-55.79795,53.21196],[-55.85937,53.3439],[-56.11016,53.5876],[-56.354,53.62446],[-56.46499,53.76504],[-56.84087,53.73945],[-57.01216,53.67261],[-57.33174,53.46909],[-57.48945,53.63311],[-57.15693,53.75689],[-57.14897,53.84771],[-57.41606,54.16274],[-58.19209,54.22817],[-58.30996,54.20166],[-58.32671,54.05181],[-58.65205,53.97788],[-58.91958,53.87529],[-59.32227,53.64375],[-59.62109,53.53682],[-59.82905,53.50454],[-60.14834,53.30654],[-60.29028,53.39146],[-60.10029,53.48696],[-60.14492,53.59614],[-60.01416,53.76157],[-59.82305,53.83442],[-59.49653,53.83418],[-59.03882,53.96362],[-58.84082,54.04448],[-58.6332,54.04956],[-58.4352,54.22813],[-58.15137,54.35044],[-57.69927,54.38657],[-57.40444,54.57041],[-57.48301,54.64028],[-57.7249,54.67373],[-57.9293,54.77315],[-57.96245,54.87573],[-58.19526,54.86592],[-58.39814,54.77412],[-58.78018,54.83838],[-58.99712,55.14946],[-59.25957,55.19995],[-59.42856,55.05552],[-59.51768,55.19736],[-59.68906,55.19634],[-59.75879,55.30957],[-59.93032,55.25942],[-60.4501,55.19995],[-60.36094,55.36631],[-60.19238,55.48091],[-60.4083,55.64956],[-60.34102,55.78467],[-60.59258,55.81484],[-60.83184,55.95786],[-61.08935,55.86636],[-61.30112,56.04717],[-61.3647,56.21602],[-61.5146,56.39033],[-61.94043,56.42358],[-61.85493,56.58428],[-62.0625,56.69907],[-61.53169,56.65459],[-61.37163,56.68081],[-61.39048,56.85298],[-61.33374,57.0106],[-61.62852,57.18315],[-61.97744,57.24795],[-61.85107,57.3813],[-62.33857,57.48452],[-61.96797,57.61191],[-61.99492,57.76943],[-61.89907,57.86133],[-62.11743,57.96411],[-62.30566,57.97227],[-62.48623,58.15405],[-62.98091,58.09331],[-62.67432,58.31919],[-62.59385,58.47402],[-62.8374,58.4794],[-63.07568,58.4148],[-63.10234,58.54575],[-62.87388,58.67246],[-63.05029,58.87817],[-63.18535,58.85776],[-63.32554,59.08159],[-63.53989,59.33286],[-63.94546,59.38018],[-63.75019,59.5126],[-63.92881,59.64492],[-64.2835,60.06406],[-64.49941,60.26826],[-64.70586,60.33613],[-64.93125,60.252],[-65.17173,59.90801],[-65.15923,59.83013],[-65.4334,59.77651],[-65.47519,59.6168],[-65.34971,59.47881],[-65.48935,59.44775],[-65.60625,59.11074],[-66.04307,58.82065],[-65.92793,58.61094],[-66.3624,58.79116],[-66.51504,58.69731],[-66.60791,58.54893],[-67.01943,58.43291],[-67.56963,58.21348],[-67.85586,58.27261],[-67.98115,58.46123],[-68.11103,58.47334],[-68.32646,58.59541],[-68.41431,58.78272],[-68.69819,58.90454],[-69.17349,58.89663],[-69.38184,58.85073],[-69.65054,58.72827],[-69.87856,58.69697],[-70.15996,58.7894],[-69.86758,58.85615],[-69.53164,58.86924],[-69.41411,59.08687],[-69.4,59.33779],[-69.68188,59.34175],[-69.69238,59.48843],[-69.5794,59.6751],[-69.63022,59.82183],[-69.96284,60.01782],[-69.67373,60.07588],[-69.6331,60.22036],[-69.75591,60.38853],[-69.64048,60.6898],[-69.43345,60.81426],[-69.47192,61.01094],[-69.90923,60.86011],[-70.09531,60.88027],[-70.2793,61.06865],[-70.72324,61.05518],[-71.17515,61.14653],[-71.4227,61.15894],[-71.74346,61.33726],[-71.84102,61.46602],[-71.63828,61.61719],[-72.08144,61.72827],[-72.22612,61.83159],[-72.50557,61.92266],[-72.6708,62.11387],[-72.88184,62.12539],[-73.62998,62.4542],[-73.76396,62.46875],[-74.68989,62.18345],[-75.34121,62.31211],[-75.67554,62.24951],[-75.81689,62.31587],[-76.87939,62.52539],[-77.37241,62.57251],[-77.60395,62.5314],[-78.06812,62.35542],[-78.13716,62.10737],[-78.07749,61.92339],[-77.94756,61.76187],[-77.51435,61.5563],[-77.73618,61.43735],[-77.72681,61.23066],[-77.83013,61.08403],[-78.15967,60.8522],[-77.87153,60.78584],[-77.66064,60.7895],[-77.79082,60.63984],[-77.51558,60.56318],[-77.68144,60.4271],[-77.45288,60.1458],[-77.31182,60.04238],[-77.33164,59.79663],[-77.4853,59.68457],[-77.72617,59.67588],[-77.85903,59.47578],[-77.76069,59.38003],[-77.98765,59.24551],[-78.43052,58.90176],[-78.51509,58.68237],[-78.01357,58.39917],[-77.68408,58.29136],[-77.15679,58.0189],[-76.89092,57.75811],[-76.65542,57.38057],[-76.57285,57.1812],[-76.51963,56.70698],[-76.54639,56.35879],[-76.65049,56.10723],[-76.76182,55.99644],[-77.32495,55.55552],[-77.89111,55.23643],[-78.30361,55.06856],[-78.90923,54.88149],[-79.66553,54.69746],[-79.43057,54.33662],[-79.2418,54.09888],[-78.99604,54.00249],[-79.00317,53.83657],[-79.11313,53.71719],[-78.99204,53.41035],[-78.89824,53.04336],[-78.72168,52.85645],[-78.72378,52.62773],[-78.55708,52.4919],[-78.49165,52.2521],[-78.702,52.03272],[-78.82822,51.96299],[-78.97773,51.73379],[-78.73135,51.49746],[-78.82744,51.42998],[-78.89751,51.27168],[-79.09087,51.50171],[-79.33867,51.62817],[-79.49756,51.56992],[-79.68882,51.34658],[-79.73745,51.18628],[-79.83623,51.17334],[-80.10356,51.28286],[-80.36797,51.32988],[-80.65796,51.75835],[-80.96851,51.97222],[-81.28506,52.08921],[-81.66123,52.2939],[-81.59941,52.43262],[-82.02002,52.81162],[-82.26045,52.96113],[-82.2916,53.06611],[-82.15918,53.26416],[-82.19062,53.61094],[-82.14145,53.81763],[-82.23989,54.04482],[-82.39414,54.18047],[-82.41807,54.35581],[-82.21938,54.81348],[-82.30825,54.99815],[-82.57744,55.14873],[-82.86777,55.16069],[-82.98628,55.2314],[-83.21435,55.2146],[-83.66768,55.2645],[-83.9106,55.31465],[-84.70576,55.25923],[-85.06094,55.28565],[-85.40727,55.43115],[-85.67666,55.60107],[-85.98447,55.6959],[-86.37695,55.77324],[-86.91938,55.91455],[-87.28686,55.97466],[-87.56089,56.05635],[-87.87812,56.3416],[-88.0751,56.46729],[-88.44707,56.60869],[-88.94849,56.85132],[-89.79082,56.98135],[-90.07519,57.0519],[-90.59219,57.22446],[-91.11128,57.24121],[-92.24902,57.00898],[-92.61411,57.03901],[-92.43979,57.27505],[-92.48965,57.4686],[-92.70166,57.77778],[-92.84175,58.07588],[-93.10019,58.48984],[-93.15459,58.69458],[-93.27812,58.7564],[-93.78003,58.77256],[-94.28706,58.71602],[-94.71338,58.90332],[-94.87026,59.08799],[-94.78828,59.26787],[-94.78579,59.95332],[-94.64678,60.41641],[-94.5689,60.54199],[-94.06777,61.13887],[-94.06074,61.31782],[-93.70967,61.60254],[-93.4206,61.70581],[-93.37202,61.92896],[-93.01626,62.09268],[-92.86582,62.3062],[-92.55142,62.54673],[-92.20723,62.58535],[-92.36128,62.81939],[-92.03423,62.86343],[-91.44897,62.80405],[-91.11489,62.92158],[-90.87119,62.94595],[-90.69072,63.11055],[-90.74658,63.35156],[-90.97007,63.44277],[-91.33008,63.50684],[-91.84185,63.69756],[-92.15688,63.6917],[-93.37852,63.94849],[-92.97021,63.93765],[-92.5501,63.82954],[-92.19521,63.77598],[-91.53882,63.72559],[-90.94565,63.58784],[-90.59639,63.66128],[-90.24531,63.6419],[-90.01343,63.8043],[-90.14189,63.98198],[-89.8606,63.97881],[-89.40352,64.03999],[-88.65303,64.00938],[-88.10561,64.1833],[-87.88501,64.40044],[-87.28052,64.82617],[-87.02852,65.06362],[-87.02754,65.1981],[-87.39194,65.26055],[-88.1978,65.27988],[-88.97402,65.34829],[-89.24175,65.44639],[-89.78799,65.73672],[-90.04756,65.80562],[-90.98345,65.91924],[-91.00952,65.96572],[-90.1166,65.88242],[-89.74941,65.93604],[-89.08774,65.73896],[-88.74394,65.67876],[-88.67246,65.61157],[-87.96997,65.34893],[-87.29145,65.35483],[-86.04287,66.02256],[-86.00083,66.18682],[-86.58477,66.32192],[-86.74697,66.41709],[-86.6332,66.53135],[-86.06323,66.52036],[-85.60386,66.56826],[-85.44224,66.53735],[-85.09619,66.32534],[-84.47842,66.1793],[-84.29307,66.2918],[-83.90508,66.21177],[-83.82583,66.28999],[-84.22305,66.68247],[-84.73774,66.93359],[-84.53848,66.9728],[-84.27256,66.83921],[-84.32436,66.78179],[-83.92021,66.67905],[-83.5231,66.36875],[-83.29839,66.39214],[-82.94888,66.55083],[-82.6415,66.5875],[-82.19834,66.76465],[-81.87446,66.98794],[-81.46758,67.06987],[-81.27012,67.45991],[-81.4123,67.59536],[-81.97646,67.86201],[-82.22241,68.14526],[-82.55269,68.44648],[-82.21016,68.50625],[-82.00649,68.46265],[-81.52685,68.55596],[-81.28154,68.65723],[-81.38091,68.85005],[-81.95166,68.90908],[-81.32866,69.11992],[-81.4123,69.19815],[-81.95181,69.27607],[-82.15054,69.24888],[-82.30986,69.41001],[-82.64204,69.4584],[-82.37417,69.6418],[-82.61836,69.69106],[-83.66533,69.69971],[-84.24165,69.83501],[-84.64512,69.84971],[-85.01982,69.80479],[-85.50737,69.84526],[-85.41597,69.54775],[-85.38677,69.23189],[-84.86221,69.07398],[-84.91606,68.96226],[-85.2751,68.74136],[-85.51777,68.76982],[-85.73384,68.63013],[-85.7311,68.44502],[-85.95259,68.07246],[-86.36968,67.82481],[-86.53643,67.51616],[-87.26626,67.18384],[-87.41792,67.21416],[-87.49912,67.35532],[-87.99717,67.62568],[-88.1959,67.76582],[-88.31382,67.95034],[-88.34697,68.28828],[-87.85327,68.2669],[-87.8103,68.40415],[-88.04136,68.81172],[-88.63774,69.05884],[-89.05674,69.26611],[-89.3519,69.227],[-89.6666,69.0146],[-89.87949,68.52153],[-90.24775,68.26743],[-90.57363,68.47471],[-90.46836,68.86377],[-90.74477,69.10591],[-91.23721,69.28555],[-90.82212,69.29048],[-90.55493,69.50449],[-91.28813,69.54321],[-91.38423,69.64946],[-91.91196,69.53125],[-92.31167,69.6729],[-92.75093,69.71392],[-91.97671,70.03867],[-92.51186,70.10386],[-92.29033,70.23984],[-91.99497,70.14321],[-91.56406,70.17827],[-91.82041,70.34165],[-92.04912,70.38965],[-92.38848,70.65044],[-92.98144,70.85225],[-92.88271,71.06934],[-92.94868,71.26211],[-93.25635,71.46084],[-93.76284,71.63804],[-93.8102,71.76626],[-94.30835,71.76489],[-94.55708,71.97896],[-95.20122,71.90371],[-95.83774,71.59824],[-95.83037,71.52607],[-95.40625,71.49165],[-95.56426,71.33677],[-96.13965,71.39639],[-96.40566,71.27363],[-96.54893,70.80874],[-96.22642,70.5417],[-96.5456,70.32725],[-96.49238,70.1249],[-96.11909,69.87188],[-95.29209,69.66738],[-94.82251,69.57778],[-94.63384,69.64966],[-94.2708,69.45513],[-94.01528,69.44673],[-93.6498,69.51904],[-93.61265,69.40283],[-94.25474,69.31377],[-94.25537,69.15147],[-94.08364,69.1231],[-94.56255,68.91167],[-94.47832,68.74277],[-93.68144,68.88726],[-93.65171,68.54312],[-93.92773,68.47383],[-94.74443,68.0709],[-95.12588,68.0833],[-95.46069,68.02139],[-95.65049,67.73745],[-95.46338,67.6102],[-95.25874,67.26255],[-95.78252,67.1938],[-96.0126,67.2709],[-96.37139,67.55386],[-96.19883,67.71782],[-96.03603,68.15776],[-96.43935,68.15088],[-96.48022,68.24282],[-96.97671,68.25542],[-97.26592,68.45293],[-97.93887,68.51045],[-97.79424,68.3876],[-98.21855,68.31743],[-98.63301,68.33115],[-98.38086,68.13247],[-98.43838,68.0647],[-98.1105,67.90303],[-97.73911,67.97817],[-97.20654,67.85508],[-97.15542,67.72642],[-97.45493,67.61699],[-97.93076,67.71079],[-98.41479,67.98843],[-98.70356,67.96572],[-98.41714,67.82647],[-98.92046,67.72578],[-99.14687,67.72363],[-99.77295,67.81484],[-100.4561,67.83945],[-101.55498,67.69316],[-101.88364,67.74531],[-102.20977,67.73272],[-102.69199,67.81157],[-103.47412,68.11504],[-103.65723,68.06909],[-104.19355,68.0312],[-104.48682,68.06318],[-104.63638,68.21392],[-105.19497,68.33037],[-105.42861,68.45825],[-105.53984,68.71865],[-105.79795,68.8648],[-106.16445,68.91987],[-107.43594,68.68887],[-108.31348,68.61079],[-108.64092,68.37852],[-108.68657,68.27734],[-108.26103,68.1499],[-107.73418,68.17373],[-107.61934,68.33106],[-107.14619,68.3042],[-106.9458,68.37437],[-106.6085,68.35737],[-106.45806,68.51645],[-105.93223,68.63652],[-105.7812,68.52656],[-106.03931,68.40732],[-106.40439,68.31934],[-106.83564,68.12861],[-107.76103,68.03218],[-107.76309,67.90684],[-107.97212,67.73203],[-107.6499,67.51128],[-107.64404,67.38477],[-107.15649,66.88174],[-107.62617,67.00313],[-107.746,66.96147],[-107.76094,66.68369],[-108.45527,67.06299],[-108.08843,67.06978],[-107.90918,67.16255],[-107.98872,67.2564],[-108.34697,67.40342],[-108.59292,67.59087],[-108.9499,67.49395],[-109.08125,67.71074],[-109.63037,67.73272],[-110.04248,67.9772],[-110.37197,67.9542],[-110.99004,67.79082],[-111.19219,67.82256],[-111.57573,67.75684],[-112.23672,67.7311],[-112.43516,67.68477],[-113.89321,67.70689],[-114.66289,67.79522],[-115.1332,67.81919],[-115.42685,67.92354],[-115.16709,68.01856],[-115.12705,68.13203],[-114.76528,68.27021],[-114.09595,68.2668],[-113.9644,68.39907],[-114.41387,68.65957],[-114.99375,68.85005],[-115.63115,68.97256],[-116.25161,68.95791],[-116.06523,68.85542],[-117.13174,68.90713],[-118.09521,69.04292],[-118.8687,69.25718],[-119.85283,69.34233],[-120.29253,69.42056],[-120.96245,69.6604],[-121.5311,69.77578],[-122.07007,69.81616],[-123.02578,69.81001],[-123.21367,69.5415],[-123.60913,69.37744],[-124.42617,69.37944],[-124.48135,69.42515],[-124.13848,69.65317],[-124.40693,69.76743],[-124.44448,70.1106],[-124.76792,69.99004],[-125.35693,69.62598],[-125.16685,69.47979],[-125.38677,69.34922],[-125.72778,69.37998],[-126.06382,69.46709],[-126.61216,69.73032],[-127.13848,70.23936],[-127.75283,70.51714],[-127.99102,70.57383],[-128.17012,70.41846],[-127.76494,70.22188],[-128.27861,70.1081],[-128.38672,69.96016],[-128.97144,69.7124],[-129.26484,69.85542],[-129.57212,69.82671],[-130.35361,69.65581],[-130.98198,69.25327],[-131.01343,69.42871],[-131.56294,69.46138],[-131.78838,69.43198],[-131.91963,69.29053],[-132.71894,69.0792],[-132.70601,68.81489],[-133.304,68.84741],[-133.37895,68.88667],[-132.68672,69.25986],[-132.33076,69.30796],[-131.86279,69.54936],[-130.96011,69.63203],[-129.64829,69.99775],[-129.94497,70.09092],[-130.49844,70.14316],[-130.92617,70.05161],[-131.13638,69.90689],[-131.44092,69.91792],[-131.93413,69.75347],[-132.33398,69.75181],[-132.84033,69.65068],[-133.16314,69.43389],[-133.47593,69.40537],[-134.16504,69.28057],[-133.87978,69.50772],[-134.24204,69.66885],[-134.45147,69.66548],[-134.49385,69.46792],[-135.14082,69.46782],[-135.25498,69.32383],[-135.69145,69.31118],[-135.9102,69.11148],[-135.87632,68.91699],[-135.40693,68.82895],[-135.36216,68.69644],[-136.12236,68.88223],[-136.71733,68.88916],[-137.25996,68.96411],[-138.12837,69.15195],[-138.68989,69.3168],[-139.18154,69.51553],[-139.97661,69.62173],[-140.40513,69.60249],[-141.00215,69.65078],[-141.00215,69.06636],[-141.00215,68.18975],[-141.00215,67.31314],[-141.00215,66.72876],[-141.00215,65.85215],[-141.00215,64.97554],[-141.00215,64.09888],[-141.00215,63.51445],[-141.00215,62.3457],[-141.00215,61.76128],[-141.00215,60.88467],[-141.00215,60.30024],[-140.52544,60.21836],[-140.45283,60.29971],[-139.97329,60.18315],[-139.67632,60.32832],[-139.07925,60.3437],[-139.18516,60.08359],[-139.04346,59.99326],[-138.70547,59.90132],[-138.63227,59.77827],[-137.59331,59.22627],[-137.43857,58.90313],[-137.27754,58.98818],[-136.81328,59.15005],[-136.57876,59.15225],[-136.46675,59.27993],[-136.46636,59.45908],[-136.24712,59.53291],[-136.32183,59.60483],[-135.93467,59.66265],[-135.47593,59.79326],[-135.05103,59.57866],[-135.07129,59.44146],[-134.94375,59.28828],[-134.44077,59.08535],[-134.21851,58.8499],[-133.82075,58.70503],[-133.40112,58.41089],[-133.42256,58.33706],[-133.27529,58.22285],[-132.55049,57.4999],[-132.23218,57.19854],[-132.33799,57.07944],[-132.03154,57.02656],[-132.1043,56.85679],[-131.86616,56.79282],[-131.82427,56.58999],[-131.5751,56.59883],[-131.08291,56.40483],[-130.7417,56.34082],[-130.4771,56.23057],[-130.41314,56.12251],[-130.0229,56.0145],[-130.0251,55.88823]]],[[[-109.81597,78.65039],[-110.40781,78.75664],[-111.07148,78.7084],[-111.70879,78.57471],[-112.64082,78.4998],[-113.14995,78.4084],[-113.17251,78.28379],[-112.13125,78.36606],[-111.43506,78.28735],[-111.16919,78.38628],[-110.41836,78.29497],[-109.39053,78.33667],[-109.36221,78.49287],[-109.81597,78.65039]]],[[[-110.45806,78.10322],[-111.20659,78.08813],[-112.30459,78.00679],[-113.21519,77.90352],[-113.16435,77.53027],[-112.37266,77.36411],[-111.95195,77.34419],[-111.22622,77.42852],[-110.68286,77.4459],[-110.19849,77.52451],[-110.15273,77.76294],[-110.75112,77.85723],[-109.77178,77.95742],[-109.65688,78.07925],[-110.45806,78.10322]]],[[[-115.55127,77.36328],[-116.3626,77.54282],[-116.8353,77.52886],[-117.14897,77.36084],[-117.4186,77.31738],[-118.00518,77.3812],[-119.09019,77.30508],[-120.35767,76.88691],[-120.48535,76.79321],[-120.99761,76.69146],[-121.61377,76.44146],[-122.36538,76.40122],[-122.77402,76.22769],[-122.40049,75.94424],[-121.9082,76.03477],[-121.42798,75.9811],[-121.01929,76.02026],[-120.77158,76.16631],[-120.40889,75.82564],[-119.91289,75.85884],[-119.54971,76.05205],[-119.72519,76.09995],[-119.36792,76.22178],[-118.99394,76.14487],[-118.64341,76.33467],[-118.82075,76.48584],[-118.46816,76.54736],[-118.30059,76.73667],[-117.78047,76.78428],[-118.02021,76.44653],[-117.49238,76.27271],[-117.15391,76.298],[-116.99922,76.53159],[-116.22046,76.61108],[-115.94458,76.73623],[-116.23398,76.87432],[-115.85684,76.96924],[-116.28574,77.10166],[-116.21372,77.17822],[-115.62393,77.26592],[-115.55127,77.36328]]],[[[-108.29238,76.05713],[-108.12319,76.23345],[-108.5125,76.43892],[-108.62764,76.58672],[-108.46699,76.7376],[-108.83164,76.82114],[-109.33852,76.75996],[-109.86484,76.52236],[-110.27002,76.41699],[-110.20078,76.28945],[-109.48682,76.14468],[-109.45464,76.02124],[-109.87051,75.92905],[-109.79604,75.86304],[-108.94477,75.69898],[-109.08638,75.50649],[-110.45937,75.55532],[-111.05269,75.54854],[-111.27568,75.6125],[-111.51323,75.81069],[-112.05669,75.83423],[-111.86523,75.93931],[-112.69761,76.20171],[-113.17129,76.25776],[-113.82349,76.20684],[-114.19394,76.45147],[-114.99849,76.49746],[-115.58066,76.4375],[-115.83174,76.2958],[-116.60977,76.07373],[-116.6543,75.9293],[-116.38965,75.8082],[-116.97266,75.74575],[-117.02519,75.60151],[-116.42563,75.58535],[-115.33535,75.61807],[-116.07715,75.49297],[-117.1542,75.473],[-117.6001,75.27168],[-117.50195,75.20386],[-117.00483,75.1561],[-116.47607,75.17178],[-116.14263,75.04155],[-115.72886,74.96812],[-115.47808,75.1041],[-115.02012,74.97617],[-114.45176,75.08789],[-114.16846,75.2395],[-113.88603,75.21094],[-113.71177,75.0686],[-112.95137,75.10781],[-112.59707,75.21167],[-112.25552,75.13369],[-111.0335,75.22676],[-111.67109,75.01943],[-112.83599,74.97559],[-113.32432,74.87529],[-114.13247,74.76611],[-114.26826,74.60435],[-113.51406,74.43008],[-112.51934,74.41685],[-111.72871,74.50195],[-110.94087,74.63872],[-110.17578,74.83999],[-109.50312,74.88276],[-108.8313,75.06489],[-108.35444,74.94263],[-107.82007,75.00005],[-107.15342,74.92715],[-106.09263,75.08945],[-105.8626,75.19155],[-105.48091,75.74565],[-105.60444,75.92993],[-106.39658,76.06011],[-107.13569,75.87856],[-107.75518,75.94028],[-107.85229,76.05772],[-108.29238,76.05713]]],[[[-114.52153,72.59292],[-114.10918,72.86099],[-114.05171,73.071],[-114.3019,73.33071],[-114.63823,73.37266],[-115.5522,73.21348],[-116.57324,73.05493],[-117.55171,72.8311],[-118.37451,72.53389],[-118.4813,72.42769],[-118.21348,72.26289],[-118.58984,72.16748],[-118.94463,71.98555],[-118.98769,71.76426],[-118.86841,71.68677],[-118.37153,71.63994],[-117.74233,71.65933],[-118.18818,71.43594],[-117.72334,71.39067],[-117.33711,71.43462],[-115.98027,71.46929],[-116.22822,71.35918],[-117.81406,71.15845],[-118.26909,71.03472],[-118.26406,70.88833],[-117.58706,70.62954],[-116.99253,70.60366],[-116.32729,70.62373],[-115.99092,70.58628],[-114.84072,70.62139],[-114.3314,70.67524],[-113.75727,70.69072],[-113.14551,70.61636],[-112.11416,70.44688],[-111.72583,70.35205],[-111.78369,70.2729],[-112.18965,70.27559],[-112.63789,70.22524],[-114.59233,70.31245],[-116.55381,70.17505],[-117.13545,70.10015],[-117.104,69.80425],[-116.51348,69.42461],[-116.10156,69.33716],[-115.15903,69.26475],[-114.32295,69.26914],[-113.69414,69.19502],[-113.59253,68.95986],[-113.61685,68.83848],[-113.33809,68.59878],[-113.12773,68.49414],[-112.86426,68.4771],[-112.30493,68.51621],[-111.31094,68.54204],[-109.95854,68.63027],[-108.9459,68.75981],[-108.36499,68.93477],[-107.43989,69.00215],[-107.03345,69.18076],[-106.65908,69.4396],[-106.36138,69.38106],[-106.34116,69.22437],[-106.14087,69.16201],[-105.01958,69.08125],[-105.10586,68.92041],[-104.57144,68.87212],[-104.35269,68.92817],[-104.06733,68.86558],[-103.46821,68.80854],[-102.89507,68.82363],[-101.85713,69.02397],[-101.82251,69.21709],[-102.06401,69.28115],[-101.97554,69.40703],[-102.15142,69.4877],[-102.44678,69.47632],[-102.88408,69.34131],[-103.46489,69.64448],[-103.35928,69.68535],[-102.91977,69.56465],[-102.62109,69.55151],[-102.5959,69.71792],[-102.18213,69.84595],[-101.64766,69.69854],[-101.21621,69.67964],[-100.93511,69.71533],[-100.97334,70.02949],[-101.14853,70.14761],[-101.5624,70.13501],[-101.62681,70.24834],[-101.98984,70.28506],[-102.75049,70.52187],[-103.10498,70.51025],[-103.58457,70.63086],[-103.95347,70.76265],[-104.16685,70.9272],[-104.56958,71.10405],[-104.34956,71.43398],[-104.38594,71.57695],[-104.76699,71.86758],[-105.23408,72.41509],[-105.41514,72.78833],[-105.81269,73.01065],[-106.48213,73.19619],[-106.95078,73.27603],[-107.11348,73.19214],[-107.72002,73.32905],[-108.23823,73.10581],[-107.93252,72.52041],[-107.82373,72.44277],[-107.69585,72.14932],[-107.30601,71.89468],[-107.34692,71.81924],[-107.92534,71.63867],[-108.2104,71.75117],[-108.69829,72.49927],[-109.12192,72.72642],[-110.00845,72.98364],[-110.66084,73.0082],[-110.55361,72.86143],[-110.19717,72.75889],[-110.20513,72.66128],[-110.78154,72.53389],[-111.13989,72.36533],[-111.35552,72.57212],[-111.26973,72.71372],[-112.0481,72.88804],[-112.75361,72.98604],[-113.20801,72.98101],[-113.44985,72.86323],[-113.50005,72.69443],[-114.52153,72.59292]]],[[[-119.73633,74.11265],[-119.56265,74.23281],[-119.9436,74.25371],[-120.55449,74.35293],[-121.31523,74.52998],[-121.7479,74.54063],[-122.62314,74.46416],[-123.46831,74.43613],[-124.69624,74.34819],[-124.26074,73.95327],[-123.79727,73.76816],[-124.11416,73.52739],[-124.42422,73.4187],[-124.83643,73.07627],[-124.58257,72.92593],[-125.00039,72.81333],[-124.98711,72.58799],[-125.38276,72.42383],[-125.7626,72.1375],[-125.76689,71.96084],[-125.29668,71.97305],[-124.75996,71.83516],[-124.00776,71.67744],[-123.59517,71.42319],[-123.2106,71.12344],[-122.93652,71.08799],[-122.15664,71.26592],[-121.74936,71.44478],[-121.47217,71.38901],[-120.61934,71.50576],[-120.44316,71.63081],[-120.36626,71.88804],[-120.17988,72.21265],[-119.76748,72.24385],[-119.40776,72.3604],[-118.96157,72.68413],[-117.06543,73.10728],[-116.48252,73.25322],[-115.44687,73.43887],[-115.51069,73.61875],[-115.95771,73.74795],[-117.19883,74.17114],[-117.96587,74.26606],[-118.54399,74.24463],[-119.02568,74.04473],[-119.20596,74.198],[-119.73633,74.11265]]],[[[-69.48887,83.0168],[-69.96992,83.11611],[-72.81167,83.0812],[-73.33115,82.99878],[-75.74492,83.04717],[-77.1249,83.00855],[-77.47959,82.88315],[-79.88633,82.93853],[-80.14116,82.89424],[-79.20723,82.73276],[-80.07578,82.7062],[-80.65713,82.76909],[-82.12251,82.60176],[-81.68115,82.51865],[-82.45137,82.4271],[-81.99761,82.27827],[-80.12983,82.02837],[-80.5499,82.00459],[-82.53691,82.24727],[-83.01016,82.1417],[-83.59067,82.32647],[-84.89683,82.44941],[-86.58061,82.18721],[-85.3106,82.04399],[-85.64565,81.95327],[-86.62681,82.05103],[-87.63892,82.08506],[-88.56685,82.06108],[-89.38101,81.91675],[-90.49019,81.87725],[-91.64756,81.68384],[-91.40278,81.57822],[-90.62632,81.65601],[-89.84521,81.61167],[-90.55376,81.46421],[-90.30352,81.40112],[-88.97837,81.5415],[-89.94731,81.17266],[-89.62305,81.03247],[-87.2751,81.08081],[-86.62275,81.12266],[-85.87505,81.24121],[-85.0833,81.24688],[-86.47676,81.03574],[-87.38867,80.98838],[-88.41309,80.99976],[-89.26328,80.91431],[-88.92144,80.80562],[-87.71167,80.65625],[-87.32988,80.66978],[-85.78086,81.03506],[-83.28882,81.14795],[-83.34922,81.10332],[-85.24629,80.98789],[-86.2521,80.78955],[-86.60308,80.66401],[-86.25034,80.56577],[-85.30742,80.52598],[-84.07627,80.55625],[-83.40142,80.71397],[-82.33677,80.72866],[-82.88433,80.57754],[-82.36821,80.56133],[-81.00703,80.65488],[-80.13354,80.76392],[-79.60664,80.88179],[-79.19834,81.11758],[-78.6293,81.04346],[-78.55098,80.92144],[-76.85034,80.87817],[-78.38618,80.78438],[-79.62935,80.64785],[-80.05107,80.52856],[-80.97964,80.44526],[-82.53613,80.37554],[-82.96113,80.27788],[-82.33237,80.06636],[-81.01016,79.69312],[-81.85571,79.72256],[-82.377,79.90825],[-83.72363,80.22896],[-86.30718,80.31934],[-86.6145,80.12354],[-86.42075,79.84522],[-86.03149,79.72192],[-85.08979,79.61216],[-84.19736,79.2251],[-84.53027,79.10127],[-84.31611,78.97529],[-83.05854,78.9395],[-83.27144,78.77031],[-83.90791,78.83916],[-85.22969,78.902],[-85.69102,78.8437],[-86.80791,78.77437],[-87.49131,78.41719],[-87.55176,78.17661],[-86.91323,78.12681],[-86.42705,78.19702],[-86.21777,78.0812],[-85.58594,78.10957],[-84.91035,78.2397],[-84.61543,78.1957],[-85.54756,77.92769],[-85.29204,77.76387],[-85.28935,77.55903],[-84.86055,77.49951],[-84.48584,77.56196],[-83.77939,77.53262],[-83.97358,77.39053],[-84.73867,77.36104],[-85.58848,77.46113],[-86.173,77.74614],[-87.01797,77.89224],[-87.49678,77.87192],[-88.09468,77.71919],[-87.78018,77.49282],[-87.42969,77.3478],[-86.87378,77.20029],[-87.36172,77.13623],[-88.39814,77.10396],[-89.49976,76.82681],[-89.57007,76.49194],[-88.396,76.40527],[-87.49756,76.38628],[-87.3542,76.44805],[-86.68022,76.37661],[-86.29619,76.49185],[-85.68057,76.34902],[-85.14126,76.30459],[-84.27534,76.35654],[-83.88569,76.45313],[-83.38896,76.43926],[-82.23315,76.46582],[-82.03418,76.6294],[-81.59199,76.48442],[-81.1707,76.51274],[-80.83481,76.36914],[-80.99668,76.21499],[-80.69028,76.17646],[-79.51104,76.3105],[-78.28433,76.57124],[-77.9833,76.75498],[-78.28887,76.97798],[-78.7918,76.88359],[-79.22075,76.93604],[-79.34087,77.1584],[-79.92373,77.1936],[-80.27422,77.15093],[-80.67256,77.24429],[-80.57305,77.3148],[-79.9064,77.29956],[-78.86953,77.33252],[-78.28374,77.41309],[-78.07617,77.51904],[-78.0126,77.94605],[-76.97402,77.92725],[-75.86597,78.00981],[-75.55068,78.22109],[-75.19346,78.32773],[-76.37349,78.52109],[-74.87861,78.54482],[-74.4331,78.72412],[-75.09853,78.8583],[-75.79507,78.88975],[-76.25586,79.00684],[-76.8248,79.01787],[-77.88276,78.94238],[-78.58164,79.075],[-77.39805,79.05728],[-75.91182,79.11777],[-75.23315,79.03555],[-74.53232,79.05273],[-74.4812,79.22949],[-75.0936,79.20391],[-76.11636,79.32612],[-76.2957,79.41362],[-75.25947,79.42105],[-73.46606,79.49517],[-73.22939,79.64399],[-73.44814,79.8271],[-72.43652,79.69439],[-71.38784,79.76177],[-71.35581,79.91128],[-70.75752,79.99824],[-70.56841,80.0937],[-71.47007,80.1459],[-70.26489,80.23359],[-70.14351,80.39766],[-69.4001,80.42285],[-68.63047,80.67871],[-66.72685,81.04092],[-65.48398,81.28477],[-64.78008,81.49287],[-65.73569,81.49424],[-68.31768,81.26123],[-68.68852,81.29331],[-66.91406,81.48511],[-66.62573,81.61641],[-64.57402,81.73374],[-63.59228,81.84551],[-62.17671,82.04341],[-61.27353,82.27983],[-61.39248,82.4419],[-63.08535,82.56523],[-63.59268,82.69404],[-63.47305,82.77124],[-64.77676,82.87647],[-66.83633,82.81792],[-66.59165,82.94404],[-68.10689,82.96118],[-69.48887,83.0168]]],[[[-95.48437,77.79199],[-96.14297,77.71436],[-96.26387,77.59453],[-95.98706,77.48413],[-93.51958,77.47441],[-93.30098,77.7398],[-93.58286,77.77075],[-95.48437,77.79199]]],[[[-93.54258,75.02793],[-93.49756,75.13687],[-93.75083,75.34902],[-94.42725,75.59336],[-95.04951,75.62183],[-95.6708,75.52866],[-96.1249,75.3583],[-96.18037,75.24009],[-96.56577,75.09873],[-96.27012,74.92031],[-95.86543,74.83042],[-95.28608,74.79409],[-94.69727,74.64219],[-93.98457,74.64419],[-93.54717,74.69106],[-93.46348,74.85649],[-93.54258,75.02793]]],[[[-100.0019,73.9459],[-100.48364,73.84351],[-100.91514,73.80537],[-100.97578,73.59976],[-101.32314,73.57197],[-101.45088,73.43096],[-100.88935,73.27534],[-100.43882,73.25459],[-100.28267,73.12031],[-100.48477,72.77295],[-101.0876,72.71328],[-101.35059,72.74629],[-101.92246,73.05698],[-102.204,73.0773],[-102.50381,73.00591],[-102.71367,72.78291],[-102.40225,72.59473],[-101.97368,72.48613],[-101.72393,72.31489],[-101.20854,72.31699],[-100.98364,72.21006],[-100.59448,72.15234],[-100.32568,72.00386],[-99.73472,71.75723],[-99.16714,71.36719],[-98.66289,71.3021],[-98.19863,71.44087],[-98.18135,71.66245],[-97.58227,71.62969],[-97.22222,71.67349],[-96.94648,71.7919],[-96.61343,71.83384],[-96.76631,72.04595],[-96.59287,72.20449],[-96.7959,72.31377],[-96.44014,72.48731],[-96.54209,72.69873],[-97.05181,72.63682],[-97.08301,72.76284],[-97.37769,72.86494],[-97.32876,72.93784],[-97.7248,73.03667],[-98.43696,73.00024],[-97.7959,73.2853],[-97.27251,73.38682],[-97.39477,73.56421],[-97.00171,73.6665],[-97.22476,73.8438],[-97.58184,73.88755],[-98.15185,73.81821],[-99.15796,73.73159],[-100.0019,73.9459]]],[[[-84.91963,65.26108],[-85.05605,65.4374],[-85.23994,65.5103],[-85.10537,65.62271],[-85.24111,65.79551],[-85.55469,65.91865],[-85.81396,65.83193],[-85.96167,65.70425],[-86.11421,65.41729],[-86.18828,65.0103],[-86.37427,64.56582],[-86.35449,64.37651],[-86.2521,64.13687],[-86.42173,64.05156],[-86.88603,63.92373],[-87.18892,63.67227],[-87.17715,63.59512],[-86.84687,63.57529],[-86.57568,63.66231],[-86.30156,63.65679],[-85.80469,63.70654],[-85.71416,63.65796],[-85.49551,63.13911],[-85.39263,63.11968],[-84.96152,63.19722],[-84.63291,63.30923],[-84.30762,63.58579],[-84.02212,63.65986],[-83.72827,63.81338],[-83.61709,64.01343],[-83.49434,64.09922],[-83.06514,64.15903],[-83.03389,64.02324],[-82.46709,63.92695],[-82.37812,63.70679],[-81.96333,63.66445],[-81.04639,63.46157],[-80.30205,63.76221],[-80.82895,64.08994],[-81.00503,64.0333],[-81.33564,64.07578],[-81.71611,64.02187],[-81.67612,64.21265],[-81.78721,64.42598],[-82.05,64.64429],[-82.27168,64.72114],[-82.66763,64.78032],[-83.22227,64.96797],[-83.40713,65.10391],[-84.08486,65.21782],[-84.26641,65.36724],[-84.6125,65.44731],[-84.91963,65.26108]]],[[[-97.70093,76.4665],[-98.71084,76.69385],[-99.02363,76.61455],[-99.16963,76.45366],[-99.66904,76.62412],[-100.38794,76.61357],[-100.82974,76.52388],[-99.97832,76.02949],[-100.02012,75.93955],[-101.05581,76.24556],[-101.33975,76.4105],[-101.8585,76.43901],[-102.13774,76.28486],[-101.52895,76.21729],[-101.87212,76.08311],[-101.43135,75.99199],[-101.59966,75.83267],[-102.14473,75.87505],[-102.25205,75.77773],[-102.79751,75.59966],[-102.54141,75.51362],[-101.46133,75.60791],[-101.20684,75.59043],[-99.91514,75.68125],[-99.59116,75.65537],[-100.27964,75.46099],[-100.71191,75.40635],[-100.36411,75.28955],[-100.45947,75.21909],[-100.23437,75.00772],[-99.6269,74.98374],[-99.4206,75.04375],[-98.56865,75.00933],[-98.12095,75.03272],[-97.79936,75.11665],[-97.87822,75.41611],[-97.40962,75.5521],[-97.40752,75.67251],[-97.86279,75.73809],[-97.60166,75.85107],[-97.53066,76.18154],[-97.70684,76.30371],[-97.70093,76.4665]]],[[[-103.42602,79.31563],[-103.7064,79.35205],[-104.84736,79.31099],[-105.38769,79.32358],[-105.53564,79.03252],[-103.87563,78.90269],[-104.15498,78.81397],[-103.51836,78.76914],[-103.48257,78.59395],[-103.76435,78.51953],[-104.72705,78.5794],[-104.99556,78.51851],[-104.76357,78.35166],[-104.32422,78.26948],[-102.73135,78.37104],[-102.60698,78.24893],[-102.05698,78.27954],[-101.07412,78.19385],[-100.58603,77.8918],[-99.95591,77.7938],[-99.16641,77.85693],[-98.99961,77.99688],[-99.13154,78.11753],[-99.75137,78.30298],[-99.8478,78.43823],[-99.60942,78.58306],[-100.4355,78.82031],[-100.91699,78.78291],[-101.03369,78.9147],[-101.87261,79.08838],[-102.65229,79.09502],[-102.91435,79.2311],[-103.42602,79.31563]]],[[[-91.88555,81.13286],[-92.4126,81.27827],[-93.33276,81.3644],[-94.05972,81.34932],[-94.19443,81.24092],[-93.40654,81.20908],[-93.23564,81.12886],[-95.26977,81.00078],[-95.51475,80.83813],[-94.78848,80.75127],[-96.13281,80.69141],[-96.15181,80.55347],[-95.61445,80.39624],[-96.36841,80.29307],[-95.40508,80.13501],[-94.59014,80.20151],[-94.6459,80.04873],[-95.78198,80.06641],[-96.77324,80.13579],[-96.46274,79.84751],[-95.85752,79.67378],[-95.29697,79.65308],[-95.73301,79.41821],[-95.10317,79.28989],[-94.40488,79.39053],[-93.93315,79.29072],[-92.82192,79.4499],[-91.86758,79.31743],[-92.54722,79.28262],[-92.68364,79.18579],[-93.2939,79.1395],[-94.16279,78.99419],[-93.2666,78.6083],[-91.93496,78.56172],[-92.72559,78.48667],[-92.67827,78.38911],[-91.89917,78.23686],[-90.6144,78.14985],[-90.32676,78.18477],[-88.79102,78.19243],[-88.60644,78.39199],[-87.98286,78.53706],[-88.22788,78.65303],[-87.61738,78.67632],[-87.01645,78.89868],[-86.09165,79.1],[-85.28984,79.20835],[-85.06377,79.32817],[-85.50137,79.53032],[-86.64883,79.64624],[-87.14424,79.66265],[-86.9772,79.89424],[-87.20205,80.04321],[-87.92231,80.09771],[-87.62549,80.18721],[-87.675,80.37212],[-88.12524,80.42949],[-88.64365,80.38687],[-88.53755,80.13115],[-89.19834,80.26318],[-89.16689,80.47964],[-89.86186,80.49844],[-90.64302,80.5937],[-90.68291,80.6877],[-91.27246,80.8501],[-91.88555,81.13286]]],[[[-94.29497,76.91245],[-95.63823,77.06377],[-96.7583,76.97178],[-96.4332,76.81069],[-96.6397,76.70293],[-95.78887,76.53721],[-96.0397,76.48672],[-95.44741,76.36304],[-95.27388,76.2644],[-94.73672,76.29326],[-93.66519,76.27315],[-93.09175,76.354],[-92.18511,75.84653],[-92.06885,75.65791],[-92.4271,75.34639],[-92.07632,75.12354],[-92.17417,75.05107],[-91.96157,74.79321],[-91.50835,74.65068],[-90.78408,74.6959],[-90.55327,74.61274],[-89.84438,74.54858],[-88.77783,74.71519],[-88.42305,74.49414],[-87.59258,74.47036],[-87.36377,74.5022],[-86.66611,74.48911],[-86.10986,74.53975],[-85.80801,74.49898],[-85.33926,74.54331],[-84.42554,74.50811],[-83.53188,74.58569],[-83.34131,74.7646],[-82.93105,74.56558],[-81.80884,74.47661],[-81.22622,74.56665],[-80.27773,74.58159],[-80.21269,74.74946],[-79.50796,74.88013],[-79.5248,74.9897],[-80.03643,74.99092],[-80.35757,75.05156],[-79.63442,75.19932],[-79.50781,75.29536],[-79.66021,75.44951],[-80.09961,75.46743],[-80.32197,75.6291],[-81.00078,75.64311],[-81.15078,75.73555],[-82.15366,75.83106],[-83.23711,75.75083],[-83.93198,75.81895],[-84.60488,75.65347],[-84.98677,75.64492],[-86.06875,75.50225],[-86.23633,75.40635],[-86.81445,75.49136],[-87.25693,75.61772],[-88.20132,75.51201],[-88.56904,75.64512],[-89.28042,75.56411],[-89.20488,75.76201],[-90.25137,76.05347],[-91.27944,76.15991],[-91.2604,76.22998],[-90.31206,76.15801],[-89.40659,76.18916],[-89.28452,76.30161],[-90.85478,76.4373],[-90.73843,76.58135],[-91.30503,76.68076],[-91.78945,76.67578],[-92.71626,76.60298],[-93.20059,76.66909],[-93.21186,76.75469],[-93.81094,76.91416],[-94.29497,76.91245]]],[[[-96.20449,78.5313],[-96.58706,78.68711],[-97.38232,78.78291],[-98.21211,78.80454],[-98.28989,78.69238],[-98.06035,78.55835],[-98.25493,78.42925],[-97.81904,78.23062],[-97.32305,78.20322],[-97.65815,78.09063],[-97.09331,77.9335],[-96.98965,77.80601],[-96.01157,77.8874],[-95.08701,77.99263],[-94.93603,78.1064],[-95.32925,78.22505],[-94.88716,78.34522],[-95.56113,78.5166],[-96.20449,78.5313]]],[[[-93.17085,74.16099],[-93.78462,74.11836],[-94.48257,74.11314],[-95.03984,74.02388],[-95.14902,73.9064],[-94.81685,73.66255],[-95.38599,73.75513],[-95.63291,73.69546],[-95.54761,72.78154],[-95.25102,72.50195],[-95.1668,72.18003],[-95.19297,72.02744],[-94.03755,72.02876],[-93.8706,72.25264],[-93.55518,72.42114],[-93.57227,72.55864],[-93.77056,72.66821],[-94.21133,72.75693],[-93.34062,72.80186],[-92.39194,72.71846],[-92.11792,72.75381],[-91.621,73.02588],[-90.93369,73.52769],[-90.56558,73.68643],[-90.35459,73.86865],[-91.08799,74.00928],[-91.63042,74.02778],[-92.2227,73.97236],[-92.49282,74.06206],[-93.17085,74.16099]]],[[[-97.43945,69.64268],[-97.41138,69.73848],[-97.79072,69.86162],[-98.26821,69.75444],[-98.28882,69.629],[-98.54824,69.54497],[-98.45596,69.33467],[-98.91221,69.16758],[-99.45571,69.1312],[-99.56406,69.03413],[-99.254,68.86318],[-98.90449,68.93242],[-98.82964,68.83862],[-97.88535,68.67246],[-97.47202,68.5437],[-97.0084,68.53867],[-96.59883,68.46084],[-96.40156,68.4707],[-95.68564,68.73584],[-95.46558,68.74727],[-95.95137,69.02373],[-96.29995,69.34439],[-96.87519,69.51001],[-97.23608,69.67349],[-97.43945,69.64268]]],[[[-61.10518,45.94473],[-60.57685,46.17217],[-60.49453,46.27026],[-60.48242,46.41353],[-60.33174,46.76782],[-60.42544,46.92319],[-60.61665,46.97578],[-60.87017,46.79678],[-61.24053,46.30254],[-61.40864,46.17036],[-61.49531,45.94146],[-61.4498,45.71621],[-61.28369,45.57388],[-60.87158,45.61069],[-60.67295,45.59082],[-60.38608,45.65464],[-60.01582,45.88047],[-59.84219,45.94155],[-59.93403,46.01943],[-59.86504,46.15952],[-60.22646,46.19556],[-60.29795,46.31123],[-60.50493,46.20386],[-60.57319,46.06143],[-60.70488,45.93291],[-60.47236,45.94653],[-60.69907,45.77334],[-60.8061,45.73809],[-61.10518,45.94473]]],[[[-67.12485,45.16943],[-66.9187,45.14561],[-66.87246,45.06729],[-66.51094,45.14336],[-66.43984,45.0959],[-66.10732,45.25693],[-65.88447,45.2229],[-65.54502,45.33731],[-65.28232,45.4731],[-64.8979,45.62598],[-64.77852,45.63843],[-64.53633,45.8666],[-64.48223,45.80635],[-64.56006,45.62549],[-64.82739,45.47554],[-64.91289,45.37481],[-64.74668,45.32437],[-64.60019,45.41006],[-64.33643,45.38955],[-64.08716,45.41089],[-63.74834,45.31089],[-64.09316,45.21709],[-64.23501,45.11431],[-64.35425,45.13823],[-64.44883,45.25606],[-64.90293,45.1208],[-65.65674,44.7603],[-65.68184,44.65093],[-65.86802,44.5688],[-66.09956,44.36748],[-66.19307,44.14385],[-66.12573,43.81382],[-65.88691,43.79522],[-65.73813,43.56074],[-65.48169,43.51807],[-65.34429,43.54961],[-65.32959,43.66812],[-65.08682,43.7272],[-64.86235,43.86787],[-64.37822,44.30356],[-64.28608,44.55034],[-63.99971,44.64492],[-63.76113,44.48643],[-63.60977,44.47998],[-63.54434,44.65508],[-63.3063,44.64258],[-62.51401,44.84365],[-61.28379,45.2355],[-61.10107,45.23345],[-61.10674,45.34863],[-61.28198,45.44106],[-61.35049,45.57368],[-61.49228,45.68701],[-61.65688,45.64219],[-61.87725,45.71421],[-61.95552,45.86816],[-62.48306,45.62183],[-62.70068,45.74058],[-63.10791,45.78242],[-63.29277,45.75195],[-63.50923,45.87471],[-63.70288,45.85801],[-64.0564,46.02134],[-63.83193,46.10718],[-63.91592,46.16582],[-64.21182,46.22022],[-64.5415,46.24033],[-64.64785,46.35596],[-64.72588,46.67144],[-64.8167,46.69868],[-64.90576,46.88794],[-64.8314,47.06079],[-65.04238,47.08882],[-65.19209,47.04956],[-65.3189,47.10122],[-64.91221,47.36865],[-64.85215,47.56987],[-64.70322,47.72485],[-64.87397,47.79722],[-65.22817,47.81128],[-65.4835,47.68701],[-65.66645,47.69614],[-65.75571,47.85977],[-65.84941,47.91104],[-66.2102,47.98857],[-66.24863,48.11733],[-66.0831,48.10269],[-65.92671,48.18887],[-65.47588,48.03149],[-65.25942,48.02124],[-64.7645,48.22808],[-64.63315,48.3605],[-64.34883,48.42319],[-64.25376,48.55039],[-64.20879,48.8062],[-64.26182,48.92188],[-64.56772,49.10479],[-64.83633,49.19175],[-65.52339,49.26616],[-66.17817,49.21314],[-66.5981,49.12637],[-67.11748,48.96416],[-67.56089,48.85596],[-67.88901,48.73091],[-68.23818,48.62642],[-68.552,48.45732],[-68.98706,48.275],[-69.30635,48.04702],[-69.47104,47.96729],[-69.58106,47.82368],[-69.80225,47.62344],[-70.01714,47.47144],[-70.51948,47.03252],[-71.26118,46.75625],[-71.67129,46.65376],[-71.90093,46.63193],[-72.18721,46.51152],[-72.24014,46.44209],[-72.49619,46.35269],[-72.73345,46.18184],[-72.98994,46.10361],[-73.15957,46.01006],[-73.25303,45.86367],[-73.46528,45.63232],[-73.5581,45.4251],[-73.76465,45.39546],[-74.04981,45.24141],[-74.26904,45.18828],[-74.56631,45.0416],[-74.70889,45.00386],[-73.18203,45.00562],[-71.51753,45.00757],[-71.3273,45.29009],[-71.13467,45.26284],[-70.9999,45.33726],[-70.898,45.26245],[-70.79917,45.40479],[-70.68979,45.42832],[-70.70225,45.55137],[-70.42109,45.73823],[-70.29624,45.9061],[-70.30449,46.05737],[-70.24829,46.25088],[-70.06719,46.44106],[-70.00771,46.70894],[-69.24287,47.46299],[-69.05019,47.42661],[-69.04858,47.27363],[-68.82871,47.20332],[-68.48037,47.28579],[-68.31089,47.35449],[-68.09678,47.27485],[-67.80679,47.08281],[-67.78467,45.70171],[-67.59575,45.62075],[-67.43267,45.60313],[-67.49365,45.47407],[-67.42793,45.37793],[-67.47256,45.27588],[-67.36694,45.17378],[-67.12485,45.16943]]],[[[-55.45874,51.53652],[-55.66641,51.57891],[-55.69043,51.47134],[-56.02559,51.56836],[-56.51797,51.39932],[-56.75019,51.2749],[-56.80547,51.14448],[-56.97637,51.02798],[-57.13164,50.7874],[-57.298,50.69873],[-57.46553,50.46367],[-57.7125,50.0249],[-58.01582,49.54248],[-58.21338,49.38667],[-58.19092,49.25874],[-58.04907,49.17998],[-58.09893,49.07744],[-58.40366,49.08433],[-58.49375,49.00322],[-58.71645,48.59805],[-58.90644,48.6502],[-59.1668,48.52178],[-58.72256,48.54072],[-58.49224,48.51304],[-58.7106,48.32505],[-58.96084,48.15938],[-59.27207,47.99556],[-59.3624,47.86567],[-59.25977,47.63418],[-59.11694,47.5707],[-58.94116,47.58047],[-58.3332,47.67686],[-57.92554,47.6749],[-57.65981,47.62539],[-57.47344,47.6311],[-56.95249,47.57446],[-56.45957,47.61694],[-56.22129,47.67139],[-56.15059,47.77451],[-55.84438,47.78784],[-55.86206,47.53008],[-55.57612,47.46523],[-55.43467,47.50127],[-55.36631,47.66108],[-55.07456,47.65757],[-54.86953,47.5709],[-55.19082,47.44898],[-55.4915,47.16065],[-55.83838,47.07163],[-55.9499,46.92769],[-55.78852,46.86724],[-55.53071,46.91401],[-55.31572,46.90571],[-55.13965,47.04595],[-55.09043,47.17393],[-54.85664,47.38501],[-54.43447,47.46231],[-54.40469,47.55591],[-54.19185,47.85981],[-53.98901,47.7562],[-53.86909,47.38701],[-54.09268,47.08623],[-54.17373,46.88037],[-54.07602,46.81997],[-53.86001,46.93945],[-53.63638,47.1377],[-53.58135,46.95728],[-53.61636,46.68027],[-53.53613,46.63252],[-53.29131,46.71704],[-53.06977,46.68125],[-52.88921,46.97412],[-52.9124,47.10322],[-52.68364,47.42632],[-52.65366,47.54941],[-52.71143,47.74531],[-52.78242,47.76943],[-52.94502,47.55283],[-53.12246,47.45513],[-53.17554,47.65298],[-53.11084,47.81191],[-52.95498,48.0293],[-52.921,48.14707],[-53.28271,47.99785],[-53.60376,47.66231],[-53.76514,47.6501],[-53.86167,47.79927],[-53.69502,47.92119],[-53.56943,48.08809],[-53.5312,48.23189],[-53.33433,48.35596],[-53.13574,48.40186],[-53.02075,48.57163],[-53.41133,48.56216],[-53.55205,48.48179],[-53.79463,48.52637],[-53.69805,48.67983],[-53.96602,48.70669],[-53.85288,48.81133],[-53.75806,49.0354],[-53.57344,49.14121],[-53.61943,49.32163],[-53.95771,49.44185],[-54.31675,49.42412],[-54.57905,49.49082],[-54.71763,49.38857],[-55.02617,49.30537],[-55.24453,49.19981],[-55.20029,49.4085],[-55.37593,49.48975],[-55.67812,49.43462],[-55.89204,49.58027],[-55.86982,49.67017],[-56.03999,49.70469],[-55.71763,49.829],[-55.527,49.93677],[-55.76475,49.96045],[-56.24707,50.09009],[-56.37642,49.93369],[-56.50093,49.86963],[-56.75679,49.65161],[-56.84863,49.76533],[-56.69399,50.05967],[-56.38242,50.41699],[-56.13564,50.65098],[-56.07812,50.78096],[-55.87139,50.90737],[-55.8,51.0333],[-55.81509,51.19116],[-55.9999,51.19927],[-56.0311,51.32837],[-55.5834,51.38857],[-55.45874,51.53652]]],[[[-86.58935,71.01079],[-85.94541,71.16265],[-85.40537,71.22676],[-85.02339,71.35322],[-86.03613,71.77095],[-86.21846,71.89912],[-86.34136,72.12319],[-86.32256,72.46084],[-86.59463,72.66113],[-86.62935,72.8708],[-86.08647,73.26025],[-85.68188,73.46147],[-84.97451,73.69478],[-85.1105,73.80815],[-85.95078,73.85015],[-86.76875,73.83398],[-87.71977,73.7229],[-88.70518,73.40327],[-89.26323,73.06899],[-89.35771,72.80415],[-89.86152,72.41191],[-89.8229,72.20781],[-89.66382,72.15796],[-90.02519,71.94878],[-89.84575,71.49229],[-89.69331,71.42349],[-89.07935,71.28794],[-88.5895,71.24028],[-87.87246,71.20855],[-87.18159,70.98755],[-87.84492,70.94439],[-88.51665,71.03057],[-89.36553,71.06719],[-89.2083,70.75972],[-88.84844,70.5229],[-88.4021,70.44248],[-87.90068,70.2519],[-87.50244,70.32568],[-87.06328,70.3251],[-87.12246,70.41196],[-86.62432,70.40127],[-86.32202,70.14541],[-85.78003,70.03667],[-85.43237,70.11138],[-84.90908,70.07822],[-84.52187,70.00523],[-83.85908,69.96274],[-83.09116,70.00391],[-82.48774,69.86597],[-82.13872,69.84121],[-81.5647,69.94273],[-80.92173,69.73091],[-80.92481,69.85059],[-81.19683,69.98281],[-81.09829,70.09116],[-80.16211,69.996],[-79.61592,69.89473],[-79.30332,69.89482],[-78.88965,69.97749],[-78.80981,70.17856],[-79.01753,70.32519],[-79.39731,70.43726],[-79.06641,70.60356],[-78.62144,70.35342],[-78.28281,70.22915],[-77.84253,70.24707],[-77.72192,70.1708],[-77.6353,69.90044],[-77.49429,69.83623],[-76.96226,69.82485],[-76.8686,69.74517],[-77.12881,69.65273],[-76.52036,69.5166],[-76.40796,69.44111],[-75.78716,69.31865],[-75.66797,69.15884],[-75.95371,69.03081],[-76.38091,69.05244],[-76.55723,69.00947],[-76.61943,68.72139],[-76.40342,68.69233],[-75.62305,68.88774],[-75.21328,68.90938],[-74.91729,68.98286],[-74.75239,68.89209],[-74.64795,68.70752],[-74.27012,68.54121],[-73.78252,68.57803],[-73.87935,68.4294],[-73.64448,68.29453],[-73.32822,68.26675],[-73.06343,68.10698],[-72.57646,67.65864],[-72.35288,67.34189],[-72.22002,67.2543],[-72.36494,67.1334],[-72.78882,67.03062],[-73.03325,66.72817],[-73.28081,66.67495],[-73.93369,66.35806],[-74.3749,66.20815],[-74.43394,66.13901],[-74.03311,65.87705],[-73.74609,65.7667],[-73.56074,65.54292],[-74.23686,65.48389],[-74.39072,65.39756],[-74.98174,65.38145],[-75.16631,65.28394],[-75.70859,65.31572],[-75.82832,65.22705],[-76.48169,65.36973],[-77.32671,65.45313],[-77.46147,65.32817],[-77.44746,65.16157],[-77.87617,65.07295],[-78.09561,64.93926],[-78.1897,64.75181],[-78.17456,64.61772],[-77.79116,64.36709],[-77.28252,64.28037],[-76.72383,64.24204],[-76.11807,64.37632],[-75.7667,64.39194],[-75.71504,64.52437],[-75.48779,64.54077],[-75.06738,64.45669],[-74.69473,64.49658],[-74.64004,64.55708],[-74.91943,64.76553],[-74.63428,64.82393],[-74.51245,64.67017],[-73.91035,64.57813],[-73.62695,64.60254],[-73.27817,64.56025],[-73.44365,64.42349],[-72.91318,64.11719],[-72.63931,63.98906],[-72.58613,63.90078],[-72.22295,63.70889],[-71.72529,63.70615],[-71.45586,63.51226],[-71.69653,63.43023],[-71.97305,63.42988],[-71.61714,63.18721],[-71.25371,63.04253],[-70.23613,62.76338],[-69.79951,62.79048],[-69.54517,62.74458],[-69.36602,62.57188],[-69.08232,62.40518],[-68.37861,62.23516],[-67.44014,62.15127],[-67.18105,62.07285],[-66.80312,62.0126],[-66.25669,61.86826],[-66.05889,61.91387],[-66.13315,62.10239],[-65.98018,62.20889],[-66.28125,62.30269],[-66.64487,62.60205],[-66.97954,62.70083],[-67.46821,62.94824],[-67.73696,63.00957],[-67.67598,63.09356],[-68.14126,63.17231],[-68.37393,63.3522],[-68.67056,63.51367],[-68.91108,63.70322],[-68.49375,63.72549],[-67.83789,63.44922],[-67.70923,63.63394],[-67.17978,63.30503],[-66.97471,63.25557],[-66.63643,63.08013],[-66.41445,63.0272],[-65.97886,63.00068],[-65.74038,62.93198],[-65.26582,62.71509],[-65.04658,62.70147],[-65.16279,62.93262],[-64.92324,62.88916],[-64.67236,62.92197],[-65.06894,63.26348],[-65.00478,63.3334],[-65.0894,63.60596],[-64.88628,63.54873],[-64.6956,63.26885],[-64.51435,63.26397],[-64.49863,63.46279],[-64.56157,63.67969],[-64.41094,63.70635],[-64.67847,64.02798],[-65.0106,64.00884],[-65.50747,64.31831],[-65.21299,64.30327],[-65.07461,64.43667],[-65.2748,64.63154],[-65.51318,64.70649],[-65.76807,64.85356],[-66.22373,64.8541],[-66.86065,65.0916],[-67.0665,65.24409],[-67.32607,65.35664],[-67.30342,65.48291],[-67.56963,65.64356],[-67.90605,65.56348],[-67.86645,65.77368],[-68.11504,65.82778],[-68.25684,65.93862],[-68.14727,66.12983],[-67.82803,65.96519],[-67.55078,65.92163],[-67.27266,65.95557],[-67.1832,66.03442],[-67.70449,66.2686],[-67.8834,66.46743],[-67.31123,66.30376],[-67.19175,66.43276],[-67.31768,66.52036],[-66.7874,66.55566],[-66.47695,66.27974],[-65.85718,66.08643],[-65.82573,65.99692],[-65.30537,66.00845],[-65.00449,66.07773],[-64.85371,66.01592],[-65.18486,65.93994],[-65.40161,65.76401],[-65.1085,65.46377],[-64.66533,65.16894],[-64.46982,65.25273],[-64.15185,65.06616],[-63.8956,65.10928],[-63.60659,64.92808],[-63.40181,65.11846],[-63.36426,65.54321],[-63.4209,65.70859],[-62.9689,65.62236],[-62.65889,65.63994],[-62.38198,65.8333],[-62.49736,65.97402],[-61.9916,66.0353],[-62.53359,66.227],[-62.40566,66.31592],[-61.86269,66.31284],[-61.5708,66.3729],[-61.65264,66.50313],[-62.08931,66.62593],[-61.90449,66.67812],[-61.52783,66.55811],[-61.29971,66.64873],[-61.96855,67.01904],[-62.12358,67.04673],[-62.37974,66.90537],[-62.9623,66.94927],[-63.70156,66.82236],[-63.2584,67.02466],[-63.04014,67.23501],[-63.5916,67.37754],[-63.83623,67.26411],[-64.35644,67.25615],[-64.30327,67.35347],[-64.00796,67.34731],[-64.15625,67.623],[-64.52754,67.8127],[-65.02109,67.78755],[-64.9769,68.04341],[-65.30034,67.9395],[-65.70171,67.98667],[-65.86435,67.92285],[-66.22519,67.95874],[-66.2124,68.28042],[-66.53076,68.25034],[-66.729,68.129],[-67.03296,68.32607],[-66.7624,68.42466],[-67.45552,68.4979],[-67.65596,68.55073],[-68.03794,68.55073],[-68.15249,68.68106],[-68.72529,68.81021],[-68.32422,68.84404],[-67.8832,68.78398],[-67.75171,69.03867],[-68.30395,69.16641],[-67.93848,69.24814],[-67.48379,69.16699],[-66.80288,69.15273],[-66.77085,69.33667],[-67.36094,69.47251],[-68.05815,69.47588],[-68.51304,69.5773],[-69.0749,69.51811],[-69.12451,69.57451],[-68.66992,69.64365],[-68.37207,69.64439],[-68.11396,69.7543],[-67.8062,69.77739],[-67.25928,69.72129],[-67.17266,69.79946],[-67.36367,70.03442],[-67.85532,70.28179],[-68.20352,70.28149],[-68.3186,70.1606],[-68.74404,69.94141],[-69.0083,69.97896],[-68.72329,70.14565],[-68.91855,70.20698],[-69.48301,70.16006],[-69.79585,70.04692],[-70.06143,70.07085],[-69.29873,70.27681],[-68.79365,70.32441],[-68.36352,70.48125],[-68.49575,70.61025],[-69.1687,70.76416],[-69.69551,70.78589],[-69.9498,70.84502],[-70.56094,70.73828],[-71.27588,70.50029],[-71.58594,70.56587],[-71.02178,70.67412],[-70.65522,70.8709],[-70.63647,71.00659],[-70.79248,71.10332],[-71.18623,70.97803],[-71.74253,71.04688],[-71.21938,71.23882],[-71.25605,71.36182],[-71.45991,71.46372],[-71.8752,71.56123],[-72.58061,71.60679],[-72.90195,71.67778],[-73.48159,71.47925],[-73.71284,71.5876],[-73.71357,71.71987],[-74.70078,71.67559],[-74.89297,71.72554],[-74.31572,71.84268],[-74.26636,72.0377],[-74.90317,72.10049],[-75.18579,72.43423],[-75.7043,72.57153],[-76.18877,72.57222],[-76.89351,72.72065],[-77.5668,72.73686],[-78.00102,72.6876],[-78.47949,72.50874],[-78.28721,72.35981],[-77.53574,72.21875],[-77.72603,72.17998],[-78.11636,72.28032],[-78.69927,72.35142],[-79.00024,72.27202],[-79.32334,72.39082],[-79.65386,72.33218],[-80.0418,72.39424],[-80.11611,72.21406],[-80.38613,72.14878],[-80.80225,71.9292],[-80.94121,72.21016],[-80.60469,72.42578],[-80.6751,72.55864],[-80.27471,72.74556],[-80.59189,72.92769],[-80.60347,73.12119],[-81.15176,73.31401],[-81.40615,73.63452],[-81.94614,73.72983],[-82.65962,73.72959],[-83.72983,73.57588],[-84.08896,73.45937],[-84.41606,73.45649],[-85.01841,73.3355],[-85.45474,73.10547],[-85.26211,72.954],[-85.64453,72.77446],[-85.63789,72.6332],[-85.34111,72.42153],[-84.84941,72.40625],[-84.64297,72.18955],[-85.40591,72.21484],[-85.5458,72.10156],[-85.91162,71.98652],[-85.25049,71.67529],[-84.84014,71.65864],[-84.65996,71.58613],[-84.7896,71.09326],[-85.09487,71.15195],[-85.64385,71.15244],[-86.12715,71.04898],[-86.58935,71.01079]]],[[[-61.80112,49.0939],[-61.69614,49.13901],[-61.81714,49.28355],[-62.85854,49.70547],[-63.29199,49.81685],[-63.76016,49.87524],[-64.13144,49.94165],[-64.37295,49.92593],[-64.44004,49.82773],[-63.88491,49.65772],[-63.67622,49.53433],[-63.56587,49.39932],[-63.0415,49.22495],[-62.79961,49.1707],[-62.21953,49.0791],[-61.80112,49.0939]]],[[[-63.81128,46.4687],[-63.90557,46.50879],[-63.90303,46.63911],[-64.08789,46.77544],[-63.98149,46.91299],[-63.99355,47.06157],[-64.35459,46.76924],[-64.38804,46.64087],[-64.10654,46.56211],[-64.11084,46.42544],[-63.86055,46.40815],[-63.64102,46.23047],[-63.27661,46.15327],[-63.11699,46.25283],[-62.89453,46.12358],[-62.87837,46.00137],[-62.53135,45.9773],[-62.552,46.16592],[-62.02373,46.42158],[-62.16357,46.48721],[-63.12939,46.42222],[-63.36865,46.50825],[-63.68144,46.56191],[-63.81128,46.4687]]],[[[-82.00049,62.9542],[-82.23477,62.97744],[-82.70644,62.94453],[-82.96577,62.87393],[-83.37642,62.90493],[-83.73906,62.56885],[-83.89927,62.47647],[-83.69888,62.16025],[-83.37681,62.23814],[-83.01582,62.20991],[-82.56826,62.40322],[-82.11372,62.65225],[-81.94858,62.88403],[-82.00049,62.9542]]],[[[-79.54531,62.41172],[-79.86807,62.40435],[-80.02158,62.34297],[-80.23467,62.15269],[-80.27617,61.85859],[-79.81611,61.59463],[-79.71426,61.61255],[-79.32393,62.02607],[-79.28647,62.24766],[-79.54531,62.41172]]],[[[-75.67588,68.32251],[-76.36445,68.3187],[-76.74023,68.23125],[-77.22856,67.8501],[-77.30591,67.7061],[-77.15708,67.40835],[-77.00488,67.26694],[-76.69394,67.23584],[-75.78008,67.28355],[-75.4001,67.3667],[-75.12729,67.53731],[-75.08638,67.75142],[-75.12734,67.96523],[-75.06348,68.14121],[-75.15381,68.23403],[-75.67588,68.32251]]],[[[-79.5373,73.65449],[-80.4123,73.76543],[-80.84888,73.72124],[-80.82417,73.38066],[-80.61792,73.2708],[-80.1833,73.22466],[-79.93686,72.86362],[-79.50054,72.75596],[-79.13418,72.77163],[-78.31421,72.88184],[-77.83594,72.89683],[-76.40054,72.82065],[-76.08999,72.8812],[-76.28955,73.08101],[-76.56978,73.15928],[-76.75869,73.31001],[-77.00532,73.35606],[-77.20654,73.49956],[-78.28652,73.66582],[-79.5373,73.65449]]],[[[-80.73169,52.74727],[-80.76533,52.92324],[-81.1356,53.20581],[-81.33535,53.22427],[-81.84731,53.18628],[-82.03926,53.0499],[-81.83906,52.95791],[-81.00986,52.76065],[-80.73169,52.74727]]],[[[-78.82651,56.14531],[-78.65718,56.31738],[-78.79941,56.3833],[-78.82651,56.14531]]],[[[-78.9356,56.26606],[-78.96318,56.42173],[-79.27241,56.60044],[-79.39263,56.27647],[-79.59634,56.24448],[-80.00078,55.93208],[-79.90459,55.87105],[-79.56455,56.12095],[-79.49746,56.09316],[-79.76475,55.80679],[-79.40742,55.93486],[-79.22183,56.17598],[-79.14228,56.13643],[-79.27363,55.92246],[-79.17549,55.88506],[-78.9356,56.26606]]],[[[-89.83325,77.26763],[-89.71948,77.44214],[-90.17192,77.59468],[-90.84258,77.65498],[-91.14946,77.60806],[-91.14727,77.38731],[-90.22827,77.21245],[-89.83325,77.26763]]],[[[-104.55815,77.14175],[-104.54224,77.33774],[-104.95532,77.4187],[-105.00723,77.50674],[-105.58789,77.73599],[-106.06611,77.72539],[-105.55635,77.35264],[-105.21509,77.18208],[-104.55815,77.14175]]],[[[-98.7916,79.9811],[-98.89468,80.08179],[-99.7312,80.14409],[-100.05327,80.09336],[-100.09243,79.91865],[-99.51562,79.88716],[-98.84062,79.73706],[-98.7916,79.9811]]],[[[-105.28892,72.91992],[-104.79102,73.16763],[-104.58286,73.35391],[-104.64878,73.6144],[-105.11445,73.74443],[-105.5123,73.76577],[-106.61396,73.69561],[-106.92153,73.47983],[-106.18003,73.3041],[-106.07104,73.19639],[-105.43408,72.93799],[-105.28892,72.91992]]],[[[-102.22734,76.01489],[-102.49004,76.09507],[-102.58408,76.28164],[-103.09824,76.31148],[-104.35063,76.18232],[-104.24248,76.04697],[-103.80078,76.03701],[-103.76977,75.89238],[-103.0415,75.91885],[-103.31475,75.76421],[-102.57959,75.78023],[-102.04746,75.92773],[-102.22734,76.01489]]],[[[-104.02285,76.58311],[-104.58569,76.60649],[-104.27065,76.32627],[-103.47222,76.32905],[-103.05132,76.44985],[-104.02285,76.58311]]],[[[-118.32812,75.57969],[-117.62637,75.96597],[-118.13667,75.99448],[-118.62607,75.90625],[-119.39458,75.61733],[-118.81714,75.52212],[-118.32812,75.57969]]],[[[-113.83247,77.75464],[-113.76802,77.90356],[-114.27983,78.0043],[-115.02935,77.96753],[-114.60835,77.76934],[-113.83247,77.75464]]],[[[-130.23628,53.95855],[-130.39731,54.08569],[-130.6957,53.95127],[-130.38423,53.84395],[-130.23628,53.95855]]],[[[-129.84858,53.16792],[-129.75483,53.24478],[-129.94473,53.43638],[-130.452,53.63115],[-130.51758,53.54424],[-130.15142,53.3457],[-129.93437,53.17666],[-129.84858,53.16792]]],[[[-130.57534,54.76968],[-130.34941,54.81455],[-130.20391,54.94702],[-130.21406,55.02588],[-130.57534,54.76968]]],[[[-128.55244,52.93975],[-128.63267,53.1125],[-129.03325,53.27993],[-129.17769,53.01792],[-129.08472,52.82246],[-128.76645,52.59839],[-128.73091,52.35654],[-128.62402,52.33989],[-128.50991,52.5186],[-128.55244,52.93975]]],[[[-126.64121,49.60581],[-126.6499,49.7458],[-126.73813,49.84365],[-126.92583,49.83774],[-126.93857,49.71846],[-126.64121,49.60581]]],[[[-125.18413,50.09712],[-125.07402,50.22065],[-125.196,50.38975],[-125.35845,50.31152],[-125.18413,50.09712]]],[[[-128.93687,52.51001],[-128.99399,52.66172],[-129.15102,52.60532],[-128.93687,52.51001]]],[[[-127.92466,51.47388],[-127.91636,51.58545],[-128.03174,51.7084],[-128.14878,51.62671],[-128.0918,51.51113],[-127.92466,51.47388]]],[[[-128.36875,52.40088],[-128.24844,52.74121],[-128.43979,52.69639],[-128.36875,52.40088]]],[[[-61.91411,47.28452],[-61.88662,47.34463],[-61.58223,47.56001],[-61.62783,47.59385],[-61.92471,47.42515],[-61.91411,47.28452]]],[[[-73.5665,45.46909],[-73.52246,45.70117],[-73.77534,45.46763],[-73.5665,45.46909]]],[[[-54.0937,49.74443],[-54.28877,49.66084],[-54.23838,49.59165],[-53.98066,49.66196],[-54.0937,49.74443]]],[[[-64.82383,62.55874],[-64.90122,62.42105],[-64.65742,62.38359],[-64.47832,62.41787],[-64.51533,62.55181],[-64.82383,62.55874]]],[[[-68.23379,60.24092],[-67.84424,60.39165],[-67.91421,60.53984],[-68.1419,60.56201],[-68.33828,60.3606],[-68.23379,60.24092]]],[[[-70.33706,62.54873],[-70.44263,62.73379],[-70.67432,62.80703],[-71.13486,62.87798],[-70.85127,62.70435],[-70.76606,62.59688],[-70.33706,62.54873]]],[[[-64.83262,61.36606],[-64.69639,61.47148],[-64.66958,61.59302],[-64.78965,61.66221],[-65.12978,61.68569],[-65.43213,61.64951],[-65.3939,61.56284],[-64.83262,61.36606]]],[[[-64.40703,60.36709],[-64.64629,60.5146],[-64.80898,60.4104],[-64.44194,60.29785],[-64.40703,60.36709]]],[[[-79.06309,75.92588],[-78.84517,76.1063],[-79.00933,76.1459],[-79.69873,75.88325],[-79.06309,75.92588]]],[[[-79.38428,51.95195],[-79.33486,52.09815],[-79.64375,52.01006],[-79.38428,51.95195]]],[[[-73.62173,67.78384],[-73.40718,67.79307],[-73.43525,67.97002],[-74.37939,68.09346],[-74.70654,68.06709],[-74.746,67.98481],[-74.57339,67.82866],[-74.37407,67.7896],[-73.62173,67.78384]]],[[[-77.87671,63.47056],[-78.23491,63.48955],[-78.50732,63.45112],[-78.46875,63.35791],[-77.94243,63.1144],[-77.5939,63.18843],[-77.53848,63.28706],[-77.70371,63.43086],[-77.87671,63.47056]]],[[[-94.52656,75.74932],[-94.29629,75.78809],[-94.53789,75.99644],[-94.90122,75.93076],[-94.78735,75.79141],[-94.52656,75.74932]]],[[[-96.78232,72.93662],[-96.59849,73.07383],[-97.06924,73.13018],[-97.09277,72.99692],[-96.78232,72.93662]]],[[[-98.27036,73.86851],[-97.75474,74.00552],[-98.06103,74.10469],[-98.90449,74.00689],[-99.38516,73.8793],[-98.97393,73.81206],[-98.27036,73.86851]]],[[[-74.88086,68.34868],[-74.79824,68.45796],[-74.98364,68.64761],[-75.2874,68.68774],[-75.40024,68.52549],[-74.88086,68.34868]]],[[[-76.67759,63.39395],[-76.76362,63.57358],[-77.13369,63.68203],[-77.36475,63.58833],[-77.05723,63.44976],[-76.67759,63.39395]]],[[[-79.43066,69.78779],[-79.97085,69.73896],[-80.21367,69.80195],[-80.65254,69.75059],[-80.16147,69.53594],[-79.55283,69.63086],[-79.43066,69.78779]]],[[[-78.0291,69.71489],[-78.57856,69.63882],[-78.78931,69.52315],[-78.47007,69.50254],[-77.96914,69.63897],[-78.0291,69.71489]]],[[[-79.21064,68.84546],[-78.85269,68.91567],[-78.53291,69.14605],[-78.22895,69.304],[-78.59668,69.37061],[-78.9,69.1354],[-79.24268,69.04927],[-79.40576,68.92305],[-79.21064,68.84546]]],[[[-76.99536,69.14375],[-76.68745,69.32769],[-76.7457,69.404],[-77.3187,69.41631],[-77.37939,69.27402],[-77.21504,69.13809],[-76.99536,69.14375]]],[[[-86.91304,70.11323],[-87.19082,70.01856],[-86.73433,69.97632],[-86.61274,70.10571],[-86.91304,70.11323]]],[[[-83.72598,65.79673],[-83.70137,65.92012],[-83.95039,66.02749],[-84.40718,66.13101],[-84.45059,66.0644],[-84.14321,65.91597],[-84.11826,65.77178],[-83.81357,65.7875],[-83.38144,65.62998],[-83.23394,65.69658],[-83.72598,65.79673]]],[[[-86.59556,67.73594],[-86.38242,67.9273],[-86.42114,68.18345],[-86.7021,68.30562],[-86.95981,68.10024],[-86.84707,68.01025],[-86.86108,67.8105],[-86.59556,67.73594]]],[[[-84.67476,65.575],[-84.60264,65.65737],[-84.93857,66.00855],[-85.14961,66.01538],[-85.13628,65.82085],[-84.78291,65.57007],[-84.67476,65.575]]],[[[-101.69355,77.69658],[-101.00205,77.73511],[-101.6394,77.89209],[-102.4477,77.88062],[-102.4582,77.77017],[-101.69355,77.69658]]],[[[-89.72646,76.50742],[-89.69541,76.74116],[-89.94878,76.83623],[-90.55625,76.73457],[-90.0543,76.49512],[-89.72646,76.50742]]],[[[-113.56069,76.74326],[-113.89165,76.89487],[-114.41987,76.87534],[-114.75146,76.75889],[-113.71245,76.71055],[-113.56069,76.74326]]],[[[-104.11992,75.03633],[-103.64214,75.16294],[-103.8041,75.34551],[-104.34619,75.42993],[-104.64883,75.34976],[-104.8874,75.14775],[-104.63433,75.06128],[-104.11992,75.03633]]],[[[-100.21724,68.80669],[-100.17847,68.90391],[-100.41396,69.02808],[-100.61157,68.99019],[-100.61597,68.78291],[-100.21724,68.80669]]],[[[-95.51367,69.57363],[-95.87583,69.60601],[-95.99477,69.46968],[-95.49624,69.3501],[-95.38091,69.50659],[-95.51367,69.57363]]],[[[-101.8459,68.58633],[-101.72163,68.72412],[-102.01338,68.82539],[-102.26636,68.66367],[-101.8459,68.58633]]],[[[-104.54067,68.40591],[-104.47212,68.50352],[-104.90727,68.58179],[-104.96523,68.49175],[-104.54067,68.40591]]]]},"properties":{"ADMIN":"Canada","NAME_EN":"Canada","ISO_A2_EH":"CA","ISO_A2":"CA","LABEL_X":-101.9107,"LABEL_Y":60.324287,"MIN_LABEL":1.7,"LABELRANK":2,"TINY":-99,"TYPE":"Sovereign country"}},
{"type":"Feature","geometry":{"type":"Polygon","coordinates":[[[8.55586,4.75523],[8.53281,4.60586],[8.65625,4.51636],[8.76191,4.58003],[8.91826,4.55376],[8.90283,4.43516],[9.0001,4.0916],[9.42529,3.92231],[9.60039,4.0269],[9.62813,3.87002],[9.55615,3.79805],[9.67207,3.5376],[9.87617,3.30977],[9.94844,3.07905],[9.88545,2.91655],[9.82178,2.53926],[9.80078,2.30444],[9.87012,2.21328],[9.97988,2.16777],[11.32871,2.16743],[11.34844,2.29971],[11.93975,2.28516],[12.36133,2.296],[12.86748,2.24678],[13.22031,2.25644],[13.29356,2.16157],[14.48408,2.15474],[14.57891,2.19912],[14.90244,2.01231],[15.20352,2.02446],[15.33877,1.94473],[15.60029,1.95039],[15.7416,1.91499],[15.9752,1.76001],[16.05938,1.67622],[16.13613,1.72422],[16.08789,1.91807],[16.08008,2.10679],[16.1834,2.27007],[16.10674,2.47349],[16.05928,2.773],[16.06348,2.90859],[15.90488,3.09585],[15.775,3.1272],[15.4584,3.45684],[15.12871,3.8269],[15.03486,4.01636],[15.13691,4.06914],[15.02275,4.35855],[14.77041,4.55811],[14.70898,4.66558],[14.64063,5.17905],[14.56299,5.27993],[14.6169,5.49551],[14.6169,5.86514],[14.50313,5.9169],[14.43115,6.03872],[14.51211,6.16191],[14.73926,6.27979],[14.86191,6.55571],[15.03457,6.78442],[15.2459,7.26357],[15.3791,7.35815],[15.48008,7.52378],[15.55264,7.6645],[15.54981,7.78789],[15.44297,7.85186],[15.25234,8.32236],[15.11621,8.55732],[14.86074,8.79863],[14.73281,8.86567],[14.33232,9.20352],[14.17793,9.40649],[14.00498,9.58872],[13.97725,9.69155],[14.13975,9.90181],[14.24326,9.97974],[14.37725,9.98506],[14.83584,9.9417],[15.19316,9.98149],[15.32002,9.9543],[15.54092,9.9603],[15.53193,10.08848],[15.27607,10.35737],[15.20098,10.48452],[15.06865,10.85107],[15.02988,11.11367],[15.05547,11.36856],[15.12197,11.54126],[15.07803,11.64258],[15.08125,11.84551],[14.97383,12.10835],[14.88066,12.26939],[14.84707,12.5021],[14.76123,12.65562],[14.62324,12.72993],[14.54473,12.82022],[14.51621,12.97974],[14.24482,13.07734],[14.06397,13.07852],[14.19746,12.38379],[14.51895,12.29824],[14.62715,12.10869],[14.59736,11.82983],[14.56182,11.72871],[14.55977,11.49229],[14.20234,11.26816],[14.05674,11.24502],[13.89209,11.14009],[13.6999,10.87315],[13.53535,10.60508],[13.41455,10.17144],[13.26992,10.03618],[13.22119,9.64517],[13.17549,9.53965],[12.92949,9.42627],[12.87568,9.30352],[12.80654,8.88662],[12.73115,8.74565],[12.58272,8.62412],[12.40352,8.59556],[12.2334,8.28232],[12.15596,7.94248],[12.0252,7.72778],[12.01602,7.58975],[11.76738,7.27227],[11.86143,7.11641],[11.58008,6.88887],[11.55166,6.69727],[11.47754,6.59741],[11.32461,6.48467],[11.15332,6.43794],[11.07969,6.50552],[11.03252,6.6979],[10.7376,6.98828],[10.60625,7.06309],[10.48232,6.89126],[10.20547,6.8916],[10.14355,6.99644],[9.87422,6.80327],[9.77988,6.76016],[9.65996,6.53198],[9.37334,6.31963],[9.06016,6.00908],[8.93506,5.78101],[8.80098,5.19746],[8.55586,4.75523]]]},"properties":{"ADMIN":"Cameroon","NAME_EN":"Cameroon","ISO_A2_EH":"CM","ISO_A2":"CM","LABEL_X":12.473488,"LABEL_Y":4.585041,"MIN_LABEL":3,"LABELRANK":3,"TINY":-99,"TYPE":"Sovereign country"}},
{"type":"Feature","geometry":{"type":"Polygon","coordinates":[[[107.51943,14.70508],[107.41475,14.56289],[107.29268,14.59238],[107.10938,14.4167],[107.03018,14.42568],[106.93809,14.32734],[106.81992,14.3147],[106.56367,14.50508],[106.50147,14.57822],[106.35498,14.45479],[106.22539,14.47622],[106.16523,14.37236],[105.97891,14.34302],[106.12471,14.04912],[106.0668,13.92119],[105.90449,13.92451],[105.73975,14.08496],[105.53154,14.15615],[105.3502,14.10957],[105.2457,14.20054],[105.1833,14.34624],[105.07412,14.22744],[104.96973,14.36611],[104.779,14.42783],[104.41162,14.36958],[104.22773,14.39551],[104.0543,14.36274],[103.81836,14.36216],[103.60039,14.42109],[103.19941,14.33262],[103.03106,14.25254],[102.90928,14.13672],[102.72891,13.8419],[102.54473,13.65996],[102.54688,13.58569],[102.31973,13.53999],[102.33076,13.28823],[102.46172,13.01504],[102.49961,12.66997],[102.75566,12.42627],[102.70625,12.25566],[102.73662,12.0898],[102.93389,11.70669],[103.12549,11.46065],[103.09111,11.21108],[103.15283,10.91372],[103.35361,10.92158],[103.53242,11.14668],[103.6543,11.05869],[103.72188,10.89014],[103.68086,10.75859],[103.54043,10.6687],[103.53223,10.60464],[103.66191,10.50894],[103.93711,10.58662],[104.2624,10.54126],[104.42637,10.41123],[104.56426,10.51597],[104.85059,10.53447],[105.06113,10.73379],[105.02227,10.88687],[105.15947,10.89756],[105.31465,10.84517],[105.38652,10.94009],[105.75508,10.98999],[105.85332,10.86357],[105.93818,10.88516],[106.09883,10.79727],[106.16797,11.01231],[105.85606,11.29429],[105.85147,11.63501],[106.00606,11.75801],[106.33984,11.68184],[106.41074,11.73838],[106.41387,11.94844],[106.7001,11.9793],[106.76465,12.05234],[106.93066,12.07749],[107.15898,12.27705],[107.33008,12.31904],[107.39336,12.2605],[107.50645,12.36455],[107.55547,12.53999],[107.54356,12.70591],[107.47539,13.03037],[107.60547,13.43779],[107.33145,14.12661],[107.36445,14.3687],[107.44844,14.45122],[107.53525,14.64995],[107.51943,14.70508]]]},"properties":{"ADMIN":"Cambodia","NAME_EN":"Cambodia","ISO_A2_EH":"KH","ISO_A2":"KH","LABEL_X":104.50487,"LABEL_Y":12.647584,"MIN_LABEL":3,"LABELRANK":3,"TINY":-99,"TYPE":"Sovereign country"}},
{"type":"Feature","geometry":{"type":"MultiPolygon","coordinates":[[[[100.12246,20.31665],[100.18389,20.58911],[100.24932,20.73027],[100.40742,20.82324],[100.56514,20.8251],[100.53613,20.99238],[100.61367,21.05933],[100.75664,21.31265],[100.92754,21.36621],[101.08037,21.46865],[101.13887,21.56748],[101.1207,21.74609],[100.83516,21.65518],[100.67715,21.50493],[100.53135,21.45811],[100.35059,21.50103],[100.21475,21.46299],[100.08926,21.55791],[100.09551,21.66065],[99.97822,21.70161],[99.92559,21.8208],[99.91768,22.02803],[99.59268,22.08916],[99.19297,22.12598],[99.17236,22.19248],[99.24307,22.37036],[99.3377,22.49805],[99.33828,22.68867],[99.38516,22.8251],[99.50713,22.95913],[99.46455,23.04624],[99.34082,23.0959],[99.05508,23.13057],[98.86377,23.19126],[98.88555,23.30747],[98.79785,23.52041],[98.83223,23.62437],[98.7877,23.73784],[98.68086,23.8418],[98.76436,24.11606],[98.5834,24.06982],[98.49941,24.11567],[98.2125,24.11065],[98.0169,24.06543],[97.68604,23.8981],[97.56826,23.98848],[97.69063,24.13081],[97.6666,24.37998],[97.53145,24.4917],[97.5294,24.6312],[97.5833,24.77481],[97.72383,24.84199],[97.71494,25.03433],[97.81953,25.25186],[98.01074,25.29253],[98.17256,25.59453],[98.33379,25.58677],[98.46553,25.78887],[98.62539,25.82671],[98.65469,25.91777],[98.57197,26.11406],[98.66318,26.13945],[98.67188,26.29854],[98.73184,26.5834],[98.7165,27.04492],[98.67481,27.19063],[98.65117,27.57246],[98.50449,27.64766],[98.29883,27.5501],[98.13047,27.96758],[98.09893,28.14229],[97.86494,28.36357],[97.76904,28.35615],[97.69463,28.46934],[97.53789,28.51021],[97.32246,28.21797],[97.30273,28.08599],[97.33516,27.93774],[97.22607,27.89004],[96.89971,27.64385],[96.90195,27.4396],[97.10371,27.16333],[97.03809,27.10205],[96.88027,27.17783],[96.79785,27.29619],[96.66572,27.33926],[96.27422,27.27837],[96.06143,27.21709],[95.90527,27.04663],[95.46387,26.75606],[95.12871,26.59727],[95.05977,26.47398],[95.06895,26.19111],[95.13242,26.04126],[95.01523,25.91294],[94.99199,25.77046],[94.78584,25.51934],[94.62285,25.41001],[94.5544,25.24346],[94.67529,25.13857],[94.70762,25.04873],[94.58408,24.76724],[94.39941,24.51406],[94.29307,24.32188],[94.12764,23.87647],[93.6834,24.00654],[93.49375,23.97285],[93.35557,24.07412],[93.30732,24.02188],[93.41494,23.68208],[93.36602,23.13252],[93.30801,23.03037],[93.15098,22.99731],[93.1625,22.90796],[93.07871,22.71821],[93.16201,22.36021],[93.15117,22.23062],[93.07061,22.20942],[92.96455,22.00376],[92.8543,22.01016],[92.68897,22.13096],[92.5749,21.97808],[92.59346,21.46733],[92.53916,21.31982],[92.33057,21.4398],[92.17959,21.29312],[92.21475,21.1127],[92.26445,21.06148],[92.32412,20.79185],[92.60801,20.46987],[92.72285,20.2956],[92.73565,20.5627],[92.89111,20.34033],[92.79121,20.21143],[92.88213,20.15215],[93.0668,20.37764],[93.00195,20.07485],[93.12949,19.85801],[93.19902,19.89834],[93.15664,20.04077],[93.36231,20.0583],[93.58184,19.90957],[93.61172,19.77607],[93.73955,19.69727],[93.83955,19.53413],[93.99815,19.44087],[93.96201,19.32935],[93.8249,19.23848],[93.72803,19.2665],[93.57861,19.40117],[93.49307,19.36948],[93.70547,19.0269],[93.9292,18.89966],[93.96807,18.99507],[93.94102,19.14609],[94.00156,19.18179],[94.07002,18.89341],[94.25215,18.60918],[94.26582,18.50723],[94.43076,18.20166],[94.49434,17.82461],[94.58897,17.56934],[94.56445,17.30854],[94.47315,17.13545],[94.45244,16.95449],[94.4,16.86816],[94.35342,16.63994],[94.27129,16.51729],[94.21426,16.12661],[94.29902,16.00762],[94.4416,16.09439],[94.5875,16.28882],[94.66523,16.33613],[94.68076,16.1333],[94.66152,15.9044],[94.89121,15.9791],[94.94258,15.81826],[95.17695,15.82568],[95.33301,16.03325],[95.30147,15.75615],[95.38955,15.72275],[95.55566,15.83784],[95.67949,15.97676],[95.76328,16.16904],[96.01231,16.25371],[96.32432,16.44443],[96.36436,16.52051],[96.50664,16.51435],[96.62246,16.56392],[96.81065,16.77837],[96.90859,17.03096],[96.85088,17.20293],[96.97012,17.31733],[97.17832,17.06201],[97.26748,16.74312],[97.37588,16.52295],[97.61963,16.53721],[97.64063,16.25386],[97.58428,16.01958],[97.71035,15.87554],[97.77422,15.43096],[97.74375,15.30679],[97.79981,15.18491],[97.81231,14.85894],[97.90977,14.65269],[97.99844,14.3353],[98.1002,14.16152],[98.07266,13.98648],[98.11065,13.71289],[98.23897,13.93447],[98.24541,13.7335],[98.42129,13.48379],[98.48711,13.29307],[98.57598,13.16191],[98.63711,12.84824],[98.66465,12.53994],[98.62441,12.44072],[98.69629,12.22524],[98.66387,12.12671],[98.68945,11.95674],[98.64492,11.9103],[98.63633,11.73838],[98.80479,11.77925],[98.87598,11.71973],[98.74141,11.5917],[98.74473,11.24038],[98.68262,11.13311],[98.67559,10.98691],[98.53565,10.74067],[98.46494,10.67583],[98.52305,10.35313],[98.49688,10.18252],[98.5626,10.03496],[98.70254,10.19038],[98.76836,10.43086],[98.75723,10.66094],[99.02539,10.91997],[99.19014,11.10527],[99.47793,11.6125],[99.61475,11.7812],[99.52295,12.08965],[99.46289,12.19023],[99.39424,12.47363],[99.40508,12.5479],[99.21982,12.73975],[99.17354,12.96133],[99.10742,13.10352],[99.17617,13.23306],[99.17168,13.49692],[99.13682,13.7167],[98.93359,14.04985],[98.57002,14.35991],[98.246,14.81475],[98.20215,14.97593],[98.19102,15.2041],[98.56523,15.40356],[98.5582,15.7686],[98.59238,16.05068],[98.81797,16.18081],[98.88828,16.3519],[98.83545,16.41758],[98.68926,16.30542],[98.47813,16.73223],[98.43887,16.97568],[98.25654,17.14766],[97.79297,17.68125],[97.69854,17.83355],[97.71973,18.0374],[97.59932,18.30298],[97.45078,18.35967],[97.48496,18.49424],[97.72773,18.57202],[97.754,18.6208],[97.70606,18.93179],[97.80391,19.13047],[97.8168,19.45996],[98.11104,19.76216],[98.23906,19.69067],[98.49385,19.70132],[98.76065,19.77109],[98.9167,19.7729],[98.9874,19.86138],[99.0207,20.0418],[99.19688,20.11514],[99.33789,20.07891],[99.50166,20.18774],[99.45889,20.36304],[99.63867,20.32046],[99.77334,20.34131],[99.89033,20.42441],[100.12246,20.31665]]],[[[98.55381,11.74487],[98.52354,11.80493],[98.37647,11.7915],[98.43477,11.56709],[98.52842,11.53867],[98.55381,11.74487]]],[[[97.575,16.25322],[97.59961,16.42954],[97.46914,16.46104],[97.48037,16.30571],[97.575,16.25322]]],[[[93.69082,18.68428],[93.74473,18.86553],[93.4875,18.86753],[93.56992,18.75957],[93.69082,18.68428]]],[[[93.71484,19.55825],[93.64404,19.49507],[93.75586,19.32568],[93.90195,19.33203],[93.9457,19.42861],[93.71484,19.55825]]]]},"properties":{"ADMIN":"Myanmar","NAME_EN":"Myanmar","ISO_A2_EH":"MM","ISO_A2":"MM","LABEL_X":95.804497,"LABEL_Y":21.573855,"MIN_LABEL":3,"LABELRANK":3,"TINY":-99,"TYPE":"Sovereign country"}},
{"type":"Feature","geometry":{"type":"Polygon","coordinates":[[[30.55361,-2.4001],[30.4085,-2.31299],[30.23379,-2.34707],[30.14229,-2.41396],[29.93018,-2.33955],[29.9124,-2.54863],[29.86816,-2.71641],[29.69805,-2.79473],[29.39023,-2.80859],[29.29707,-2.67305],[29.06318,-2.60254],[29.01436,-2.72021],[29.0166,-2.79961],[29.22441,-3.05352],[29.21006,-3.36328],[29.22324,-3.91084],[29.33135,-4.09541],[29.40322,-4.44932],[29.71777,-4.45586],[29.94727,-4.30732],[30.14717,-4.08535],[30.26856,-3.85049],[30.3791,-3.73076],[30.425,-3.58887],[30.63193,-3.41865],[30.68184,-3.30937],[30.79023,-3.27461],[30.81113,-3.11641],[30.78027,-2.98486],[30.51504,-2.91758],[30.42402,-2.82402],[30.47334,-2.69434],[30.42422,-2.6416],[30.55361,-2.4001]]]},"properties":{"ADMIN":"Burundi","NAME_EN":"Burundi","ISO_A2_EH":"BI","ISO_A2":"BI","LABEL_X":29.917086,"LABEL_Y":-3.332836,"MIN_LABEL":4,"LABELRANK":6,"TINY":-99,"TYPE":"Sovereign country"}},
{"type":"Feature","geometry":{"type":"Polygon","coordinates":[[[0.90049,10.99326],[0.98506,11.079],[1.06231,11.0582],[1.1458,11.2519],[1.31738,11.29526],[1.42676,11.44712],[1.6,11.40064],[1.85762,11.44336],[1.98037,11.41841],[2.28721,11.69126],[2.38916,11.89707],[2.09141,12.27798],[2.06856,12.37915],[2.20381,12.4126],[2.21152,12.53843],[2.07383,12.71397],[1.95615,12.70742],[1.78984,12.61328],[1.56494,12.6354],[1.09678,13.00112],[0.98731,13.0419],[0.97305,13.17036],[1.01787,13.46787],[0.97773,13.55195],[0.74775,13.67451],[0.61816,13.70342],[0.4292,13.97212],[0.35488,14.13901],[0.38252,14.2458],[0.16387,14.49722],[0.21748,14.91148],[-0.23589,15.05942],[-0.40542,15.0125],[-0.53652,15.07788],[-0.76045,15.04775],[-1.04956,14.81953],[-1.49365,14.62607],[-1.76777,14.48604],[-1.97305,14.45654],[-2.05713,14.19463],[-2.11323,14.16846],[-2.45723,14.27412],[-2.58672,14.22759],[-2.77886,14.07373],[-2.87393,13.95073],[-2.92588,13.78677],[-2.91709,13.67949],[-3.03867,13.63911],[-3.19844,13.67285],[-3.27017,13.57744],[-3.26675,13.40078],[-3.30176,13.28076],[-3.46992,13.19639],[-3.57578,13.19419],[-3.85347,13.37354],[-4.05117,13.38242],[-4.32871,13.11904],[-4.22524,12.87949],[-4.2271,12.7937],[-4.48061,12.67222],[-4.42192,12.58159],[-4.42871,12.3376],[-4.58691,12.15503],[-4.79795,12.03213],[-5.10591,11.96753],[-5.28813,11.82793],[-5.29053,11.6833],[-5.22939,11.52246],[-5.29985,11.20596],[-5.34741,11.13027],[-5.49048,11.04238],[-5.45708,10.77139],[-5.52353,10.42602],[-5.38227,10.31401],[-5.2623,10.31968],[-5.09985,10.2416],[-4.99404,10.04648],[-4.96992,9.93008],[-4.62583,9.71357],[-4.52661,9.72349],[-4.33223,9.6457],[-4.26719,9.74326],[-3.87764,9.89492],[-3.58115,9.92432],[-3.2897,9.88223],[-3.22353,9.89546],[-3.0958,9.7521],[-2.98828,9.68735],[-2.81675,9.42583],[-2.69585,9.48135],[-2.76597,9.65806],[-2.75073,9.90967],[-2.7832,10.08311],[-2.78662,10.4019],[-2.91489,10.59233],[-2.90732,10.72798],[-2.82993,10.99839],[-2.75166,10.98638],[-1.59966,10.99766],[-1.53677,11.02266],[-1.23262,10.99722],[-1.04248,11.01006],[-0.70142,10.98897],[-0.64853,10.92676],[-0.4917,11.00762],[-0.43032,11.09326],[-0.29946,11.1669],[-0.0686,11.11563],[0.48418,10.99199],[0.90049,10.99326]]]},"properties":{"ADMIN":"Burkina Faso","NAME_EN":"Burkina Faso","ISO_A2_EH":"BF","ISO_A2":"BF","LABEL_X":-1.36388,"LABEL_Y":12.673048,"MIN_LABEL":3,"LABELRANK":3,"TINY":-99,"TYPE":"Sovereign country"}},
{"type":"Feature","geometry":{"type":"Polygon","coordinates":[[[28.01445,41.96904],[27.98272,42.04741],[27.7082,42.34995],[27.48477,42.46807],[27.75371,42.70654],[27.88887,42.74971],[27.92891,43.18613],[28.13369,43.39561],[28.31963,43.42686],[28.46543,43.38931],[28.56182,43.50132],[28.58535,43.74224],[28.42344,43.74048],[28.05,43.82241],[27.88428,43.98735],[27.42539,44.02051],[27.08691,44.16738],[26.48926,44.08398],[26.21582,44.00728],[25.9334,43.87056],[25.81885,43.76685],[25.49707,43.6708],[25.15967,43.68633],[24.43057,43.79439],[24.22676,43.76348],[23.95078,43.78667],[23.53457,43.85356],[23.22461,43.87388],[22.91904,43.83447],[22.86826,43.9479],[23.02852,44.07798],[22.70508,44.23779],[22.59746,44.07529],[22.4208,44.00742],[22.36543,43.86211],[22.39482,43.70664],[22.55459,43.45449],[22.76758,43.35415],[22.97686,43.18799],[22.94229,43.09707],[22.70615,42.88394],[22.4668,42.84248],[22.43623,42.6291],[22.52354,42.44097],[22.34404,42.31397],[22.58272,42.10483],[22.83682,41.9936],[23.00566,41.71694],[22.95147,41.60562],[22.91602,41.33628],[23.15596,41.32207],[23.23984,41.38496],[23.63516,41.38677],[24.05606,41.52725],[24.38672,41.52354],[24.51826,41.55254],[24.596,41.44273],[24.77373,41.3561],[24.84688,41.39424],[25.1334,41.31577],[25.25117,41.24356],[25.78496,41.33042],[25.92334,41.31191],[26.15518,41.43486],[26.06602,41.67324],[26.20059,41.7438],[26.3209,41.71655],[26.36035,41.80156],[26.51143,41.82637],[26.61533,41.96489],[26.88486,41.99185],[27.01172,42.05864],[27.29492,42.07954],[27.53486,41.9208],[27.8792,41.98662],[28.01445,41.96904]]]},"properties":{"ADMIN":"Bulgaria","NAME_EN":"Bulgaria","ISO_A2_EH":"BG","ISO_A2":"BG","LABEL_X":25.15709,"LABEL_Y":42.508785,"MIN_LABEL":4,"LABELRANK":4,"TINY":-99,"TYPE":"Sovereign country"}},
{"type":"Feature","geometry":{"type":"MultiPolygon","coordinates":[[[[115.14004,4.89976],[115.02676,4.89971],[115.02676,4.69136],[115.10703,4.39043],[115.24668,4.34722],[115.2793,4.45635],[115.2667,4.63398],[115.14004,4.89976]]],[[[115.02676,4.89971],[114.99541,5.02236],[114.74082,4.88101],[114.54473,4.72456],[114.29941,4.60718],[114.06387,4.59268],[114.22412,4.47788],[114.32295,4.26279],[114.4166,4.25586],[114.6083,4.02398],[114.77617,4.1688],[114.84023,4.39321],[114.79014,4.46392],[114.74668,4.71807],[115.02676,4.89971]]]]},"properties":{"ADMIN":"Brunei","NAME_EN":"Brunei","ISO_A2_EH":"BN","ISO_A2":"BN","LABEL_X":114.551943,"LABEL_Y":4.448298,"MIN_LABEL":4,"LABELRANK":6,"TINY":2,"TYPE":"Sovereign country"}},
{"type":"Feature","geometry":{"type":"MultiPolygon","coordinates":[[[[-66.87602,1.22305],[-67.09365,1.21001],[-67.09014,1.61558],[-67.11924,1.70361],[-67.35195,2.08584],[-67.49966,2.10791],[-67.60923,2.03506],[-67.81509,1.79009],[-67.98975,1.75254],[-68.13027,1.95576],[-68.1938,1.98701],[-68.25596,1.84551],[-68.17656,1.71982],[-69.31973,1.72124],[-69.58125,1.77075],[-69.84858,1.70874],[-69.85215,1.05952],[-69.36138,1.06401],[-69.25869,1.01538],[-69.16323,0.86406],[-69.17407,0.63535],[-69.28301,0.62725],[-69.47212,0.72993],[-69.80713,0.60747],[-70.05391,0.57861],[-70.07051,-0.13887],[-69.92275,-0.31748],[-69.66748,-0.48242],[-69.59204,-0.63935],[-69.6207,-0.7209],[-69.54355,-0.91719],[-69.44873,-0.99873],[-69.40024,-1.19492],[-69.66904,-2.66768],[-69.84976,-3.65986],[-69.96592,-4.23594],[-70.05332,-4.3331],[-70.23916,-4.30117],[-70.40464,-4.1501],[-70.79951,-4.17334],[-70.97368,-4.35049],[-71.52134,-4.46973],[-71.84473,-4.50439],[-72.25679,-4.74893],[-72.35283,-4.78603],[-72.46899,-4.90127],[-72.69873,-5.06719],[-72.88706,-5.12275],[-72.97988,-5.63486],[-73.16289,-5.9334],[-73.23555,-6.09844],[-73.13535,-6.34434],[-73.13735,-6.46582],[-73.24033,-6.56406],[-73.32549,-6.57471],[-73.4999,-6.67949],[-73.7581,-6.90576],[-73.80464,-7.07988],[-73.72334,-7.26279],[-73.74946,-7.33535],[-73.96431,-7.37891],[-74.00205,-7.55605],[-73.82207,-7.73896],[-73.72041,-7.78252],[-73.77559,-7.93643],[-73.61011,-8.14541],[-73.54912,-8.3458],[-73.3604,-8.4793],[-73.30244,-8.654],[-73.20312,-8.71934],[-72.97402,-8.99316],[-72.97036,-9.12012],[-73.20942,-9.41143],[-72.81426,-9.41035],[-72.37905,-9.51016],[-72.31807,-9.55664],[-72.25996,-9.77432],[-72.17285,-9.84404],[-72.18159,-10.00371],[-71.60801,-10.00605],[-71.23794,-9.96602],[-70.97075,-9.76572],[-70.88452,-9.66904],[-70.63691,-9.47822],[-70.56724,-9.70459],[-70.63691,-9.82373],[-70.64233,-11.01025],[-70.53325,-10.94687],[-70.39228,-11.05859],[-70.22007,-11.04766],[-69.96035,-10.92988],[-69.57861,-10.95176],[-69.22852,-10.95566],[-68.84834,-11.01113],[-68.72749,-11.12246],[-68.62266,-11.10918],[-68.398,-11.01875],[-68.2666,-10.9331],[-68.07168,-10.70312],[-67.83501,-10.66279],[-67.72178,-10.6831],[-67.58242,-10.50596],[-67.28047,-10.31728],[-67.11152,-10.26894],[-66.72998,-9.97549],[-66.57534,-9.8999],[-66.26357,-9.82607],[-65.70679,-9.76846],[-65.55869,-9.79746],[-65.39614,-9.7124],[-65.30933,-9.87266],[-65.31309,-10.25303],[-65.43691,-10.44902],[-65.43999,-10.58623],[-65.33403,-10.89277],[-65.32378,-11.0248],[-65.38989,-11.24629],[-65.32202,-11.43916],[-65.2062,-11.58057],[-65.16338,-11.76514],[-65.09028,-11.74121],[-64.99253,-11.97519],[-64.82988,-12.03027],[-64.61167,-12.20391],[-64.51343,-12.25098],[-64.42051,-12.43975],[-63.93857,-12.52969],[-63.78809,-12.46943],[-63.58564,-12.51894],[-63.34668,-12.68008],[-63.24976,-12.70791],[-63.06748,-12.66914],[-63.01519,-12.80557],[-62.76548,-12.99727],[-62.68706,-12.99434],[-62.35283,-13.13242],[-62.17607,-13.13369],[-61.94473,-13.40625],[-61.78994,-13.52559],[-61.51157,-13.54121],[-61.077,-13.48975],[-60.9145,-13.56143],[-60.50659,-13.78984],[-60.40498,-14.01924],[-60.47466,-14.18477],[-60.39624,-14.33281],[-60.29888,-14.61855],[-60.27334,-15.08877],[-60.53047,-15.14316],[-60.24233,-15.47959],[-60.17559,-16.26934],[-59.43428,-16.296],[-58.53794,-16.32822],[-58.3456,-16.28437],[-58.35039,-16.49082],[-58.4706,-16.65019],[-58.45981,-16.91074],[-58.396,-17.23428],[-57.99092,-17.51289],[-57.83247,-17.51211],[-57.78018,-17.67178],[-57.58647,-18.12227],[-57.49565,-18.21465],[-57.57402,-18.2793],[-57.7831,-18.91426],[-57.7168,-19.04404],[-57.80039,-19.08096],[-58.13149,-19.74453],[-57.86074,-19.97959],[-58.02114,-20.05518],[-58.15977,-20.16465],[-58.12461,-20.29346],[-58.00225,-20.46543],[-57.97905,-20.65732],[-57.83022,-20.99795],[-57.82695,-21.13359],[-57.87324,-21.35508],[-57.946,-21.49404],[-57.91621,-21.69912],[-57.93276,-21.91074],[-57.98569,-22.04639],[-57.82031,-22.14228],[-57.72109,-22.09922],[-57.56894,-22.18193],[-57.33086,-22.21504],[-57.23823,-22.19521],[-56.93726,-22.27129],[-56.63301,-22.23486],[-56.52383,-22.10254],[-56.39487,-22.09268],[-56.35185,-22.17861],[-56.18984,-22.28115],[-55.84917,-22.30762],[-55.75327,-22.41016],[-55.74663,-22.51269],[-55.61768,-22.67148],[-55.65405,-22.81035],[-55.60112,-23.09473],[-55.56143,-23.1543],[-55.51846,-23.41562],[-55.53828,-23.58096],[-55.45889,-23.68672],[-55.44238,-23.86533],[-55.36631,-23.99102],[-55.19434,-24.01748],[-54.98267,-23.97451],[-54.62549,-23.8125],[-54.44023,-23.90176],[-54.2418,-24.04727],[-54.31826,-24.12812],[-54.28101,-24.30605],[-54.31294,-24.52812],[-54.41299,-24.86748],[-54.47314,-25.22021],[-54.61055,-25.43271],[-54.61587,-25.57607],[-54.44394,-25.625],[-54.15459,-25.52305],[-53.89116,-25.66885],[-53.82324,-25.95957],[-53.67129,-26.2251],[-53.71094,-26.35185],[-53.75332,-26.74863],[-53.71728,-26.88281],[-53.83818,-27.12109],[-54.04014,-27.24375],[-54.20522,-27.28965],[-54.327,-27.42353],[-54.55493,-27.4541],[-54.71973,-27.54492],[-54.8291,-27.55059],[-54.9102,-27.70859],[-55.03994,-27.76777],[-55.10151,-27.8668],[-55.34648,-27.95596],[-55.47666,-28.08935],[-55.72549,-28.2041],[-55.68726,-28.38164],[-55.85889,-28.3542],[-56.10288,-28.65176],[-56.32236,-28.85244],[-56.39326,-28.99727],[-56.5707,-29.13809],[-56.77246,-29.41787],[-56.93862,-29.59482],[-57.22466,-29.78213],[-57.40522,-30.03389],[-57.60889,-30.18779],[-57.55229,-30.26123],[-57.21445,-30.2834],[-57.12051,-30.14443],[-56.83271,-30.10723],[-56.17617,-30.62842],[-55.99897,-30.83721],[-56.00469,-31.0792],[-55.87368,-31.06963],[-55.55732,-30.87598],[-55.36606,-31.04619],[-55.25464,-31.22559],[-55.09116,-31.31396],[-55.03603,-31.279],[-54.896,-31.39121],[-54.58765,-31.48516],[-54.36992,-31.74502],[-54.22056,-31.85518],[-53.9206,-31.95234],[-53.76172,-32.05684],[-53.60171,-32.40303],[-53.36274,-32.58115],[-53.23125,-32.62539],[-53.12559,-32.73672],[-53.53135,-33.1709],[-53.53765,-33.62285],[-53.3706,-33.74219],[-52.92085,-33.40195],[-52.65225,-33.13779],[-52.5085,-32.87529],[-52.34165,-32.43975],[-52.12739,-32.16777],[-52.19355,-31.88555],[-52.11982,-31.69492],[-52.02695,-31.59902],[-51.97246,-31.38379],[-51.71689,-31.24375],[-51.46367,-31.05264],[-51.45913,-30.91279],[-51.37646,-30.84687],[-51.35908,-30.67451],[-51.15727,-30.36426],[-51.28179,-30.24414],[-51.1793,-30.21103],[-51.04038,-30.26064],[-50.93188,-30.37432],[-50.64619,-30.23682],[-50.54653,-30.31689],[-50.58193,-30.43887],[-50.71631,-30.42598],[-50.68931,-30.7042],[-50.77017,-30.81338],[-50.94082,-30.90371],[-50.98008,-31.09424],[-51.16143,-31.11885],[-51.17432,-31.33975],[-51.27217,-31.47695],[-51.44619,-31.55732],[-51.68066,-31.77461],[-51.89316,-31.86777],[-52.06323,-31.83037],[-52.03921,-32.11484],[-51.79814,-31.90029],[-51.4604,-31.70244],[-51.15176,-31.48037],[-50.92139,-31.2584],[-50.61997,-30.89766],[-50.29951,-30.42578],[-50.03335,-29.80098],[-49.746,-29.36318],[-49.4999,-29.07539],[-49.27129,-28.87119],[-49.02358,-28.69863],[-48.79966,-28.57529],[-48.79727,-28.44268],[-48.69321,-28.31016],[-48.6208,-28.07559],[-48.60566,-27.82519],[-48.64258,-27.55791],[-48.57197,-27.37275],[-48.55415,-27.196],[-48.61567,-26.87812],[-48.67773,-26.70293],[-48.65161,-26.40644],[-48.74829,-26.26865],[-48.61943,-26.17939],[-48.54517,-25.81592],[-48.40117,-25.59736],[-48.47612,-25.44297],[-48.40249,-25.27207],[-48.18594,-25.30986],[-47.92939,-25.16826],[-47.87656,-24.99746],[-47.59219,-24.78105],[-47.13721,-24.49316],[-46.86728,-24.23633],[-46.63076,-24.11035],[-45.97207,-23.79551],[-45.66465,-23.76484],[-45.46431,-23.80254],[-45.42329,-23.68535],[-45.21543,-23.57559],[-44.95166,-23.38144],[-44.66719,-23.33516],[-44.63726,-23.05547],[-44.36792,-23.00498],[-44.148,-23.01103],[-44.04746,-22.94473],[-43.86616,-22.91055],[-43.53281,-23.04639],[-43.22417,-22.99121],[-43.1936,-22.93857],[-43.229,-22.74766],[-43.08628,-22.72334],[-43.08115,-22.90254],[-42.9583,-22.96709],[-42.58105,-22.94102],[-42.04238,-22.94707],[-41.94092,-22.78828],[-41.98042,-22.58066],[-41.70552,-22.30967],[-41.58291,-22.24365],[-41.12251,-22.08437],[-41.00029,-21.99902],[-40.98784,-21.92031],[-41.04727,-21.50566],[-40.95454,-21.23789],[-40.82876,-21.03135],[-40.78926,-20.90605],[-40.59658,-20.78379],[-40.39595,-20.56943],[-40.31856,-20.42578],[-40.29888,-20.29268],[-40.20273,-20.20605],[-40.1417,-19.96826],[-40.00137,-19.74199],[-39.84473,-19.64912],[-39.73144,-19.45391],[-39.69985,-19.27783],[-39.74194,-18.846],[-39.73979,-18.63984],[-39.65078,-18.25234],[-39.48677,-17.99014],[-39.27837,-17.84941],[-39.154,-17.70391],[-39.21523,-17.31582],[-39.12505,-16.76357],[-39.06323,-16.50439],[-38.96079,-16.18652],[-38.88061,-15.86426],[-38.99619,-15.25381],[-39.01338,-14.93564],[-39.05957,-14.65478],[-38.94233,-14.03066],[-39.03491,-13.99102],[-39.04111,-13.7581],[-38.98862,-13.61504],[-39.08935,-13.58818],[-39.03091,-13.36514],[-38.8353,-13.14717],[-38.83315,-13.03291],[-38.76372,-12.90723],[-38.78799,-12.78271],[-38.69097,-12.62393],[-38.5249,-12.7623],[-38.49893,-12.95664],[-38.40176,-12.96621],[-38.23975,-12.84424],[-38.01924,-12.59131],[-37.95732,-12.47549],[-37.68872,-12.1],[-37.46934,-11.65361],[-37.41182,-11.49727],[-37.43848,-11.39375],[-37.31514,-11.37598],[-37.1812,-11.1875],[-37.18281,-11.06846],[-37.09336,-11.05478],[-36.93779,-10.82041],[-36.76831,-10.67168],[-36.39834,-10.48408],[-36.22353,-10.2251],[-36.05498,-10.07578],[-35.88545,-9.84766],[-35.83013,-9.71904],[-35.76396,-9.70254],[-35.59707,-9.54062],[-35.34087,-9.23066],[-35.15776,-8.93057],[-34.96665,-8.40762],[-34.89053,-8.09219],[-34.83467,-7.97148],[-34.87861,-7.74746],[-34.80547,-7.28838],[-34.83389,-7.02441],[-34.92959,-6.78506],[-34.98818,-6.39375],[-35.09546,-6.18535],[-35.14175,-5.91719],[-35.23545,-5.5667],[-35.39258,-5.25088],[-35.54941,-5.12939],[-35.97988,-5.0544],[-36.16177,-5.09375],[-36.59072,-5.09756],[-36.74736,-5.05068],[-36.86113,-4.9666],[-37.17466,-4.9124],[-37.30146,-4.71309],[-37.62632,-4.59209],[-37.79565,-4.4043],[-38.04883,-4.21641],[-38.47578,-3.71748],[-38.68623,-3.65371],[-39.01435,-3.39023],[-39.60942,-3.05625],[-39.77183,-2.98584],[-39.9647,-2.86152],[-40.23535,-2.81318],[-40.47456,-2.7956],[-40.87559,-2.86963],[-41.19453,-2.88613],[-41.31821,-2.93623],[-41.64014,-2.87861],[-41.87617,-2.74658],[-41.99985,-2.80605],[-42.24961,-2.79199],[-42.59355,-2.66103],[-42.67588,-2.58965],[-42.93672,-2.46504],[-43.22969,-2.38603],[-43.38008,-2.37607],[-43.45513,-2.50205],[-43.72861,-2.51816],[-43.86445,-2.59541],[-43.93291,-2.5835],[-44.19268,-2.80957],[-44.22519,-2.75498],[-44.11265,-2.59853],[-44.10557,-2.49346],[-44.22861,-2.47129],[-44.30815,-2.53516],[-44.43755,-2.94443],[-44.62266,-3.13789],[-44.72139,-3.14228],[-44.58901,-2.57344],[-44.52012,-2.40547],[-44.38184,-2.36553],[-44.43545,-2.16807],[-44.579,-2.23047],[-44.6624,-2.37324],[-44.75635,-2.26553],[-44.65864,-2.22754],[-44.53779,-2.05273],[-44.54678,-1.94629],[-44.65127,-1.7458],[-44.78984,-1.7248],[-45.07637,-1.46641],[-45.18208,-1.50703],[-45.28213,-1.69658],[-45.45859,-1.35625],[-45.64477,-1.34785],[-45.77881,-1.25078],[-45.97227,-1.1874],[-46.04463,-1.10303],[-46.21499,-1.0998],[-46.21914,-1.03125],[-46.42173,-1.03008],[-46.61724,-0.9706],[-46.81123,-0.77969],[-46.94434,-0.74336],[-47.1269,-0.74541],[-47.2686,-0.64541],[-47.3981,-0.62666],[-47.65107,-0.71875],[-47.80767,-0.66348],[-47.96094,-0.76963],[-48.11509,-0.7375],[-48.31758,-0.96055],[-48.30649,-1.03984],[-48.4498,-1.14551],[-48.40859,-1.2292],[-48.47773,-1.32383],[-48.44585,-1.52041],[-48.71001,-1.48769],[-48.99131,-1.82978],[-49.21103,-1.9165],[-49.40767,-2.34434],[-49.45752,-2.50459],[-49.55337,-2.51992],[-49.50698,-2.28027],[-49.46016,-2.1915],[-49.31367,-1.73174],[-49.71953,-1.92637],[-49.99922,-1.83184],[-50.26045,-1.92295],[-50.40322,-2.01553],[-50.69004,-1.76172],[-50.67895,-1.64385],[-50.78613,-1.48994],[-50.84458,-1.22627],[-50.91787,-1.11523],[-50.83818,-1.03887],[-50.89492,-0.9376],[-51.20234,-1.13652],[-51.29736,-1.22353],[-51.64629,-1.39434],[-51.94756,-1.58672],[-52.19668,-1.64014],[-52.3103,-1.55957],[-52.55342,-1.51406],[-52.22925,-1.3625],[-52.02046,-1.39902],[-51.93447,-1.32031],[-51.92163,-1.18086],[-51.7206,-1.01846],[-51.70264,-0.7623],[-51.55503,-0.54912],[-51.40415,-0.39268],[-51.28291,-0.0852],[-51.10195,-0.03125],[-50.96709,0.13027],[-50.81636,0.17256],[-50.58154,0.42051],[-50.46299,0.63731],[-50.29443,0.83574],[-49.89888,1.16299],[-49.88159,1.41992],[-49.95713,1.65986],[-50.1876,1.78599],[-50.45889,1.82959],[-50.65894,2.13096],[-50.7897,2.47778],[-50.8272,2.65186],[-50.99414,3.07754],[-51.05239,3.28184],[-51.07627,3.67168],[-51.21992,4.0936],[-51.3271,4.22476],[-51.46152,4.31377],[-51.55781,4.23379],[-51.65254,4.06128],[-51.76709,3.99268],[-51.82749,3.86958],[-51.99062,3.702],[-51.99951,3.64688],[-52.1626,3.3647],[-52.32788,3.18174],[-52.35664,3.05156],[-52.55469,2.64766],[-52.55947,2.57314],[-52.70063,2.36367],[-52.96484,2.18355],[-53.22978,2.20488],[-53.33442,2.33975],[-53.50898,2.25312],[-53.73472,2.30855],[-53.76777,2.35483],[-54.13008,2.12105],[-54.29307,2.15425],[-54.51509,2.24546],[-54.61626,2.32676],[-54.72222,2.44165],[-54.85166,2.43955],[-55.00581,2.59297],[-55.34399,2.48877],[-55.38535,2.44062],[-55.73057,2.40615],[-55.93594,2.5166],[-56.12939,2.29951],[-55.91533,2.03955],[-55.92964,1.8875],[-56.01992,1.84224],[-56.48281,1.94214],[-56.83672,1.88125],[-57.0376,1.93648],[-57.1189,2.01396],[-57.41269,1.90894],[-57.50044,1.77383],[-57.59443,1.7041],[-57.79565,1.7],[-57.98281,1.64844],[-58.03467,1.52026],[-58.34067,1.58755],[-58.3958,1.48174],[-58.50605,1.43867],[-58.51186,1.28467],[-58.68462,1.28106],[-58.8625,1.20361],[-58.96851,1.30459],[-59.2312,1.37603],[-59.53569,1.7],[-59.6666,1.74629],[-59.66851,1.84233],[-59.7562,1.90064],[-59.75522,2.27412],[-59.88965,2.36294],[-59.99434,2.68999],[-59.97231,2.99048],[-59.83115,3.34922],[-59.85439,3.5875],[-59.679,3.69981],[-59.55112,3.93355],[-59.73857,4.22676],[-59.70327,4.3811],[-59.83335,4.47593],[-60.11113,4.51118],[-60.12456,4.59766],[-60.03179,4.74053],[-59.99067,5.08286],[-60.14204,5.23882],[-60.24165,5.25796],[-60.3352,5.19932],[-60.74214,5.20205],[-60.67197,5.16435],[-60.60449,4.99458],[-60.62759,4.89253],[-60.74175,4.77412],[-60.90625,4.68682],[-61.00283,4.53525],[-61.10244,4.50469],[-61.28008,4.5169],[-61.36753,4.43301],[-61.47939,4.40225],[-61.55425,4.28779],[-62.15312,4.09839],[-62.41064,4.15674],[-62.60977,4.04228],[-62.71211,4.01792],[-62.7646,3.67295],[-62.85698,3.59346],[-62.96865,3.59395],[-63.29473,3.92227],[-63.37978,3.94287],[-63.52681,3.8937],[-63.65293,3.94082],[-64.02148,3.9291],[-64.12173,4.06699],[-64.25566,4.14033],[-64.57637,4.13989],[-64.72227,4.27441],[-64.81787,4.23227],[-64.56792,3.89981],[-64.27529,3.6627],[-64.22109,3.5874],[-64.21885,3.20469],[-64.03779,2.80151],[-64.00903,2.67188],[-64.04883,2.5251],[-63.92417,2.45244],[-63.38926,2.41191],[-63.39394,2.22251],[-63.46392,2.13604],[-63.57026,2.12051],[-63.84448,1.97671],[-64.03545,1.90444],[-64.11484,1.61929],[-64.3042,1.45527],[-64.48603,1.45278],[-64.73154,1.25332],[-64.81797,1.25713],[-65.10376,1.1081],[-65.26396,0.93189],[-65.36084,0.86865],[-65.47339,0.69126],[-65.56602,0.92607],[-65.68144,0.98345],[-65.81133,0.93726],[-66.06006,0.78535],[-66.30166,0.75195],[-66.42925,0.82168],[-66.87602,1.22305]]],[[[-49.62866,-0.2292],[-50.24824,-0.11641],[-50.46157,-0.15742],[-50.64551,-0.27285],[-50.6937,-0.36445],[-50.71992,-0.5834],[-50.77139,-0.64541],[-50.7833,-1.01035],[-50.70962,-1.07773],[-50.75977,-1.24023],[-50.60205,-1.69775],[-50.50762,-1.78799],[-50.10928,-1.74785],[-50.00996,-1.7085],[-49.80513,-1.79023],[-49.58789,-1.7124],[-49.50664,-1.51162],[-49.34482,-1.59521],[-49.23398,-1.59951],[-49.1727,-1.4126],[-49.08686,-1.50508],[-48.92891,-1.48232],[-48.80405,-1.32695],[-48.8397,-1.22656],[-48.70459,-1.10664],[-48.5397,-0.80098],[-48.37969,-0.35283],[-48.39268,-0.29736],[-48.58804,-0.23164],[-49.11699,-0.16357],[-49.31426,-0.16787],[-49.40288,-0.21465],[-49.62866,-0.2292]]],[[[-45.26025,-23.88916],[-45.30234,-23.72754],[-45.45142,-23.8956],[-45.26025,-23.88916]]],[[[-49.73823,0.26816],[-49.879,0.30454],[-50.12798,0.22651],[-50.27266,0.23174],[-50.34512,0.13447],[-50.33945,0.04336],[-50.11313,0.03301],[-50.00249,-0.0293],[-49.83896,0.00689],[-49.69727,0.21597],[-49.73823,0.26816]]],[[[-50.29897,1.93853],[-50.34199,2.14175],[-50.49102,2.12861],[-50.50898,2.02954],[-50.4561,1.9105],[-50.29897,1.93853]]],[[[-50.65288,-0.13164],[-50.66699,-0.05801],[-50.84219,-0.05019],[-50.99507,-0.10527],[-51.03809,-0.22588],[-50.92637,-0.32734],[-50.65288,-0.13164]]],[[[-49.4439,-0.1124],[-49.38086,-0.05547],[-49.40049,0.05723],[-49.50347,0.08369],[-49.7123,0.01514],[-49.83008,-0.0939],[-49.70884,-0.14375],[-49.4439,-0.1124]]],[[[-50.42612,0.13926],[-50.33227,0.25903],[-50.35098,0.58174],[-50.42456,0.55825],[-50.45156,0.3269],[-50.61045,0.20479],[-50.62393,0.0544],[-50.44394,-0.00767],[-50.42612,0.13926]]],[[[-50.15293,0.39302],[-50.04004,0.5228],[-50.11279,0.60474],[-50.25117,0.58545],[-50.26133,0.35918],[-50.15293,0.39302]]],[[[-51.83252,-1.43379],[-51.63769,-1.34189],[-51.46514,-1.21113],[-51.27632,-1.02178],[-51.16074,-0.6667],[-51.254,-0.54141],[-51.42446,-0.56592],[-51.54604,-0.64961],[-51.67827,-0.85508],[-51.68003,-1.08613],[-51.80205,-1.20254],[-51.93838,-1.45264],[-51.83252,-1.43379]]],[[[-48.48589,-27.76699],[-48.49678,-27.70703],[-48.37793,-27.45146],[-48.46475,-27.43633],[-48.54219,-27.5748],[-48.48589,-27.76699]]]]},"properties":{"ADMIN":"Brazil","NAME_EN":"Brazil","ISO_A2_EH":"BR","ISO_A2":"BR","LABEL_X":-49.55945,"LABEL_Y":-12.098687,"MIN_LABEL":1.7,"LABELRANK":2,"TINY":-99,"TYPE":"Sovereign country"}},
{"type":"Feature","geometry":{"type":"Polygon","coordinates":[[[25.25879,-17.79356],[24.90908,-17.82139],[24.79219,-17.86465],[24.53057,-18.05273],[24.35898,-17.97822],[24.1293,-18.07754],[23.89834,-18.2292],[23.70049,-18.42432],[23.58057,-18.45293],[23.45977,-18.23106],[23.29863,-18.02734],[23.0999,-18.00957],[22.46006,-18.11572],[22.01143,-18.19863],[21.23252,-18.30684],[20.97412,-18.31885],[20.97617,-19.74434],[20.97813,-20.96816],[20.97949,-21.96191],[20.971,-22.00019],[19.97734,-22.00019],[19.97852,-23.10254],[19.9793,-23.67578],[19.98047,-24.77676],[20.34522,-25.02988],[20.47314,-25.22129],[20.60928,-25.49121],[20.79316,-25.91562],[20.81504,-26.16494],[20.62676,-26.44385],[20.64141,-26.74219],[20.73984,-26.84883],[20.8709,-26.80879],[21.071,-26.85176],[21.45498,-26.83281],[21.64629,-26.8542],[21.73809,-26.80684],[21.8332,-26.67832],[22.09092,-26.58018],[22.21758,-26.38887],[22.54863,-26.17842],[22.64023,-26.07119],[22.87881,-25.45791],[23.02207,-25.32412],[23.26602,-25.2666],[23.52148,-25.34443],[23.89375,-25.60088],[24.19297,-25.63291],[24.33057,-25.74287],[24.74815,-25.81738],[24.99893,-25.754],[25.21338,-25.75625],[25.44365,-25.71445],[25.58379,-25.60625],[25.85244,-24.93525],[25.91211,-24.74746],[26.13086,-24.67148],[26.39717,-24.61357],[26.61777,-24.39551],[26.83506,-24.24082],[26.98701,-23.70459],[27.14639,-23.52441],[27.39922,-23.38359],[27.49873,-23.36836],[27.59268,-23.25264],[27.7168,-23.21963],[27.89053,-23.07393],[28.02793,-22.87373],[28.21016,-22.69365],[28.38174,-22.59336],[28.54287,-22.57295],[28.83984,-22.48086],[29.01348,-22.27842],[29.12988,-22.21328],[29.36484,-22.19394],[29.23721,-22.07949],[29.10684,-22.06572],[29.01582,-21.93994],[29.03731,-21.81133],[28.53203,-21.65127],[28.04561,-21.57305],[27.97461,-21.50674],[27.84414,-21.26152],[27.66943,-21.06426],[27.7043,-20.76641],[27.69961,-20.53066],[27.62461,-20.48359],[27.28076,-20.47871],[27.22148,-20.1458],[27.0918,-20.0542],[26.67822,-19.89277],[26.24102,-19.56934],[26.16807,-19.53828],[25.95068,-19.08174],[25.93936,-18.93867],[25.81191,-18.79707],[25.76123,-18.64922],[25.48926,-18.35127],[25.38438,-18.14199],[25.28242,-18.04121],[25.22402,-17.91523],[25.25879,-17.79356]]]},"properties":{"ADMIN":"Botswana","NAME_EN":"Botswana","ISO_A2_EH":"BW","ISO_A2":"BW","LABEL_X":24.179216,"LABEL_Y":-22.102634,"MIN_LABEL":4,"LABELRANK":4,"TINY":-99,"TYPE":"Sovereign country"}},
{"type":"Feature","geometry":{"type":"Polygon","coordinates":[[[19.19434,43.5333],[19.25449,43.58438],[19.45127,43.56206],[19.48818,43.70356],[19.25723,43.94331],[19.30527,43.99336],[19.54951,43.98711],[19.58379,44.04346],[19.33887,44.22583],[19.15186,44.30254],[19.15137,44.52734],[19.2919,44.69678],[19.35684,44.85855],[19.23682,44.91426],[19.00713,44.86919],[18.83643,44.88325],[18.6626,45.07744],[18.28496,45.13428],[17.99629,45.1418],[17.81279,45.07813],[17.69014,45.1584],[17.54629,45.12256],[17.12539,45.17178],[16.91865,45.27656],[16.79082,45.19688],[16.53066,45.2167],[16.29336,45.00884],[16.02832,45.1896],[15.78809,45.17896],[15.73662,44.76582],[16.13027,44.47373],[16.21426,44.21514],[16.37754,44.05962],[16.59053,43.91318],[16.71348,43.77881],[17.08457,43.51655],[17.27383,43.44575],[17.29307,43.30562],[17.6248,43.04277],[17.58516,42.93838],[17.66758,42.89712],[17.84131,42.84507],[18.304,42.59941],[18.43633,42.55972],[18.54326,42.67417],[18.46602,42.77725],[18.44385,42.96846],[18.62363,43.02769],[18.67422,43.23081],[18.85107,43.34634],[19.03672,43.35732],[18.94023,43.49673],[19.19434,43.5333]]]},"properties":{"ADMIN":"Bosnia and Herzegovina","NAME_EN":"Bosnia and Herzegovina","ISO_A2_EH":"BA","ISO_A2":"BA","LABEL_X":18.06841,"LABEL_Y":44.091051,"MIN_LABEL":4.5,"LABELRANK":5,"TINY":-99,"TYPE":"Sovereign country"}},
{"type":"Feature","geometry":{"type":"Polygon","coordinates":[[[-69.51094,-17.50605],[-69.49502,-17.61953],[-69.35801,-17.77168],[-69.31338,-17.94316],[-69.09395,-18.05049],[-69.14546,-18.14404],[-69.09228,-18.28242],[-68.96831,-18.96797],[-68.85796,-19.09336],[-68.46289,-19.43281],[-68.69829,-19.72109],[-68.57827,-19.85654],[-68.60019,-20.04492],[-68.72749,-20.06963],[-68.73457,-20.22519],[-68.68857,-20.31006],[-68.74517,-20.45859],[-68.49985,-20.61201],[-68.56318,-20.72012],[-68.53384,-20.92363],[-68.4355,-20.94824],[-68.19702,-21.30029],[-68.18643,-21.61855],[-68.11216,-21.75303],[-68.07676,-21.98281],[-67.98838,-22.05713],[-67.95039,-22.33369],[-67.88174,-22.49336],[-67.87944,-22.82295],[-67.79443,-22.87949],[-67.57993,-22.8917],[-67.19487,-22.82168],[-67.05542,-22.65088],[-66.99111,-22.50986],[-66.80029,-22.40967],[-66.71172,-22.21631],[-66.36519,-22.11377],[-66.24761,-21.83047],[-66.09858,-21.83506],[-65.77104,-22.09961],[-65.05781,-22.10273],[-64.84307,-22.14394],[-64.60552,-22.22881],[-64.52363,-22.37158],[-64.37397,-22.76103],[-64.26641,-22.60332],[-63.97612,-22.07256],[-63.81865,-22.00547],[-62.84336,-21.99727],[-62.74458,-22.15986],[-62.65098,-22.23369],[-62.27666,-21.06602],[-62.27632,-20.5625],[-61.91694,-20.05537],[-61.75684,-19.64531],[-61.51182,-19.60644],[-60.88877,-19.47852],[-60.00737,-19.29756],[-59.09053,-19.28623],[-58.18018,-19.81787],[-58.13994,-19.99883],[-58.15977,-20.16465],[-58.02114,-20.05518],[-57.86074,-19.97959],[-58.13149,-19.74453],[-57.80039,-19.08096],[-57.7168,-19.04404],[-57.7831,-18.91426],[-57.57402,-18.2793],[-57.49565,-18.21465],[-57.58647,-18.12227],[-57.78018,-17.67178],[-57.83247,-17.51211],[-57.99092,-17.51289],[-58.396,-17.23428],[-58.45981,-16.91074],[-58.4706,-16.65019],[-58.35039,-16.49082],[-58.3456,-16.28437],[-58.53794,-16.32822],[-59.43428,-16.296],[-60.17559,-16.26934],[-60.24233,-15.47959],[-60.53047,-15.14316],[-60.27334,-15.08877],[-60.29888,-14.61855],[-60.39624,-14.33281],[-60.47466,-14.18477],[-60.40498,-14.01924],[-60.50659,-13.78984],[-60.9145,-13.56143],[-61.077,-13.48975],[-61.51157,-13.54121],[-61.78994,-13.52559],[-61.94473,-13.40625],[-62.17607,-13.13369],[-62.35283,-13.13242],[-62.68706,-12.99434],[-62.76548,-12.99727],[-63.01519,-12.80557],[-63.06748,-12.66914],[-63.24976,-12.70791],[-63.34668,-12.68008],[-63.58564,-12.51894],[-63.78809,-12.46943],[-63.93857,-12.52969],[-64.42051,-12.43975],[-64.51343,-12.25098],[-64.61167,-12.20391],[-64.82988,-12.03027],[-64.99253,-11.97519],[-65.09028,-11.74121],[-65.16338,-11.76514],[-65.2062,-11.58057],[-65.32202,-11.43916],[-65.38989,-11.24629],[-65.32378,-11.0248],[-65.33403,-10.89277],[-65.43999,-10.58623],[-65.43691,-10.44902],[-65.31309,-10.25303],[-65.30933,-9.87266],[-65.39614,-9.7124],[-65.55869,-9.79746],[-65.70679,-9.76846],[-66.26357,-9.82607],[-66.57534,-9.8999],[-66.72998,-9.97549],[-67.11152,-10.26894],[-67.28047,-10.31728],[-67.58242,-10.50596],[-67.72178,-10.6831],[-67.83501,-10.66279],[-68.07168,-10.70312],[-68.2666,-10.9331],[-68.398,-11.01875],[-68.62266,-11.10918],[-68.72749,-11.12246],[-68.84834,-11.01113],[-69.22852,-10.95566],[-69.57861,-10.95176],[-69.04619,-11.87568],[-68.68525,-12.50195],[-68.75908,-12.68721],[-68.97861,-12.88008],[-68.98345,-13.49639],[-69.07412,-13.68281],[-68.97427,-13.97598],[-68.8917,-14.09434],[-68.88032,-14.19883],[-69.00449,-14.26504],[-69.01314,-14.37725],[-69.23491,-14.59707],[-69.27602,-14.7459],[-69.35947,-14.79531],[-69.37471,-14.96299],[-69.17246,-15.23662],[-69.3019,-15.39941],[-69.41851,-15.60342],[-69.3919,-15.73691],[-69.21758,-16.14912],[-69.13418,-16.22197],[-68.91348,-16.26191],[-68.85781,-16.35478],[-69.00625,-16.43369],[-69.0207,-16.64219],[-69.1998,-16.76846],[-69.43833,-17.08838],[-69.62485,-17.20019],[-69.62588,-17.29443],[-69.52192,-17.38896],[-69.51094,-17.50605]]]},"properties":{"ADMIN":"Bolivia","NAME_EN":"Bolivia","ISO_A2_EH":"BO","ISO_A2":"BO","LABEL_X":-64.593433,"LABEL_Y":-16.666015,"MIN_LABEL":3,"LABELRANK":3,"TINY":-99,"TYPE":"Sovereign country"}},
{"type":"Feature","geometry":{"type":"Polygon","coordinates":[[[91.63193,27.75996],[91.60557,27.95171],[91.22588,28.07124],[91.07773,27.97446],[90.71572,28.07173],[90.35273,28.08023],[90.34824,28.24395],[89.98106,28.31118],[89.8169,28.2563],[89.74981,28.18818],[89.53691,28.10742],[89.16045,27.71128],[89.10234,27.59258],[88.94756,27.46401],[88.89141,27.31606],[88.73877,27.17559],[88.83516,27.06558],[88.85762,26.96148],[89.14824,26.81616],[89.33213,26.84863],[89.76387,26.70156],[90.12295,26.75459],[90.20606,26.84751],[90.3459,26.89033],[90.55986,26.79658],[90.73965,26.77168],[91.13389,26.80342],[91.28652,26.78994],[91.42676,26.86709],[91.51758,26.80732],[91.67158,26.802],[91.84209,26.85298],[91.99834,26.85498],[92.07344,26.91484],[91.99229,27.0999],[92.0834,27.29063],[91.99082,27.4502],[91.74307,27.44253],[91.59473,27.55767],[91.63193,27.75996]]]},"properties":{"ADMIN":"Bhutan","NAME_EN":"Bhutan","ISO_A2_EH":"BT","ISO_A2":"BT","LABEL_X":90.040294,"LABEL_Y":27.536685,"MIN_LABEL":4,"LABELRANK":5,"TINY":-99,"TYPE":"Sovereign country"}},
{"type":"Feature","geometry":{"type":"Polygon","coordinates":[[[1.62266,6.2168],[1.81816,6.26065],[2.28691,6.32808],[2.70645,6.36924],[2.77461,6.71172],[2.72139,6.98027],[2.75674,7.06792],[2.75049,7.39507],[2.78516,7.47686],[2.71934,7.61626],[2.68604,7.87373],[2.72363,8.4419],[2.73291,8.78252],[2.77481,9.04853],[3.04492,9.08384],[3.14805,9.32061],[3.13613,9.45161],[3.32949,9.66704],[3.3252,9.77847],[3.55723,9.90732],[3.6459,10.16016],[3.57656,10.26836],[3.68027,10.42778],[3.78379,10.43589],[3.83447,10.60742],[3.75684,10.76875],[3.71641,11.07959],[3.48779,11.39541],[3.49053,11.49922],[3.59541,11.69629],[3.44981,11.85195],[3.35996,11.88047],[3.14961,12.11807],[2.87813,12.36773],[2.80527,12.38384],[2.64844,12.29678],[2.36602,12.22192],[2.41269,11.99932],[2.38916,11.89707],[2.28721,11.69126],[1.98037,11.41841],[1.85762,11.44336],[1.6,11.40064],[1.42676,11.44712],[1.31738,11.29526],[1.1458,11.2519],[1.06231,11.0582],[0.98506,11.079],[0.90049,10.99326],[0.7875,10.71025],[0.77998,10.35957],[1.33008,9.99697],[1.34707,9.56753],[1.42432,9.28501],[1.56631,9.13726],[1.6002,9.05005],[1.60664,8.55928],[1.62461,8.271],[1.62471,6.99731],[1.58203,6.877],[1.57754,6.6874],[1.74316,6.42627],[1.77793,6.29463],[1.62266,6.2168]]]},"properties":{"ADMIN":"Benin","NAME_EN":"Benin","ISO_A2_EH":"BJ","ISO_A2":"BJ","LABEL_X":2.352018,"LABEL_Y":10.324775,"MIN_LABEL":4,"LABELRANK":5,"TINY":-99,"TYPE":"Sovereign country"}},
{"type":"Feature","geometry":{"type":"MultiPolygon","coordinates":[[[[-89.16147,17.81484],[-89.21245,16.52715],[-89.2375,15.89443],[-88.89404,15.89063],[-88.8791,16.01665],[-88.69517,16.24766],[-88.5623,16.29043],[-88.31343,16.63276],[-88.26182,16.96304],[-88.29399,17.19214],[-88.26719,17.39258],[-88.20347,17.5166],[-88.27173,17.60986],[-88.20747,17.84609],[-88.09722,18.12163],[-88.13027,18.35073],[-88.34927,18.35884],[-88.29565,18.47241],[-88.523,18.4459],[-88.58618,18.29053],[-88.80635,17.96553],[-88.8978,17.91455],[-89.05044,17.99971],[-89.13354,17.9708],[-89.16147,17.81484]]],[[[-87.95059,17.92495],[-87.84853,18.14038],[-87.89834,18.15493],[-87.95059,17.92495]]]]},"properties":{"ADMIN":"Belize","NAME_EN":"Belize","ISO_A2_EH":"BZ","ISO_A2":"BZ","LABEL_X":-88.712962,"LABEL_Y":17.202068,"MIN_LABEL":5,"LABELRANK":6,"TINY":-99,"TYPE":"Sovereign country"}},
{"type":"Feature","geometry":{"type":"Polygon","coordinates":[[[4.22617,51.38648],[4.17256,51.30708],[3.90205,51.20767],[3.58027,51.28618],[3.47197,51.24224],[3.3501,51.37769],[2.96016,51.26543],[2.5249,51.09712],[2.59678,50.87593],[2.83975,50.71177],[3.10684,50.77944],[3.23496,50.66294],[3.27334,50.53154],[3.62676,50.45732],[3.74805,50.34351],[4.04414,50.32134],[4.17461,50.24648],[4.17607,49.96025],[4.36875,49.94497],[4.65615,50.00244],[4.86758,49.78814],[5.00693,49.77837],[5.27881,49.67793],[5.50732,49.51089],[5.78975,49.53828],[5.88037,49.64478],[5.725,49.8083],[5.74404,49.91963],[5.97627,50.16719],[6.1165,50.121],[6.1751,50.23267],[6.36445,50.31616],[6.34092,50.45176],[6.20303,50.49912],[6.23594,50.59668],[5.99395,50.75044],[5.69365,50.77466],[5.82715,51.12564],[5.50879,51.275],[5.31084,51.25972],[5.0999,51.34648],[5.05947,51.45313],[4.84805,51.40327],[4.50342,51.47471],[4.22617,51.38648]]]},"properties":{"ADMIN":"Belgium","NAME_EN":"Belgium","ISO_A2_EH":"BE","ISO_A2":"BE","LABEL_X":4.800448,"LABEL_Y":50.785392,"MIN_LABEL":4,"LABELRANK":2,"TINY":-99,"TYPE":"Sovereign country"}},
{"type":"Feature","geometry":{"type":"Polygon","coordinates":[[[31.76338,52.10107],[31.57734,52.31231],[31.58555,52.53247],[31.52617,52.63301],[31.53516,52.79824],[31.25879,53.0167],[31.41787,53.19605],[31.66826,53.20093],[31.84971,53.1062],[32.14199,53.09116],[32.7043,53.33633],[32.68574,53.44815],[32.46963,53.54697],[32.4502,53.69292],[32.20039,53.78125],[31.7542,53.81045],[31.83779,54.00078],[31.79199,54.05591],[31.40361,54.19595],[31.18477,54.45298],[31.07481,54.4918],[31.12129,54.64849],[30.79883,54.78325],[30.82988,54.91499],[30.97773,55.05049],[30.81445,55.27871],[30.90059,55.39741],[30.90684,55.57002],[30.62559,55.66626],[30.45625,55.78682],[30.23359,55.84522],[29.93701,55.84526],[29.48223,55.68457],[29.35342,55.78438],[29.375,55.93872],[29.0874,56.02114],[28.79473,55.94258],[28.56397,56.09199],[28.28428,56.05591],[28.14795,56.14292],[27.89629,56.07617],[27.64229,55.91172],[27.57676,55.79878],[27.05254,55.83057],[26.82246,55.70923],[26.59356,55.66753],[26.45762,55.34248],[26.77568,55.2731],[26.60117,55.13018],[26.2918,55.1396],[26.1752,55.00327],[25.85928,54.91929],[25.72246,54.71787],[25.72481,54.56426],[25.54736,54.33184],[25.70254,54.29297],[25.74922,54.15698],[25.57305,54.13989],[25.46113,54.29277],[25.17949,54.21426],[25.04609,54.13306],[24.82568,54.11899],[24.76816,53.97466],[24.6207,53.97983],[24.31797,53.89297],[24.19131,53.95044],[23.73369,53.91226],[23.48467,53.9398],[23.59893,53.59922],[23.78926,53.27095],[23.88711,53.02754],[23.91543,52.77026],[23.84473,52.66421],[23.47959,52.55156],[23.2041,52.33789],[23.19697,52.25693],[23.4584,52.16953],[23.65244,52.04038],[23.62568,51.80933],[23.54482,51.71025],[23.60527,51.51792],[23.70684,51.64131],[23.95117,51.58506],[24.12686,51.66465],[24.36191,51.86753],[25.26719,51.93774],[25.92529,51.91353],[26.45342,51.81343],[26.95283,51.754],[27.14199,51.75205],[27.27012,51.61357],[27.85859,51.59238],[28.01074,51.55977],[28.18379,51.60786],[28.59902,51.54263],[28.64775,51.45654],[29.13565,51.61729],[29.34648,51.38257],[29.55313,51.43457],[30.16074,51.47788],[30.3334,51.32554],[30.54453,51.26504],[30.63252,51.35542],[30.53301,51.59634],[30.66729,51.81411],[30.98066,52.04619],[31.21797,52.05024],[31.346,52.10537],[31.76338,52.10107]]]},"properties":{"ADMIN":"Belarus","NAME_EN":"Belarus","ISO_A2_EH":"BY","ISO_A2":"BY","LABEL_X":28.417701,"LABEL_Y":53.821888,"MIN_LABEL":3,"LABELRANK":4,"TINY":-99,"TYPE":"Sovereign country"}},
{"type":"Feature","geometry":{"type":"Polygon","coordinates":[[[-59.49331,13.08198],[-59.42764,13.15278],[-59.5916,13.31768],[-59.64668,13.30313],[-59.61133,13.1021],[-59.49331,13.08198]]]},"properties":{"ADMIN":"Barbados","NAME_EN":"Barbados","ISO_A2_EH":"BB","ISO_A2":"BB","LABEL_X":-59.568966,"LABEL_Y":13.163709,"MIN_LABEL":4.5,"LABELRANK":5,"TINY":3,"TYPE":"Sovereign country"}},
{"type":"Feature","geometry":{"type":"MultiPolygon","coordinates":[[[[89.05147,22.09316],[89.09395,21.87275],[89.23428,21.72236],[89.35371,21.72109],[89.45195,21.82109],[89.56856,21.76743],[89.81191,21.9835],[89.89404,22.20259],[89.9542,22.02285],[90.08789,22.01748],[90.07119,21.88726],[90.15879,21.81685],[90.28818,21.89941],[90.35576,22.04824],[90.58945,22.25845],[90.59551,22.43584],[90.4874,22.58872],[90.43506,22.7519],[90.46602,23.05391],[90.59512,23.13394],[90.59092,23.26641],[90.40801,23.43189],[90.61563,23.44233],[90.65606,23.27305],[90.63359,23.09424],[90.82676,22.72139],[90.94561,22.59702],[91.15137,22.61406],[91.40957,22.79702],[91.48213,22.79741],[91.69297,22.50479],[91.85,22.15737],[91.91318,21.88306],[92.00801,21.68477],[92.05606,21.17481],[92.32412,20.79185],[92.26445,21.06148],[92.21475,21.1127],[92.17959,21.29312],[92.33057,21.4398],[92.53916,21.31982],[92.59346,21.46733],[92.5749,21.97808],[92.49141,22.6854],[92.36162,22.929],[92.33418,23.32383],[92.24609,23.68359],[92.12705,23.721],[91.92959,23.68599],[91.93789,23.50469],[91.7542,23.28731],[91.77383,23.1061],[91.61953,22.97969],[91.51123,23.03369],[91.43623,23.1999],[91.31523,23.1044],[91.25381,23.37363],[91.16045,23.66065],[91.23203,23.92046],[91.36709,24.09351],[91.52637,24.09077],[91.66875,24.19009],[91.87695,24.19531],[91.95166,24.35674],[92.06416,24.37437],[92.19805,24.68574],[92.25127,24.89507],[92.44316,24.84941],[92.46836,24.94414],[92.20469,25.11094],[92.04971,25.16948],[91.47969,25.14214],[91.29316,25.17798],[90.43936,25.15772],[90.25039,25.18496],[89.81406,25.30537],[89.8249,25.56016],[89.79961,25.8396],[89.82295,25.94141],[89.70986,26.17124],[89.61904,26.21567],[89.5499,26.00527],[89.4669,25.98355],[89.28926,26.0376],[89.1083,26.20225],[89.0668,26.3769],[88.92412,26.3751],[88.97041,26.25088],[88.68281,26.2917],[88.68066,26.35298],[88.51826,26.51777],[88.41816,26.57153],[88.3459,26.50479],[88.44043,26.36948],[88.15078,26.08716],[88.08457,25.88823],[88.25293,25.7898],[88.45234,25.57441],[88.59346,25.49531],[88.76914,25.49048],[88.82031,25.36553],[88.94414,25.29077],[88.89014,25.19439],[88.74756,25.16895],[88.45625,25.18843],[88.31338,24.88184],[88.14981,24.91465],[88.02344,24.62783],[88.14551,24.48579],[88.28711,24.47974],[88.39697,24.38926],[88.64229,24.32598],[88.73359,24.23091],[88.69981,24.00254],[88.56738,23.67441],[88.74082,23.43662],[88.72441,23.25498],[88.92813,23.18662],[88.85059,23.04053],[88.9207,22.63203],[89.05,22.27461],[89.05147,22.09316]]],[[[91.15078,22.1752],[91.17822,22.28301],[91.07949,22.51973],[91.04473,22.10518],[91.15078,22.1752]]],[[[91.55674,22.38223],[91.48398,22.57656],[91.41133,22.47568],[91.4669,22.37842],[91.55674,22.38223]]],[[[90.77764,22.08931],[90.82988,22.15996],[90.86816,22.48486],[90.73691,22.63872],[90.67227,22.81318],[90.50293,22.83535],[90.56494,22.61763],[90.64922,22.54067],[90.68047,22.32749],[90.51504,22.06514],[90.77764,22.08931]]],[[[91.94922,21.50806],[91.93398,21.72217],[91.85703,21.70879],[91.88887,21.50332],[91.94922,21.50806]]]]},"properties":{"ADMIN":"Bangladesh","NAME_EN":"Bangladesh","ISO_A2_EH":"BD","ISO_A2":"BD","LABEL_X":89.684963,"LABEL_Y":24.214956,"MIN_LABEL":3,"LABELRANK":3,"TINY":-99,"TYPE":"Sovereign country"}},
{"type":"Feature","geometry":{"type":"Polygon","coordinates":[[[50.60723,25.88311],[50.60977,26.12446],[50.45244,26.19082],[50.46592,25.96553],[50.60723,25.88311]]]},"properties":{"ADMIN":"Bahrain","NAME_EN":"Bahrain","ISO_A2_EH":"BH","ISO_A2":"BH","LABEL_X":50.554816,"LABEL_Y":26.055972,"MIN_LABEL":4,"LABELRANK":4,"TINY":2,"TYPE":"Sovereign country"}},
{"type":"Feature","geometry":{"type":"MultiPolygon","coordinates":[[[[-77.65771,24.24946],[-77.70146,24.28755],[-77.9999,24.21982],[-77.85225,24.04038],[-77.77129,23.75254],[-77.57373,23.73916],[-77.51875,23.86943],[-77.56152,24.13682],[-77.68325,24.11846],[-77.65771,24.24946]]],[[[-77.22563,25.9042],[-77.19102,25.95547],[-77.16729,26.24033],[-77.03828,26.33345],[-77.06636,26.53018],[-77.20606,26.48897],[-77.24678,26.15635],[-77.33325,25.99561],[-77.22563,25.9042]]],[[[-73.02685,21.19238],[-73.23535,21.15449],[-73.5231,21.19082],[-73.68037,21.10332],[-73.66103,20.9374],[-73.40078,20.9439],[-73.16455,20.97915],[-73.02685,21.19238]]],[[[-77.74385,24.70742],[-77.84014,24.79439],[-78.0333,25.14312],[-78.21138,25.19126],[-78.15933,25.02236],[-78.18408,24.91709],[-78.29883,24.75391],[-78.24272,24.65381],[-78.4353,24.62759],[-78.3665,24.54419],[-78.1916,24.46606],[-78.04492,24.28745],[-77.74521,24.46348],[-77.74385,24.70742]]],[[[-78.49287,26.72905],[-78.59712,26.79795],[-78.67095,26.50654],[-78.23389,26.63735],[-77.92612,26.66338],[-77.94394,26.74424],[-78.37173,26.69795],[-78.49287,26.72905]]],[[[-74.05752,22.72349],[-74.22148,22.81157],[-74.27461,22.71167],[-74.09858,22.66543],[-74.05752,22.72349]]]]},"properties":{"ADMIN":"The Bahamas","NAME_EN":"The Bahamas","ISO_A2_EH":"BS","ISO_A2":"BS","LABEL_X":-77.146688,"LABEL_Y":26.401789,"MIN_LABEL":4,"LABELRANK":4,"TINY":-99,"TYPE":"Sovereign country"}},
{"type":"Feature","geometry":{"type":"MultiPolygon","coordinates":[[[[44.81719,39.65044],[45.14121,39.2543],[45.25596,39.19468],[45.47969,39.00625],[45.575,38.9728],[46.11445,38.87778],[45.95186,39.17813],[45.97744,39.2439],[45.76631,39.37847],[45.75049,39.56294],[45.45684,39.49448],[45.14863,39.65659],[45.03164,39.76514],[44.76826,39.70352],[44.81719,39.65044]]],[[[48.86875,38.4355],[48.85088,38.81533],[49.01348,39.13398],[49.19981,39.07266],[49.26934,39.28516],[49.36279,39.34956],[49.32441,39.60835],[49.41514,39.83984],[49.47734,40.08726],[49.55117,40.19414],[49.91885,40.31641],[50.14316,40.32324],[50.36592,40.27949],[50.30684,40.41221],[50.18252,40.50479],[49.99063,40.57681],[49.77598,40.58398],[49.55615,40.71631],[49.22647,41.02622],[49.10664,41.30171],[48.82393,41.62959],[48.57285,41.84448],[48.39141,41.6019],[48.05606,41.45869],[47.86113,41.21274],[47.52061,41.22905],[47.26113,41.31509],[47.20527,41.45562],[47.01016,41.5875],[46.74932,41.8126],[46.55215,41.81231],[46.42988,41.89097],[46.18213,41.65708],[46.30547,41.50771],[46.61895,41.34375],[46.62637,41.15967],[46.45791,41.07021],[46.1707,41.19785],[46.03125,41.16729],[45.79277,41.22441],[45.71563,41.33765],[45.28096,41.44956],[45.00137,41.29097],[45.19023,41.12637],[45.5875,40.84692],[45.40137,40.70713],[45.37617,40.63809],[45.56953,40.41685],[45.96465,40.23379],[45.85811,40.01128],[45.63018,40.01421],[45.78965,39.8811],[46.20205,39.59448],[46.32168,39.61743],[46.48145,39.55518],[46.37842,39.38228],[46.50664,39.29854],[46.55,39.20142],[46.40147,39.16768],[46.48984,39.06943],[46.49063,38.90669],[46.55479,38.9044],[46.85254,39.14844],[46.98887,39.18018],[47.18838,39.34097],[47.77285,39.64858],[47.9959,39.68394],[48.32217,39.39907],[48.13604,39.31235],[48.12549,39.17163],[48.27412,39.09912],[48.24199,38.97896],[48.0501,38.93501],[48.02324,38.81904],[48.20469,38.72412],[48.30557,38.61348],[48.41738,38.58623],[48.59268,38.41108],[48.86875,38.4355]]]]},"properties":{"ADMIN":"Azerbaijan","NAME_EN":"Azerbaijan","ISO_A2_EH":"AZ","ISO_A2":"AZ","LABEL_X":47.210994,"LABEL_Y":40.402387,"MIN_LABEL":4,"LABELRANK":5,"TINY":-99,"TYPE":"Sovereign country"}},
{"type":"Feature","geometry":{"type":"Polygon","coordinates":[[[9.52754,47.27075],[9.58027,47.05737],[9.84531,47.00737],[9.99687,46.88535],[10.17979,46.86235],[10.34941,46.98477],[10.45283,46.86494],[10.68926,46.84639],[10.75977,46.79331],[11.0251,46.79697],[11.13389,46.93618],[11.24443,46.97568],[11.77568,46.98608],[12.16943,47.08213],[12.1541,46.93525],[12.38828,46.70264],[12.4792,46.67251],[13.16875,46.57266],[13.7,46.52026],[14.50352,46.41704],[14.75674,46.49912],[15.00068,46.62598],[15.43926,46.62964],[15.7669,46.71128],[15.95762,46.67764],[15.97686,46.80137],[16.09307,46.86328],[16.25254,46.97192],[16.45342,47.00679],[16.49268,47.12266],[16.4169,47.22344],[16.43438,47.36743],[16.62305,47.44756],[16.63975,47.60889],[16.43213,47.6563],[16.55098,47.74736],[16.74756,47.68628],[17.0666,47.70757],[17.03008,47.83711],[17.14736,48.00596],[16.97266,48.1981],[16.86543,48.38691],[16.95313,48.59883],[16.88369,48.70371],[16.47793,48.8001],[16.36729,48.73897],[16.05723,48.75479],[15.8252,48.86445],[15.70078,48.86045],[15.31094,48.97402],[14.97217,48.98394],[14.92256,48.77139],[14.82188,48.77402],[14.69131,48.59922],[14.48867,48.62554],[14.36758,48.57622],[14.04912,48.60249],[13.98877,48.69243],[13.81475,48.76694],[13.78535,48.58745],[13.6752,48.52305],[13.48662,48.58184],[13.40938,48.39414],[13.32285,48.33125],[13.08213,48.2751],[12.81426,48.16084],[12.76006,48.07598],[12.95352,47.89063],[12.89766,47.72188],[13.03359,47.69873],[13.01436,47.47808],[12.78281,47.56416],[12.68584,47.66934],[12.48291,47.63731],[12.19688,47.70908],[12.18565,47.61953],[11.7168,47.5835],[11.39297,47.48716],[11.29795,47.4249],[10.98086,47.39815],[10.87305,47.52022],[10.43037,47.54106],[10.31279,47.31343],[10.09648,47.37959],[10.03408,47.47358],[9.74893,47.57554],[9.52402,47.52422],[9.62588,47.46704],[9.52754,47.27075]]]},"properties":{"ADMIN":"Austria","NAME_EN":"Austria","ISO_A2_EH":"AT","ISO_A2":"AT","LABEL_X":14.130515,"LABEL_Y":47.518859,"MIN_LABEL":3,"LABELRANK":4,"TINY":-99,"TYPE":"Sovereign country"}},
{"type":"Feature","geometry":{"type":"MultiPolygon","coordinates":[[[[143.17891,-11.95449],[142.98848,-11.91904],[142.87256,-11.82139],[142.83682,-11.30693],[142.72305,-11.01045],[142.55273,-10.87441],[142.60508,-10.74824],[142.45645,-10.70732],[142.32647,-10.88418],[142.16836,-10.94658],[142.13897,-11.27324],[141.95156,-11.89619],[141.80576,-12.08008],[141.68857,-12.35107],[141.67773,-12.49141],[141.85215,-12.57871],[141.92979,-12.73984],[141.78223,-12.77871],[141.61357,-12.94346],[141.64541,-13.25908],[141.53418,-13.55381],[141.47256,-13.79756],[141.48066,-13.92676],[141.59434,-14.15283],[141.52295,-14.47012],[141.60352,-14.85273],[141.62549,-15.05664],[141.45156,-15.60527],[141.39316,-15.90469],[141.41191,-16.06953],[141.21914,-16.64619],[140.96602,-17.01455],[140.83047,-17.41445],[140.51113,-17.62451],[140.20967,-17.7044],[140.03584,-17.70264],[139.89453,-17.61133],[139.68965,-17.54072],[139.44053,-17.38057],[139.24844,-17.32861],[139.1541,-17.16777],[139.11035,-17.01406],[139.00986,-16.89932],[138.82031,-16.86065],[138.62568,-16.77783],[138.50566,-16.78955],[138.24502,-16.71836],[138.07158,-16.61699],[137.91289,-16.47656],[137.70371,-16.23301],[137.29932,-16.06631],[137.00215,-15.87832],[136.78467,-15.89424],[136.69815,-15.83496],[136.70488,-15.68525],[136.58359,-15.70654],[136.29141,-15.57012],[136.20537,-15.40342],[135.96953,-15.27021],[135.83262,-15.16016],[135.53076,-15.00039],[135.45332,-14.92314],[135.40518,-14.7582],[135.74453,-14.28662],[135.8834,-14.15312],[135.98955,-13.81016],[135.9292,-13.62158],[135.92734,-13.3043],[136.29414,-13.13799],[136.46104,-13.22519],[136.59434,-13.00381],[136.53701,-12.78428],[136.94746,-12.3499],[136.89746,-12.24355],[136.71943,-12.22646],[136.60977,-12.13359],[136.54023,-11.95762],[136.44336,-11.95146],[136.27012,-12.13164],[136.32852,-12.30557],[136.26065,-12.43379],[136.08184,-12.42246],[136.0085,-12.19141],[135.93779,-12.15215],[135.74395,-12.2417],[135.70254,-12.15156],[135.88945,-11.99277],[135.78848,-11.90703],[135.54873,-12.06064],[135.35234,-12.1292],[135.21797,-12.22168],[135.02969,-12.19375],[134.85469,-12.10254],[134.73027,-11.98437],[134.53809,-12.06084],[134.23711,-12.00771],[133.9042,-11.83203],[133.5332,-11.81621],[133.35615,-11.72822],[133.18525,-11.70566],[133.0249,-11.45283],[132.85713,-11.39111],[132.68281,-11.50557],[132.55732,-11.36689],[132.2627,-11.204],[132.19775,-11.30498],[131.96152,-11.18086],[131.81182,-11.27139],[132.13359,-11.50068],[132.27793,-11.46768],[132.4752,-11.4915],[132.67422,-11.64902],[132.62988,-11.83584],[132.63047,-12.03516],[132.58379,-12.11025],[132.37207,-12.23916],[132.25322,-12.18603],[132.06406,-12.28076],[131.88799,-12.23193],[131.72627,-12.27812],[131.43828,-12.27695],[131.21992,-12.17793],[131.0457,-12.18965],[131.02344,-12.34287],[130.87383,-12.36719],[130.86738,-12.55781],[130.67236,-12.40693],[130.60957,-12.49131],[130.61748,-12.64687],[130.3999,-12.68789],[130.31797,-12.88291],[130.16816,-12.95742],[130.13496,-13.14551],[130.25977,-13.30225],[130.13594,-13.44834],[129.93789,-13.50166],[129.83887,-13.57295],[129.70986,-13.97998],[129.45918,-14.21348],[129.37871,-14.39248],[129.60791,-14.55967],[129.60469,-14.64707],[129.75352,-14.78955],[129.63711,-14.85098],[129.56709,-15.04736],[129.45898,-14.9332],[129.26758,-14.87148],[129.23789,-15.08018],[129.0582,-14.88437],[128.63555,-14.78096],[128.47744,-14.78799],[128.175,-15.04316],[128.22725,-15.21357],[128.15547,-15.22559],[128.08047,-15.08799],[128.19941,-14.75176],[128.18047,-14.71162],[127.8876,-14.48516],[127.67285,-14.19512],[127.29307,-13.93477],[127.09922,-13.86738],[126.90322,-13.74414],[126.77559,-13.78848],[126.78066,-13.95518],[126.6791,-14.08935],[126.56973,-14.16094],[126.40313,-14.01894],[126.2585,-14.16357],[126.18428,-14.00205],[126.11133,-14.11406],[126.0166,-14.37129],[126.0207,-14.49453],[125.8501,-14.59727],[125.81953,-14.46914],[125.68125,-14.38799],[125.43594,-14.55684],[125.33545,-14.55791],[125.17871,-14.71475],[125.24326,-14.94453],[125.38379,-15.01562],[125.35566,-15.11982],[125.18867,-15.04541],[125.02402,-15.02441],[124.97871,-15.10664],[124.83906,-15.16074],[124.90918,-15.31006],[125.07295,-15.30674],[125.06299,-15.44228],[124.75049,-15.28525],[124.56162,-15.49629],[124.43955,-15.49355],[124.38164,-15.7582],[124.5043,-15.97246],[124.60859,-15.9375],[124.57686,-16.11367],[124.43457,-16.10381],[124.38828,-16.20303],[124.45449,-16.33525],[124.66924,-16.33877],[124.69238,-16.38613],[124.30039,-16.38828],[124.12979,-16.27881],[123.96133,-16.28691],[123.85918,-16.38232],[123.72891,-16.19248],[123.60703,-16.22402],[123.64648,-16.34307],[123.58135,-16.4709],[123.49043,-16.49072],[123.60713,-16.66807],[123.77813,-16.86777],[123.87441,-16.91865],[123.79902,-17.12715],[123.66406,-17.02324],[123.58633,-17.08271],[123.60791,-17.21992],[123.5252,-17.48574],[123.3832,-17.29277],[123.26592,-17.03682],[123.14209,-16.86309],[122.9707,-16.43682],[122.9168,-16.43262],[122.72041,-16.78769],[122.52256,-16.94287],[122.43203,-16.97041],[122.26094,-17.13574],[122.16025,-17.31367],[122.14746,-17.54902],[122.2374,-17.96855],[122.36094,-18.03691],[122.26211,-18.15908],[122.00625,-18.39365],[121.83379,-18.47705],[121.63066,-18.8166],[121.49356,-19.10644],[121.3377,-19.31992],[121.17979,-19.47793],[120.87842,-19.66504],[120.43369,-19.84199],[120.19629,-19.90947],[119.76777,-19.9584],[119.58594,-20.03828],[119.10449,-19.99531],[118.75147,-20.26191],[118.19922,-20.3752],[118.08731,-20.41904],[117.68389,-20.64277],[117.40625,-20.72119],[117.29277,-20.71309],[117.13906,-20.64092],[116.70674,-20.65381],[116.01094,-21.03037],[115.77148,-21.24228],[115.59609,-21.3581],[115.45615,-21.4917],[115.16172,-21.63057],[114.85908,-21.73594],[114.70928,-21.82344],[114.60283,-21.94219],[114.37773,-22.3415],[114.30352,-22.42539],[114.1416,-22.4831],[114.16387,-22.32334],[114.09277,-22.18135],[114.14258,-21.90977],[113.9584,-21.93916],[113.68281,-22.63779],[113.76787,-22.81289],[113.79492,-23.02363],[113.75703,-23.41816],[113.55293,-23.73281],[113.48984,-23.86963],[113.42129,-24.13232],[113.41768,-24.43564],[113.56924,-24.69297],[113.6708,-24.97705],[113.79238,-25.16572],[113.99277,-25.54482],[114.21426,-25.85156],[114.21572,-26.28945],[114.09033,-26.39365],[113.94238,-26.25869],[113.87988,-26.02764],[113.76582,-26.15977],[113.6917,-26.0917],[113.71309,-25.83076],[113.53945,-25.62519],[113.45137,-25.59912],[113.39531,-25.71328],[113.51338,-25.89834],[113.58906,-26.09863],[113.85283,-26.33213],[113.83643,-26.50059],[113.73369,-26.59512],[113.58164,-26.5581],[113.54658,-26.43672],[113.38897,-26.10557],[113.34531,-26.2083],[113.23106,-26.24141],[113.33301,-26.41738],[113.70938,-26.84775],[114.02813,-27.34727],[114.09844,-27.54424],[114.1335,-27.97646],[114.16514,-28.08066],[114.35352,-28.29492],[114.5374,-28.54287],[114.62842,-28.87178],[114.85684,-29.14297],[114.95898,-29.43359],[114.94209,-29.72158],[114.99453,-30.21621],[115.07793,-30.56045],[115.17686,-30.80801],[115.29434,-30.96182],[115.45459,-31.30254],[115.69844,-31.69453],[115.73809,-31.88789],[115.70791,-32.56797],[115.61856,-32.66699],[115.68301,-33.19287],[115.51533,-33.53135],[115.35879,-33.63994],[115.18164,-33.64346],[114.99385,-33.51533],[114.97344,-34.05117],[115.00879,-34.25586],[115.12793,-34.3418],[115.27764,-34.30391],[115.56504,-34.42578],[115.72627,-34.52607],[115.98672,-34.79502],[116.51719,-34.98789],[116.86543,-35.02656],[117.14395,-35.03369],[117.58193,-35.09775],[118.13555,-34.98662],[118.89531,-34.47988],[119.24766,-34.45644],[119.45059,-34.36826],[119.63516,-34.10117],[119.8541,-33.97471],[120.20938,-33.93545],[120.41836,-33.96309],[120.81455,-33.87129],[121.40508,-33.82676],[121.72969,-33.8625],[122.06113,-33.87441],[122.15098,-33.9918],[122.77754,-33.89082],[123.06758,-33.90059],[123.20762,-33.98828],[123.36543,-33.90537],[123.50684,-33.91621],[123.65039,-33.83633],[123.86836,-33.59639],[124.12607,-33.1294],[124.24375,-33.01523],[124.37324,-32.9584],[124.75879,-32.88271],[125.2666,-32.61445],[125.46367,-32.55654],[125.91719,-32.29697],[126.13652,-32.25684],[126.7793,-32.31094],[127.31982,-32.26406],[127.67803,-32.15127],[128.06768,-32.0665],[128.54609,-31.88769],[128.94619,-31.70264],[129.1877,-31.65996],[130.12979,-31.5791],[130.78301,-31.604],[131.14365,-31.4957],[131.39316,-31.54853],[131.72119,-31.69629],[132.21465,-32.00713],[132.32363,-32.02002],[132.64863,-31.94932],[132.75742,-31.95625],[133.21211,-32.18379],[133.55137,-32.18291],[133.78672,-32.26885],[133.93018,-32.41172],[134.23418,-32.54853],[134.22715,-32.73057],[134.10039,-32.74863],[134.17353,-32.9791],[134.30127,-33.16504],[134.60772,-33.19014],[134.79102,-33.32832],[134.88877,-33.62637],[135.18545,-33.90674],[135.31201,-34.19551],[135.45,-34.58105],[135.23066,-34.57978],[135.48086,-34.7582],[135.64756,-34.93965],[135.79238,-34.86328],[135.91914,-34.96191],[135.99854,-34.94375],[135.89102,-34.66094],[136.12109,-34.42871],[136.43066,-34.02998],[136.63555,-33.89658],[136.93652,-33.75019],[137.13027,-33.70303],[137.23731,-33.62949],[137.3542,-33.43018],[137.44229,-33.19356],[137.68018,-32.97803],[137.79092,-32.82324],[137.91318,-32.7707],[137.99258,-33.09424],[137.85234,-33.20078],[137.93184,-33.5791],[137.65039,-33.85908],[137.49385,-34.16113],[137.45898,-34.37891],[137.49297,-34.59775],[137.39102,-34.91328],[137.01426,-34.91582],[136.88359,-35.23975],[137.14443,-35.23643],[137.45957,-35.13135],[137.6917,-35.14297],[137.87412,-34.72744],[137.91924,-34.45605],[138.08926,-34.16982],[138.48994,-34.76357],[138.51113,-35.02441],[138.3998,-35.32578],[138.25215,-35.48652],[138.18437,-35.61269],[138.52188,-35.64238],[138.91523,-35.48887],[139.19277,-35.34727],[139.3251,-35.42666],[139.28945,-35.61133],[139.17803,-35.52305],[139.0377,-35.68926],[139.24492,-35.82734],[139.54873,-36.09668],[139.729,-36.37139],[139.85732,-36.66211],[139.73848,-37.05957],[139.78428,-37.2458],[139.87481,-37.35205],[140.21211,-37.64219],[140.39043,-37.89668],[140.62725,-38.02842],[141.01094,-38.07695],[141.21387,-38.17197],[141.42422,-38.36348],[141.59395,-38.38779],[141.725,-38.27139],[141.92471,-38.28379],[142.1877,-38.39941],[142.34453,-38.37217],[142.61211,-38.45166],[142.84023,-38.58086],[143.08262,-38.6459],[143.22646,-38.74316],[143.53896,-38.8209],[143.81172,-38.69883],[144.10156,-38.4623],[144.32871,-38.34824],[144.54365,-38.28408],[144.66523,-38.20996],[144.53848,-38.07715],[144.89131,-37.8998],[145.11992,-38.09131],[145.06699,-38.20488],[144.91143,-38.34404],[144.71777,-38.34033],[144.95957,-38.50078],[145.19121,-38.38359],[145.29277,-38.2376],[145.47578,-38.24375],[145.54219,-38.39385],[145.39727,-38.53535],[145.60635,-38.65684],[145.79082,-38.66699],[145.93535,-38.90176],[146.06992,-38.83408],[146.1584,-38.86572],[146.4,-39.14551],[146.48379,-39.06504],[146.4666,-38.84033],[146.33662,-38.89424],[146.21621,-38.78272],[146.29258,-38.6998],[146.43574,-38.71182],[146.85684,-38.66348],[147.3956,-38.21914],[147.63145,-38.05566],[147.87676,-37.93418],[148.2625,-37.83066],[148.94395,-37.78848],[149.29844,-37.80215],[149.56543,-37.72998],[149.80937,-37.54785],[149.93272,-37.52852],[149.98633,-37.2584],[149.95059,-37.08027],[149.96025,-36.84551],[150.06279,-36.55039],[150.12891,-36.12041],[150.19531,-35.83359],[150.37412,-35.58418],[150.56748,-35.21426],[150.69033,-35.17773],[150.69736,-35.04189],[150.80918,-34.99385],[150.78106,-34.89219],[150.87129,-34.49912],[150.96035,-34.29707],[151.23154,-34.02969],[151.32275,-33.69932],[151.29209,-33.58096],[151.43203,-33.52158],[151.48379,-33.34746],[151.81289,-32.90107],[151.9543,-32.82031],[152.16426,-32.75742],[152.24746,-32.60869],[152.47041,-32.43906],[152.54531,-32.24307],[152.55928,-32.0457],[152.78584,-31.78633],[152.94395,-31.43486],[153.04785,-30.90713],[153.03057,-30.56338],[153.18818,-30.16387],[153.27236,-29.89248],[153.34697,-29.49658],[153.34805,-29.29043],[153.46221,-29.05019],[153.60459,-28.85449],[153.6169,-28.67305],[153.56914,-28.5334],[153.57568,-28.24053],[153.45488,-28.04834],[153.38574,-27.76855],[153.19795,-27.40469],[153.1168,-27.19443],[153.16211,-26.98271],[153.08418,-26.30381],[153.16494,-25.96416],[153.02822,-25.87031],[152.92051,-25.68857],[152.91348,-25.43213],[152.78916,-25.27412],[152.6543,-25.20195],[152.50205,-24.96396],[152.45635,-24.80244],[152.12988,-24.59756],[151.90273,-24.20098],[151.69092,-24.03838],[151.50078,-24.0124],[151.23633,-23.825],[150.84316,-23.45801],[150.78301,-23.17656],[150.76387,-22.57617],[150.67246,-22.41816],[150.56856,-22.38398],[150.54131,-22.55908],[150.23486,-22.37295],[150.07617,-22.16445],[149.98125,-22.18428],[149.94189,-22.3081],[150.00557,-22.52158],[149.82246,-22.38984],[149.70391,-22.44053],[149.5957,-22.25762],[149.46006,-21.76543],[149.4541,-21.57871],[149.3293,-21.47607],[149.20488,-21.1251],[149.06055,-20.96113],[148.78945,-20.73565],[148.68369,-20.58018],[148.72998,-20.46777],[148.88477,-20.48086],[148.75938,-20.28955],[148.60049,-20.14521],[148.3669,-20.0875],[148.08106,-19.89863],[147.91563,-19.86924],[147.74238,-19.77012],[147.58604,-19.62275],[147.41856,-19.37812],[147.27812,-19.41416],[147.13877,-19.39316],[147.00264,-19.25605],[146.829,-19.23574],[146.48115,-19.07871],[146.29688,-18.84121],[146.3332,-18.55371],[146.22305,-18.50986],[146.03223,-18.27285],[146.02285,-18.17578],[146.07402,-17.97734],[146.12588,-17.63525],[146.04981,-17.38105],[145.90195,-17.07021],[145.91211,-16.9125],[145.75479,-16.87949],[145.5499,-16.6251],[145.42607,-16.40615],[145.45801,-16.05644],[145.37539,-15.88105],[145.34951,-15.70156],[145.27158,-15.47666],[145.29307,-15.32725],[145.25166,-15.09746],[145.2877,-14.94316],[144.64805,-14.49248],[144.58643,-14.35469],[144.47305,-14.23184],[144.20986,-14.30195],[143.96182,-14.46289],[143.75635,-14.34883],[143.64336,-13.96367],[143.54844,-13.74102],[143.58662,-13.44365],[143.52949,-13.30381],[143.51201,-13.09453],[143.40156,-12.63994],[143.2541,-12.39766],[143.11025,-12.30352],[143.10469,-12.16963],[143.17891,-11.95449]]],[[[153.07744,-25.75078],[153.14141,-25.51279],[153.3502,-25.06309],[153.28213,-24.73828],[153.18096,-24.76484],[153.24199,-24.92256],[153.18926,-25.07051],[153.03809,-25.19316],[153.06074,-25.30225],[152.97666,-25.55137],[153.00693,-25.72891],[153.07744,-25.75078]]],[[[139.50781,-16.57305],[139.69775,-16.51494],[139.58789,-16.39521],[139.29297,-16.46728],[139.1627,-16.62588],[139.15957,-16.7417],[139.43057,-16.66103],[139.50781,-16.57305]]],[[[136.71465,-13.80391],[136.65566,-13.67588],[136.42471,-13.86484],[136.42773,-14.12646],[136.36328,-14.22891],[136.64971,-14.28047],[136.89434,-14.29307],[136.88545,-14.19727],[136.74531,-14.07266],[136.80449,-13.84248],[136.71465,-13.80391]]],[[[130.45928,-11.6793],[130.33926,-11.33701],[130.25117,-11.36055],[130.15283,-11.47754],[130.19756,-11.6582],[130.07207,-11.68076],[130.04326,-11.7873],[130.13125,-11.82451],[130.31748,-11.77178],[130.50254,-11.83564],[130.5418,-11.70312],[130.45928,-11.6793]]],[[[130.61885,-11.37607],[130.42666,-11.1831],[130.36855,-11.21494],[130.42275,-11.4458],[130.51191,-11.61787],[130.64492,-11.74238],[130.95098,-11.92646],[131.29209,-11.71094],[131.38281,-11.58252],[131.53857,-11.43691],[131.43691,-11.31318],[131.26826,-11.18984],[131.02305,-11.33437],[130.91279,-11.30928],[130.75225,-11.38437],[130.61885,-11.37607]]],[[[113.18301,-26.05312],[112.98242,-25.52021],[112.9082,-25.56982],[112.96426,-25.7831],[113.18301,-26.05312]]],[[[137.59648,-35.73867],[137.53047,-35.60508],[137.33408,-35.59248],[137.0918,-35.66387],[136.63867,-35.74883],[136.54063,-35.89014],[136.75508,-36.0331],[137.14775,-36.03906],[137.20957,-35.98242],[137.44844,-36.0748],[137.59023,-36.02715],[137.6709,-35.89795],[137.83555,-35.86777],[138.01191,-35.90762],[138.12344,-35.85234],[138.04658,-35.75518],[137.59648,-35.73867]]],[[[151.14658,-23.49082],[151.0333,-23.53018],[151.18418,-23.74072],[151.2958,-23.72031],[151.14658,-23.49082]]],[[[153.53877,-27.43643],[153.43545,-27.40537],[153.3958,-27.66504],[153.45273,-27.71172],[153.53877,-27.43643]]],[[[142.2748,-10.70478],[142.19795,-10.59199],[142.13106,-10.64062],[142.19141,-10.76201],[142.2748,-10.70478]]],[[[146.27832,-18.23125],[146.11621,-18.29238],[146.23565,-18.45078],[146.34199,-18.4001],[146.27832,-18.23125]]],[[[137.09365,-15.77812],[137.00957,-15.59482],[136.94268,-15.71172],[137.09365,-15.77812]]],[[[132.59336,-11.30283],[132.6291,-11.16914],[132.59326,-10.99766],[132.48379,-11.0373],[132.49375,-11.16367],[132.59336,-11.30283]]],[[[145.04297,-40.78672],[144.81856,-40.72168],[144.70967,-40.78291],[144.64609,-40.98086],[144.77793,-41.41885],[145.05537,-41.82676],[145.23818,-42.01963],[145.19883,-42.23086],[145.26816,-42.54434],[145.4876,-42.92666],[145.60996,-42.99824],[145.80273,-43.24404],[145.97529,-43.27715],[146.04316,-43.54717],[146.18672,-43.51279],[146.54853,-43.50889],[146.69922,-43.60195],[146.87393,-43.6125],[147.07734,-43.27588],[147.24502,-43.21592],[147.25977,-43.07109],[147.40801,-42.89385],[147.57383,-42.8457],[147.8,-42.92812],[147.64795,-43.0206],[147.78584,-43.22002],[147.98086,-43.15703],[147.91504,-42.81641],[147.92441,-42.57246],[148.00938,-42.43594],[148.02275,-42.25947],[148.18311,-42.06475],[148.30147,-42.03994],[148.28984,-41.46504],[148.31221,-41.34971],[148.29287,-40.94707],[148.21523,-40.85488],[147.96875,-40.77959],[147.87295,-40.87256],[147.62168,-40.84473],[147.45478,-41.00166],[147.32051,-40.95644],[146.98984,-40.99238],[146.57441,-41.14238],[146.31748,-41.16348],[145.82148,-41.02461],[145.73379,-40.96201],[145.4294,-40.8582],[145.28301,-40.76992],[145.04297,-40.78672]]],[[[143.92793,-40.11611],[144.11191,-40.02207],[144.14102,-39.95381],[144.09131,-39.63809],[144.00078,-39.58018],[143.86182,-39.73799],[143.83857,-39.9041],[143.92793,-40.11611]]],[[[148.00039,-39.75762],[147.83916,-39.83154],[147.89053,-40.01455],[148.10566,-40.26211],[148.32324,-40.14443],[148.29736,-39.98574],[148.17793,-39.93848],[148.00039,-39.75762]]],[[[148.32627,-40.30693],[148.10254,-40.45166],[148.47422,-40.43242],[148.32627,-40.30693]]]]},"properties":{"ADMIN":"Australia","NAME_EN":"Australia","ISO_A2_EH":"AU","ISO_A2":"AU","LABEL_X":134.04972,"LABEL_Y":-24.129522,"MIN_LABEL":1.7,"LABELRANK":2,"TINY":-99,"TYPE":"Country"}},
{"type":"Feature","geometry":{"type":"Polygon","coordinates":[[[105.72539,-10.49297],[105.70547,-10.43066],[105.58408,-10.5125],[105.69688,-10.56416],[105.72539,-10.49297]]]},"properties":{"ADMIN":"Indian Ocean Territories","NAME_EN":"Australian Indian Ocean Territories","ISO_A2_EH":"AU","ISO_A2":"-99","LABEL_X":105.67259,"LABEL_Y":-10.490789,"MIN_LABEL":5,"LABELRANK":5,"TINY":-99,"TYPE":"Dependency"}},
{"type":"Feature","geometry":{"type":"Polygon","coordinates":[[[73.70742,-53.13711],[73.58574,-53.02715],[73.33633,-53.02988],[73.46514,-53.18418],[73.70742,-53.13711]]]},"properties":{"ADMIN":"Heard Island and McDonald Islands","NAME_EN":"Heard Island and McDonald Islands","ISO_A2_EH":"HM","ISO_A2":"HM","LABEL_X":73.50521,"LABEL_Y":-53.103462,"MIN_LABEL":4.5,"LABELRANK":5,"TINY":-99,"TYPE":"Dependency"}},
{"type":"Feature","geometry":{"type":"Polygon","coordinates":[[[167.93945,-29.01768],[167.92041,-29.08281],[167.979,-29.07568],[167.93945,-29.01768]]]},"properties":{"ADMIN":"Norfolk Island","NAME_EN":"Norfolk Island","ISO_A2_EH":"NF","ISO_A2":"NF","LABEL_X":167.954531,"LABEL_Y":-29.033042,"MIN_LABEL":4.5,"LABELRANK":5,"TINY":-99,"TYPE":"Dependency"}},
{"type":"Feature","geometry":{"type":"Polygon","coordinates":[[[123.59453,-12.42568],[123.57246,-12.42393],[123.57315,-12.43418],[123.59522,-12.43594],[123.59453,-12.42568]]]},"properties":{"ADMIN":"Ashmore and Cartier Islands","NAME_EN":"Ashmore and Cartier Islands","ISO_A2_EH":"AU","ISO_A2":"-99","LABEL_X":123.586368,"LABEL_Y":-12.432571,"MIN_LABEL":4.5,"LABELRANK":5,"TINY":-99,"TYPE":"Dependency"}},
{"type":"Feature","geometry":{"type":"Polygon","coordinates":[[[44.76826,39.70352],[45.03164,39.76514],[45.14863,39.65659],[45.45684,39.49448],[45.75049,39.56294],[45.76631,39.37847],[45.97744,39.2439],[45.95186,39.17813],[46.11445,38.87778],[46.49063,38.90669],[46.48984,39.06943],[46.40147,39.16768],[46.55,39.20142],[46.50664,39.29854],[46.37842,39.38228],[46.48145,39.55518],[46.32168,39.61743],[46.20205,39.59448],[45.78965,39.8811],[45.63018,40.01421],[45.85811,40.01128],[45.96465,40.23379],[45.56953,40.41685],[45.37617,40.63809],[45.40137,40.70713],[45.5875,40.84692],[45.19023,41.12637],[45.00137,41.29097],[44.84141,41.21138],[44.47305,41.19102],[44.22734,41.21333],[43.79316,41.1311],[43.43945,41.10713],[43.63164,40.929],[43.72266,40.71953],[43.66787,40.57407],[43.56934,40.48237],[43.70986,40.1665],[43.7917,40.07026],[44.00537,40.01411],[44.28926,40.04038],[44.56045,39.8876],[44.76826,39.70352]]]},"properties":{"ADMIN":"Armenia","NAME_EN":"Armenia","ISO_A2_EH":"AM","ISO_A2":"AM","LABEL_X":44.800564,"LABEL_Y":40.459077,"MIN_LABEL":5,"LABELRANK":6,"TINY":-99,"TYPE":"Sovereign country"}},
{"type":"Feature","geometry":{"type":"MultiPolygon","coordinates":[[[[-57.60889,-30.18779],[-57.40522,-30.03389],[-57.22466,-29.78213],[-56.93862,-29.59482],[-56.77246,-29.41787],[-56.5707,-29.13809],[-56.39326,-28.99727],[-56.32236,-28.85244],[-56.10288,-28.65176],[-55.85889,-28.3542],[-55.68726,-28.38164],[-55.72549,-28.2041],[-55.47666,-28.08935],[-55.34648,-27.95596],[-55.10151,-27.8668],[-55.03994,-27.76777],[-54.9102,-27.70859],[-54.8291,-27.55059],[-54.71973,-27.54492],[-54.55493,-27.4541],[-54.327,-27.42353],[-54.20522,-27.28965],[-54.04014,-27.24375],[-53.83818,-27.12109],[-53.71728,-26.88281],[-53.75332,-26.74863],[-53.71094,-26.35185],[-53.67129,-26.2251],[-53.82324,-25.95957],[-53.89116,-25.66885],[-54.15459,-25.52305],[-54.44394,-25.625],[-54.61587,-25.57607],[-54.63193,-26.00576],[-54.67773,-26.30879],[-54.82549,-26.65225],[-54.93447,-26.70254],[-55.13594,-26.93115],[-55.42666,-27.00928],[-55.59727,-27.20762],[-55.63291,-27.35713],[-55.78999,-27.41641],[-55.95146,-27.32568],[-56.16406,-27.32148],[-56.43716,-27.55381],[-56.60337,-27.46787],[-56.71572,-27.49375],[-56.87173,-27.44062],[-57.11182,-27.47012],[-57.39126,-27.43047],[-57.81221,-27.3166],[-58.16826,-27.27344],[-58.60483,-27.31435],[-58.64175,-27.19609],[-58.48525,-26.96846],[-58.32256,-26.85762],[-58.19131,-26.62998],[-58.20303,-26.38144],[-58.08242,-26.13857],[-57.89062,-26.00654],[-57.75478,-25.69707],[-57.57168,-25.53418],[-57.58716,-25.40508],[-57.82168,-25.13643],[-58.13647,-24.97715],[-58.36538,-24.95928],[-58.51963,-24.84287],[-58.72402,-24.78662],[-59.18726,-24.5623],[-59.37295,-24.45391],[-59.60859,-24.2668],[-59.89248,-24.09355],[-60.1103,-24.00918],[-60.26221,-24.01396],[-60.50537,-23.96357],[-60.83984,-23.8581],[-61.03291,-23.75566],[-61.08472,-23.65644],[-61.2084,-23.55703],[-61.50552,-23.39199],[-61.571,-23.31943],[-61.79853,-23.18203],[-61.92803,-23.05928],[-62.0666,-22.86943],[-62.21416,-22.6124],[-62.37251,-22.43916],[-62.62598,-22.29043],[-62.65098,-22.23369],[-62.74458,-22.15986],[-62.84336,-21.99727],[-63.81865,-22.00547],[-63.97612,-22.07256],[-64.26641,-22.60332],[-64.37397,-22.76103],[-64.52363,-22.37158],[-64.60552,-22.22881],[-64.84307,-22.14394],[-65.05781,-22.10273],[-65.77104,-22.09961],[-66.09858,-21.83506],[-66.24761,-21.83047],[-66.36519,-22.11377],[-66.71172,-22.21631],[-66.80029,-22.40967],[-66.99111,-22.50986],[-67.05542,-22.65088],[-67.19487,-22.82168],[-67.00879,-23.00137],[-67.3562,-24.03379],[-68.25029,-24.39199],[-68.50728,-24.62978],[-68.56201,-24.83769],[-68.46631,-24.92519],[-68.38423,-25.09189],[-68.54082,-25.23672],[-68.60029,-25.48564],[-68.51084,-25.74102],[-68.4145,-26.15371],[-68.52983,-26.27695],[-68.59219,-26.41807],[-68.58115,-26.51836],[-68.31865,-26.87754],[-68.346,-27.02793],[-68.6522,-27.14834],[-68.84634,-27.15371],[-68.94199,-27.40518],[-68.99941,-27.44902],[-69.17441,-27.92471],[-69.25122,-27.97363],[-69.65693,-28.41357],[-69.73491,-28.64111],[-69.74316,-28.78389],[-69.82788,-29.10322],[-69.9956,-29.25],[-70.02681,-29.32402],[-69.92764,-29.76914],[-69.95996,-30.07832],[-69.86338,-30.12031],[-69.95635,-30.3582],[-70.16143,-30.44023],[-70.34814,-30.90234],[-70.30908,-31.02266],[-70.38838,-31.12109],[-70.51958,-31.14844],[-70.5852,-31.56943],[-70.45015,-31.84189],[-70.25439,-31.95771],[-70.36377,-32.0835],[-70.32002,-32.2667],[-70.16963,-32.47168],[-70.17695,-32.62607],[-70.11616,-32.80742],[-70.02197,-32.88457],[-70.09307,-33.02676],[-70.08486,-33.20176],[-70.01982,-33.27148],[-69.81963,-33.28379],[-69.79775,-33.39863],[-69.88257,-33.60098],[-69.89434,-33.73135],[-69.85244,-34.22432],[-70.05205,-34.30078],[-70.10146,-34.43203],[-70.28994,-34.73281],[-70.39316,-35.14687],[-70.55518,-35.24688],[-70.47041,-35.32617],[-70.38018,-35.77187],[-70.40478,-36.06172],[-70.56338,-36.14639],[-70.72192,-36.2832],[-70.74927,-36.39258],[-70.90513,-36.41992],[-71.05552,-36.52373],[-71.06641,-36.64404],[-71.19219,-36.84365],[-71.11841,-37.11436],[-71.20039,-37.30029],[-71.13481,-37.44512],[-71.18672,-37.63106],[-71.16758,-37.7623],[-71.02817,-38.04121],[-70.96797,-38.4459],[-70.84766,-38.5416],[-70.95161,-38.73848],[-71.08711,-38.75752],[-71.28574,-38.84541],[-71.42559,-38.98564],[-71.42002,-39.28721],[-71.53945,-39.60244],[-71.71992,-39.63525],[-71.63789,-39.88682],[-71.65977,-40.0208],[-71.81831,-40.17666],[-71.69531,-40.33525],[-71.80464,-40.43916],[-71.93213,-40.6917],[-71.87305,-40.89297],[-71.91128,-41.65039],[-71.77002,-41.96855],[-71.76094,-42.10146],[-72.02612,-42.14795],[-72.12461,-42.29834],[-72.05347,-42.47324],[-72.1437,-42.57715],[-72.11362,-42.77676],[-72.14644,-42.99004],[-72.05469,-43.10195],[-71.78149,-43.1668],[-71.76387,-43.29463],[-71.90498,-43.34756],[-71.90498,-43.44014],[-71.75063,-43.59014],[-71.79473,-43.75322],[-71.68008,-43.92959],[-71.81235,-44.10605],[-71.82002,-44.3831],[-71.2126,-44.44121],[-71.15088,-44.49404],[-71.26113,-44.76309],[-71.45518,-44.7498],[-71.95703,-44.7915],[-72.0417,-44.9042],[-71.59629,-44.9792],[-71.35376,-45.23047],[-71.34932,-45.33193],[-71.5081,-45.51269],[-71.69331,-45.53477],[-71.77266,-45.72441],[-71.75063,-45.83906],[-71.63154,-45.95371],[-71.68447,-46.04189],[-71.87568,-46.16055],[-71.77764,-46.27998],[-71.69521,-46.57842],[-71.73271,-46.70586],[-71.94023,-46.83125],[-71.96299,-47.01602],[-71.90498,-47.20166],[-72.0417,-47.24141],[-72.10342,-47.34277],[-72.34595,-47.49268],[-72.3415,-47.57207],[-72.51792,-47.87637],[-72.50908,-47.97334],[-72.32832,-48.11006],[-72.29302,-48.2291],[-72.35474,-48.36582],[-72.6084,-48.51934],[-72.6144,-48.79287],[-72.72847,-48.89629],[-72.98174,-48.97676],[-73.14888,-49.18799],[-73.13525,-49.30068],[-73.46157,-49.31387],[-73.57627,-49.58291],[-73.47041,-49.79453],[-73.52891,-49.91094],[-73.50127,-50.12529],[-73.38662,-50.23115],[-73.15293,-50.73828],[-73.08237,-50.76035],[-72.80361,-50.63769],[-72.50981,-50.60752],[-72.34023,-50.68184],[-72.27632,-50.91025],[-72.37681,-51.09541],[-72.30322,-51.29893],[-72.40767,-51.54082],[-72.26899,-51.69111],[-71.95347,-51.88037],[-71.91865,-51.98955],[-69.96025,-52.0082],[-69.48843,-52.13613],[-69.2062,-52.13613],[-68.71519,-52.25547],[-68.46099,-52.29043],[-68.44336,-52.35664],[-68.39375,-52.30703],[-68.69082,-52.01309],[-68.9168,-51.71465],[-69.03252,-51.63623],[-69.02959,-51.44648],[-69.14351,-51.09697],[-69.23516,-50.95059],[-69.15498,-50.86445],[-69.04477,-50.49912],[-68.93945,-50.38232],[-68.74985,-50.28115],[-68.42187,-50.15791],[-68.66162,-49.93574],[-68.56929,-49.86699],[-68.40464,-50.04268],[-68.14565,-50.09141],[-67.91396,-49.98447],[-67.7835,-49.85889],[-67.66196,-49.34219],[-67.68486,-49.24668],[-67.46631,-48.95176],[-67.03311,-48.62773],[-66.39336,-48.34238],[-65.81006,-47.94111],[-65.93423,-47.82676],[-65.77539,-47.56836],[-65.73809,-47.34492],[-65.85366,-47.15674],[-65.99853,-47.09375],[-66.65039,-47.04531],[-66.77685,-47.00586],[-67.38662,-46.55381],[-67.56338,-46.34541],[-67.60889,-46.1668],[-67.55664,-45.97012],[-67.25762,-45.57725],[-66.94141,-45.25732],[-66.58506,-45.18291],[-66.19014,-44.96475],[-65.63877,-45.00781],[-65.59912,-44.87559],[-65.69834,-44.79619],[-65.64761,-44.66143],[-65.36128,-44.47734],[-65.26553,-44.27969],[-65.3084,-44.1582],[-65.23857,-44.04873],[-65.30469,-43.7875],[-65.28359,-43.62998],[-64.98555,-43.29355],[-64.71523,-43.13555],[-64.43223,-43.05918],[-64.31914,-42.96894],[-64.6292,-42.90898],[-65.0269,-42.75889],[-64.9707,-42.66631],[-64.81196,-42.6332],[-64.65049,-42.53144],[-64.48784,-42.51348],[-64.32427,-42.57227],[-64.13066,-42.86143],[-64.03477,-42.88125],[-63.69248,-42.80527],[-63.61733,-42.6958],[-63.5959,-42.40654],[-63.68477,-42.18867],[-63.79556,-42.11387],[-64.22852,-42.21826],[-64.06118,-42.26611],[-64.10088,-42.39512],[-64.42041,-42.43379],[-64.571,-42.41602],[-64.52422,-42.29922],[-64.89805,-42.16182],[-65.05908,-41.96992],[-65.00703,-41.74512],[-65.01826,-41.5669],[-65.15498,-41.10566],[-65.1334,-40.88066],[-64.91689,-40.73135],[-64.85298,-40.81377],[-64.62148,-40.85449],[-64.12319,-41.00781],[-63.773,-41.15],[-63.21284,-41.15244],[-62.95903,-41.10967],[-62.39502,-40.89082],[-62.30185,-40.81465],[-62.24634,-40.67461],[-62.3936,-40.45879],[-62.40185,-40.19658],[-62.28691,-39.89531],[-62.13154,-39.82539],[-62.05366,-39.37383],[-62.33809,-39.15059],[-62.30361,-38.98809],[-62.37446,-38.85293],[-62.18926,-38.81328],[-62.06689,-38.91914],[-61.60254,-38.99883],[-61.11221,-38.99297],[-59.82832,-38.83818],[-59.67627,-38.79668],[-59.00723,-38.67334],[-58.1792,-38.43584],[-57.6456,-38.16963],[-57.54697,-38.08564],[-57.50727,-37.90928],[-57.39575,-37.74463],[-57.08769,-37.44639],[-56.72715,-36.95771],[-56.67202,-36.85127],[-56.6981,-36.42646],[-56.74946,-36.34648],[-56.93716,-36.35254],[-57.07617,-36.29678],[-57.26499,-36.14414],[-57.37549,-35.90029],[-57.35391,-35.72031],[-57.15889,-35.50596],[-57.17065,-35.3625],[-57.30366,-35.18848],[-57.76357,-34.89453],[-58.28335,-34.6835],[-58.46621,-34.45742],[-58.52549,-34.29619],[-58.39248,-34.19297],[-58.45659,-33.89834],[-58.54722,-33.66348],[-58.42446,-33.11152],[-58.25039,-33.07832],[-58.171,-32.95928],[-58.21997,-32.56397],[-58.20117,-32.47168],[-58.12305,-32.32187],[-58.16479,-32.18486],[-58.18901,-31.92422],[-58.04233,-31.76924],[-57.98799,-31.57617],[-58.05386,-31.49492],[-57.86841,-31.10439],[-57.89829,-30.97519],[-57.8106,-30.85859],[-57.87251,-30.59102],[-57.71269,-30.38447],[-57.60889,-30.18779]]],[[[-68.65322,-54.85361],[-68.22012,-54.81758],[-67.79326,-54.86865],[-66.93047,-54.9249],[-66.51113,-55.03213],[-65.84199,-54.90996],[-65.60332,-54.92812],[-65.346,-54.87793],[-65.179,-54.67812],[-65.36929,-54.63213],[-65.74707,-54.65342],[-66.23565,-54.5335],[-66.67007,-54.31357],[-67.29424,-54.0498],[-68.0085,-53.56406],[-68.14409,-53.31904],[-68.48852,-53.26094],[-68.5208,-53.17725],[-68.43115,-53.05527],[-68.27822,-52.98398],[-68.62993,-52.65264],[-68.63345,-53.24189],[-68.6398,-54.32402],[-68.65322,-54.85361]]],[[[-64.54917,-54.71621],[-64.75732,-54.82656],[-64.63735,-54.90254],[-64.10532,-54.72168],[-64.54917,-54.71621]]]]},"properties":{"ADMIN":"Argentina","NAME_EN":"Argentina","ISO_A2_EH":"AR","ISO_A2":"AR","LABEL_X":-64.173331,"LABEL_Y":-33.501159,"MIN_LABEL":2,"LABELRANK":2,"TINY":-99,"TYPE":"Sovereign country"}},
{"type":"Feature","geometry":{"type":"Polygon","coordinates":[[[-61.71606,17.03701],[-61.81728,17.16895],[-61.85967,17.01333],[-61.71606,17.03701]]]},"properties":{"ADMIN":"Antigua and Barbuda","NAME_EN":"Antigua and Barbuda","ISO_A2_EH":"AG","ISO_A2":"AG","LABEL_X":-61.790612,"LABEL_Y":17.352249,"MIN_LABEL":5,"LABELRANK":6,"TINY":4,"TYPE":"Sovereign country"}},
{"type":"Feature","geometry":{"type":"MultiPolygon","coordinates":[[[[13.07275,-4.63477],[12.88106,-4.44512],[12.79824,-4.43057],[12.6417,-4.53115],[12.38457,-4.61914],[12.30791,-4.76553],[12.2043,-4.77861],[12.01836,-5.0043],[12.17715,-5.3248],[12.20654,-5.46826],[12.15547,-5.63271],[12.21367,-5.75869],[12.50371,-5.6958],[12.52236,-5.14893],[12.45147,-5.07148],[12.57354,-4.99658],[12.82969,-4.73662],[13.07275,-4.63477]]],[[[23.9665,-10.87178],[23.83389,-11.01367],[23.4002,-10.97646],[23.15674,-11.0748],[22.81475,-11.08027],[22.56104,-11.05586],[22.27881,-11.19414],[22.22617,-11.12197],[22.17793,-10.89228],[22.28047,-10.78398],[22.30244,-10.39668],[22.19775,-10.04062],[22.08916,-9.86279],[21.94863,-9.72559],[21.81318,-9.46875],[21.82949,-9.16846],[21.90537,-8.69336],[21.8959,-8.34111],[21.80088,-8.11191],[21.78008,-7.86543],[21.83359,-7.60166],[21.8416,-7.421],[21.75107,-7.30547],[21.19033,-7.28496],[20.60781,-7.27773],[20.53691,-7.12178],[20.59873,-6.93516],[20.48223,-6.91582],[19.8752,-6.98633],[19.66035,-7.03711],[19.52764,-7.14443],[19.48379,-7.27949],[19.47988,-7.47217],[19.37168,-7.65508],[19.34082,-7.9666],[19.14268,-8.00146],[18.89834,-7.99814],[18.65342,-7.93603],[18.1915,-8.02383],[18.00879,-8.10762],[17.91309,-8.06768],[17.57959,-8.09902],[17.53603,-8.07588],[17.24502,-7.62334],[17.15508,-7.46133],[16.98477,-7.25742],[16.96582,-7.06211],[16.91943,-6.93398],[16.74297,-6.61846],[16.70938,-6.47168],[16.71777,-6.24141],[16.53711,-5.96582],[16.31523,-5.86562],[15.72695,-5.86387],[14.74941,-5.88008],[14.39863,-5.89268],[13.97852,-5.85723],[13.06816,-5.86484],[12.79063,-6.00391],[12.30254,-6.09258],[12.40215,-6.35342],[12.52129,-6.59033],[12.82344,-6.95478],[12.86231,-7.23184],[13.09082,-7.78018],[13.37852,-8.36973],[13.35898,-8.68721],[12.99854,-9.04805],[13.15566,-9.38965],[13.20938,-9.70322],[13.2875,-9.82676],[13.33223,-9.99893],[13.49541,-10.25713],[13.53945,-10.4207],[13.72139,-10.63359],[13.73897,-10.75713],[13.83359,-10.92969],[13.84746,-11.05439],[13.78428,-11.48799],[13.78535,-11.81279],[13.68555,-12.12383],[13.59795,-12.28613],[13.41699,-12.52041],[13.1627,-12.65215],[12.9832,-12.77568],[12.89766,-13.02773],[12.55049,-13.43779],[12.50371,-13.75547],[12.37891,-14.03906],[12.28047,-14.6375],[12.07324,-15.24824],[11.96787,-15.63398],[11.75088,-15.83193],[11.79697,-15.98643],[11.81895,-16.7041],[11.78008,-16.87129],[11.74307,-17.24922],[11.90254,-17.22656],[12.01397,-17.16856],[12.21338,-17.20996],[12.54815,-17.21269],[12.96318,-17.01543],[13.10117,-16.96768],[13.40371,-17.00781],[13.56172,-17.14121],[13.93799,-17.38877],[14.01748,-17.40889],[14.41475,-17.38769],[15.76582,-17.38965],[16.53105,-17.39082],[17.83535,-17.39277],[18.39639,-17.39941],[18.48662,-17.44277],[18.71807,-17.70322],[18.82598,-17.76631],[19.07647,-17.81768],[19.37715,-17.82549],[19.63935,-17.86865],[19.91182,-17.88135],[20.19434,-17.86367],[20.39297,-17.8874],[20.6251,-17.99668],[20.9083,-18.00605],[21.11348,-17.95576],[21.4169,-18.00068],[22.62402,-17.78164],[23.38066,-17.64062],[22.95586,-17.28574],[22.30508,-16.68955],[22.15068,-16.59717],[22.04023,-16.26279],[21.97979,-15.95557],[21.97949,-14.76143],[21.9793,-14.11963],[21.97891,-13.00098],[23.0415,-13.00098],[23.84316,-13.00098],[23.96807,-12.95693],[23.88242,-12.79902],[23.90938,-12.63613],[23.99131,-12.42217],[23.95889,-12.11777],[23.98389,-11.725],[23.971,-11.63584],[24.04668,-11.40537],[23.9665,-10.87178]]]]},"properties":{"ADMIN":"Angola","NAME_EN":"Angola","ISO_A2_EH":"AO","ISO_A2":"AO","LABEL_X":17.984249,"LABEL_Y":-12.182762,"MIN_LABEL":3,"LABELRANK":3,"TINY":-99,"TYPE":"Sovereign country"}},
{"type":"Feature","geometry":{"type":"Polygon","coordinates":[[[1.70606,42.50332],[1.70986,42.60444],[1.50137,42.64273],[1.42832,42.5959],[1.48623,42.43447],[1.70606,42.50332]]]},"properties":{"ADMIN":"Andorra","NAME_EN":"Andorra","ISO_A2_EH":"AD","ISO_A2":"AD","LABEL_X":1.539409,"LABEL_Y":42.547643,"MIN_LABEL":5,"LABELRANK":6,"TINY":5,"TYPE":"Sovereign country"}},
{"type":"Feature","geometry":{"type":"Polygon","coordinates":[[[8.57656,36.93721],[8.12715,36.91035],[7.91045,36.85635],[7.7916,36.88027],[7.60772,36.99976],[7.2043,37.09238],[7.23848,36.96851],[6.92754,36.91943],[6.57588,37.00303],[6.48652,37.08574],[6.32783,37.04605],[6.24912,36.93833],[6.06475,36.86426],[5.72549,36.79961],[5.42461,36.67544],[5.1956,36.67681],[4.99541,36.80806],[4.7581,36.89634],[3.779,36.89619],[3.52051,36.79512],[2.97285,36.78447],[2.59336,36.60068],[2.34287,36.6103],[1.97451,36.56758],[1.25723,36.51958],[0.97168,36.44395],[0.51494,36.26182],[0.15166,36.06314],[0.04795,35.90054],[-0.18916,35.81909],[-0.42612,35.86152],[-0.91748,35.66841],[-1.20537,35.49575],[-1.33584,35.36426],[-1.67363,35.1831],[-1.91328,35.09424],[-2.21963,35.1042],[-2.13179,34.97085],[-1.7956,34.7519],[-1.84966,34.60732],[-1.7333,34.46704],[-1.7918,34.36792],[-1.70693,34.17607],[-1.70298,33.71685],[-1.63125,33.56675],[-1.6792,33.31865],[-1.55073,33.07358],[-1.51001,32.87764],[-1.35215,32.70337],[-1.11103,32.5523],[-1.06553,32.46831],[-1.24033,32.3376],[-1.22593,32.10723],[-1.27534,32.08901],[-2.44839,32.12998],[-2.86343,32.07471],[-2.93086,32.04253],[-3.01738,31.83428],[-3.43979,31.70454],[-3.70024,31.7001],[-3.82676,31.66191],[-3.83711,31.51235],[-3.78916,31.36182],[-3.8334,31.1978],[-3.67251,31.11138],[-3.6269,31.00093],[-3.702,30.94448],[-3.98535,30.91353],[-4.32285,30.69888],[-4.77852,30.55239],[-4.96826,30.46538],[-5.18013,30.16616],[-5.44878,29.95693],[-5.775,29.86904],[-6.21479,29.81069],[-6.50088,29.80913],[-6.52056,29.65986],[-6.63535,29.5688],[-7.09492,29.6252],[-7.23491,29.5749],[-7.48574,29.39224],[-7.68516,29.34951],[-7.99893,29.13242],[-8.26519,28.98052],[-8.55835,28.76787],[-8.65991,28.7186],[-8.68335,28.62075],[-8.68335,27.65645],[-8.68335,27.28594],[-8.11924,26.95415],[-7.36699,26.51177],[-6.23867,25.84819],[-5.51694,25.42378],[-4.82261,24.99561],[-3.91279,24.40947],[-3.25786,23.98125],[-2.27539,23.33887],[-1.29297,22.69653],[-0.31055,22.0542],[0.34443,21.62598],[1.14551,21.10225],[1.16572,20.81743],[1.29023,20.71357],[1.61065,20.55557],[1.68545,20.37837],[1.92881,20.2727],[2.21934,20.2478],[2.40615,20.06387],[2.86572,19.95596],[3.13027,19.8502],[3.20371,19.7897],[3.20166,19.5604],[3.25586,19.41094],[3.10606,19.1501],[3.25596,19.01328],[3.40088,18.98843],[4.22764,19.14277],[5.74834,19.43423],[5.83662,19.47915],[6.52705,20.07295],[6.98936,20.47051],[7.48174,20.8731],[8.34307,21.38086],[9.37871,21.99141],[10.41436,22.602],[10.93223,22.90728],[11.96787,23.51787],[11.53691,24.29082],[11.50762,24.31436],[10.68613,24.55137],[10.43897,24.48023],[10.25586,24.59102],[10.11953,24.79023],[10.02812,25.05103],[10.00068,25.33208],[9.44824,26.06714],[9.43789,26.24551],[9.49141,26.33374],[9.85938,26.55195],[9.89443,26.84795],[9.83711,26.91582],[9.75254,27.21934],[9.74756,27.33086],[9.91602,27.78569],[9.8582,28.04331],[9.81563,28.56021],[9.84258,28.96699],[9.8207,29.1148],[9.67266,29.56699],[9.54619,29.79595],[9.31025,30.11523],[9.51875,30.2294],[9.36328,30.83291],[9.04404,32.07236],[8.3334,32.5436],[8.3042,32.69629],[8.21094,32.92671],[8.07559,33.08906],[7.7627,33.23311],[7.5002,33.83247],[7.51387,34.08052],[7.74854,34.25449],[7.83828,34.4103],[8.12344,34.56392],[8.2456,34.73408],[8.27685,34.97949],[8.39424,35.20386],[8.31641,35.40313],[8.31807,35.65493],[8.2457,35.87056],[8.34873,36.36797],[8.23076,36.54526],[8.36963,36.63252],[8.44424,36.76074],[8.60127,36.83394],[8.57656,36.93721]]]},"properties":{"ADMIN":"Algeria","NAME_EN":"Algeria","ISO_A2_EH":"DZ","ISO_A2":"DZ","LABEL_X":2.808241,"LABEL_Y":27.397406,"MIN_LABEL":2.5,"LABELRANK":3,"TINY":-99,"TYPE":"Sovereign country"}},
{"type":"Feature","geometry":{"type":"Polygon","coordinates":[[[19.34238,41.86909],[19.57754,41.7875],[19.57568,41.64043],[19.44063,41.42476],[19.48008,41.23638],[19.46123,40.9333],[19.34463,40.62207],[19.43926,40.47026],[19.39815,40.28486],[19.48457,40.20996],[19.85186,40.04356],[19.96484,39.87227],[20.00127,39.70942],[20.20684,39.65352],[20.38164,39.8418],[20.31113,39.97944],[20.45606,40.06558],[20.65742,40.11738],[20.80606,40.44546],[20.9502,40.49439],[21.03106,40.65864],[20.96426,40.8499],[20.87022,40.91792],[20.74082,40.90527],[20.48897,41.27261],[20.44863,41.52129],[20.56621,41.87368],[20.57539,42.01309],[20.48545,42.22339],[20.24053,42.33897],[20.06397,42.54727],[19.78828,42.47617],[19.65449,42.62856],[19.39961,42.3419],[19.28066,42.17256],[19.36143,42.06909],[19.34238,41.86909]]]},"properties":{"ADMIN":"Albania","NAME_EN":"Albania","ISO_A2_EH":"AL","ISO_A2":"AL","LABEL_X":20.11384,"LABEL_Y":40.654855,"MIN_LABEL":5,"LABELRANK":6,"TINY":-99,"TYPE":"Sovereign country"}},
{"type":"Feature","geometry":{"type":"Polygon","coordinates":[[[66.52227,37.34849],[66.1084,37.41475],[65.76504,37.56914],[65.64121,37.46782],[65.55498,37.25117],[65.08965,37.23794],[64.81631,37.13208],[64.60254,36.55454],[64.51104,36.34067],[64.35801,36.22607],[64.09219,36.1127],[64.00967,36.01211],[63.8625,36.01235],[63.30166,35.8584],[63.10859,35.8187],[63.16973,35.67813],[63.05664,35.4458],[62.61055,35.23315],[62.46289,35.25137],[62.30781,35.1708],[62.25283,35.25024],[61.98389,35.4437],[61.71973,35.41943],[61.54277,35.45786],[61.34473,35.62949],[61.26201,35.61958],[61.27852,35.51377],[61.18926,35.31201],[61.1,35.27231],[61.14961,35.09375],[61.08008,34.85562],[60.95117,34.65386],[60.72627,34.51826],[60.88945,34.31943],[60.64268,34.30718],[60.48574,34.09478],[60.52705,33.84199],[60.51084,33.63892],[60.65459,33.5604],[60.80645,33.55869],[60.91699,33.50523],[60.71807,33.32354],[60.56055,33.13784],[60.57656,32.99487],[60.8293,32.24941],[60.78994,31.98711],[60.7916,31.6606],[60.8541,31.48325],[61.66016,31.38242],[61.75508,31.2853],[61.81426,31.07256],[61.78418,30.83193],[60.84336,29.85869],[61.22441,29.74941],[62.37344,29.42539],[62.47656,29.40835],[63.56758,29.498],[64.09873,29.39194],[64.26611,29.50693],[64.52109,29.5645],[65.09551,29.55947],[66.17705,29.8356],[66.31338,29.96856],[66.24717,30.04351],[66.30547,30.32114],[66.28691,30.60791],[66.39717,30.91221],[66.5668,30.99658],[66.73135,31.19453],[66.92432,31.30562],[67.28731,31.21782],[67.45283,31.23462],[67.73789,31.34395],[67.57822,31.50649],[67.73984,31.54819],[68.01719,31.67798],[68.21397,31.80737],[68.44326,31.75449],[68.59766,31.80298],[68.78232,31.64644],[68.86895,31.63423],[69.08311,31.73848],[69.2793,31.93682],[69.24141,32.43355],[69.40537,32.68272],[69.50156,33.02007],[69.70371,33.09473],[69.92012,33.1125],[70.26113,33.28901],[70.28418,33.36904],[70.05664,33.71987],[69.86807,33.89766],[69.88965,34.00728],[69.99473,34.05181],[70.41572,33.95044],[70.84844,33.98189],[71.05156,34.04971],[71.09131,34.12026],[71.0957,34.36943],[70.96563,34.53037],[71.29414,34.86773],[71.45508,34.96694],[71.62051,35.18301],[71.54551,35.28887],[71.60059,35.40791],[71.42754,35.83374],[71.18506,36.04209],[71.23291,36.12178],[71.62051,36.43648],[71.82227,36.48608],[72.09561,36.63374],[72.15674,36.70088],[72.62285,36.82959],[73.1168,36.86856],[73.76914,36.88848],[74.00186,36.8231],[74.54141,37.02217],[74.37217,37.15772],[74.72666,37.29072],[74.89131,37.23164],[74.65938,37.39448],[74.25967,37.41543],[74.16709,37.32944],[73.74961,37.23179],[73.72061,37.41875],[73.48135,37.47168],[73.21113,37.4085],[72.89551,37.26753],[72.75703,37.17271],[72.65742,37.02905],[72.35879,36.98291],[72.15352,36.90054],[71.80205,36.69429],[71.59746,36.73291],[71.53086,36.84512],[71.43291,37.12754],[71.50508,37.60293],[71.58037,37.86426],[71.55195,37.93315],[71.27852,37.91841],[71.33271,38.17026],[71.25586,38.30698],[71.05215,38.41787],[70.87891,38.4564],[70.73594,38.42256],[70.61582,38.33442],[70.41777,38.07544],[70.21465,37.92441],[70.25147,37.66416],[70.18867,37.58247],[70.04473,37.54722],[69.94063,37.60029],[69.62578,37.59404],[69.49209,37.55308],[69.39922,37.39932],[69.41445,37.20776],[69.26484,37.1084],[68.96045,37.32505],[68.66914,37.2584],[68.38691,37.1375],[68.06777,36.94981],[67.95801,36.97202],[67.75898,37.17222],[67.51729,37.26665],[67.31973,37.20957],[67.19551,37.23521],[67.06885,37.33481],[66.82773,37.37129],[66.52227,37.34849]]]},"properties":{"ADMIN":"Afghanistan","NAME_EN":"Afghanistan","ISO_A2_EH":"AF","ISO_A2":"AF","LABEL_X":66.496586,"LABEL_Y":34.164262,"MIN_LABEL":3,"LABELRANK":3,"TINY":-99,"TYPE":"Sovereign country"}},
{"type":"Feature","geometry":{"type":"Polygon","coordinates":[[[77.04863,35.10991],[77.79941,35.4959],[77.44648,35.47559],[77.09004,35.55205],[76.7669,35.66172],[77.04863,35.10991]]]},"properties":{"ADMIN":"Siachen Glacier","NAME_EN":"Siachen Glacier","ISO_A2_EH":"-99","ISO_A2":"-99","LABEL_X":77.129553,"LABEL_Y":35.340606,"MIN_LABEL":6.5,"LABELRANK":5,"TINY":-99,"TYPE":"Indeterminate"}},
{"type":"Feature","geometry":{"type":"MultiPolygon","coordinates":[[[[-57.02065,-63.37285],[-57.07671,-63.2625],[-57.38965,-63.22627],[-57.86807,-63.31875],[-58.21558,-63.45127],[-58.87207,-63.55185],[-59.03643,-63.67031],[-59.51016,-63.8207],[-59.98984,-63.90957],[-60.27725,-63.92393],[-60.86416,-64.07344],[-61.08213,-64.31475],[-61.39595,-64.42715],[-61.63179,-64.60469],[-61.88252,-64.62539],[-62.13965,-64.72676],[-62.57622,-64.75566],[-63.11987,-64.94248],[-63.03262,-65.07978],[-63.48213,-65.08496],[-63.76025,-65.0335],[-64.03804,-65.179],[-64.06592,-65.55371],[-64.65322,-65.86689],[-64.61352,-66.01904],[-64.99873,-65.94629],[-65.26748,-65.99424],[-65.17202,-66.1168],[-65.61728,-66.13525],[-65.77578,-66.34258],[-65.67847,-66.40273],[-65.76641,-66.6249],[-66.3709,-66.60889],[-66.52681,-66.74072],[-66.4647,-66.8752],[-66.61001,-67.20859],[-66.90215,-67.25596],[-66.95508,-66.98477],[-67.16016,-66.95176],[-67.49336,-67.11279],[-67.58579,-67.43516],[-67.48691,-67.54697],[-67.12432,-67.48506],[-66.70498,-67.52715],[-66.91538,-67.69258],[-67.14985,-68.02461],[-66.79336,-68.24043],[-67.11689,-68.5748],[-67.13369,-68.7707],[-67.39053,-68.86123],[-67.02124,-69.02871],[-66.9749,-69.16103],[-67.30435,-69.31758],[-67.37178,-69.4123],[-68.14087,-69.34756],[-68.70796,-69.43223],[-68.46982,-69.64385],[-68.40332,-70.01973],[-67.88848,-70.42168],[-67.69219,-70.68613],[-67.50459,-71.05781],[-67.52993,-71.28457],[-67.46035,-71.52676],[-66.95166,-71.89727],[-66.82773,-72.09043],[-67.30674,-72.61113],[-67.66709,-72.83457],[-68.00034,-72.93555],[-68.82095,-73.10547],[-70.32266,-73.27402],[-71.01719,-73.26279],[-71.45273,-73.35449],[-71.99419,-73.3792],[-72.38081,-73.43838],[-72.9292,-73.44795],[-73.99604,-73.6998],[-74.59404,-73.71523],[-75.29307,-73.63877],[-76.29121,-73.80537],[-77.13491,-73.81768],[-76.7645,-73.56631],[-76.85049,-73.46045],[-78.40786,-73.55576],[-78.78623,-73.50674],[-78.96372,-73.3124],[-79.52173,-73.08955],[-80.44224,-72.94453],[-80.61421,-73.0834],[-80.33638,-73.41416],[-81.02432,-73.23555],[-81.2624,-73.31494],[-81.16318,-73.63242],[-81.30874,-73.73828],[-82.1835,-73.85684],[-83.04189,-73.70723],[-83.56484,-73.70596],[-84.21416,-73.57275],[-84.9812,-73.50205],[-85.58218,-73.25898],[-85.98076,-73.2085],[-86.60215,-73.35371],[-87.03794,-73.35391],[-87.40102,-73.19199],[-87.93633,-73.24092],[-88.41938,-73.229],[-88.56074,-73.1207],[-88.19453,-72.85859],[-88.5269,-72.70234],[-89.12715,-72.69316],[-89.34126,-72.88955],[-89.81768,-72.8626],[-90.29541,-72.97793],[-90.27378,-73.11865],[-90.43091,-73.24326],[-90.92095,-73.31914],[-92.24102,-73.17842],[-92.82837,-73.16465],[-93.70596,-73.21504],[-94.24619,-73.31299],[-94.58647,-73.24951],[-95.23662,-73.22012],[-96.15215,-73.30928],[-96.67583,-73.26856],[-98.0124,-73.0332],[-99.81074,-72.9999],[-100.25879,-73.04131],[-100.82051,-72.98115],[-101.6812,-73.02988],[-102.40928,-72.9874],[-102.27202,-72.83496],[-102.48477,-72.73565],[-103.11011,-72.72119],[-103.375,-72.81885],[-103.07617,-73.18457],[-102.67505,-73.3209],[-101.18945,-73.31787],[-100.43638,-73.35313],[-100.0208,-73.40254],[-99.20034,-73.571],[-99.7811,-73.72012],[-100.98545,-73.75723],[-101.31074,-73.69521],[-102.41064,-73.61641],[-102.79951,-73.6457],[-102.76645,-73.88379],[-101.71543,-74.02373],[-101.58672,-74.09639],[-101.25171,-74.48574],[-100.88184,-74.54111],[-100.53086,-74.48887],[-100.1186,-74.51504],[-100.01269,-74.66211],[-100.26489,-74.82295],[-100.16406,-74.93789],[-99.6519,-74.94883],[-99.20815,-75.07852],[-98.55786,-75.18975],[-98.75234,-75.31709],[-99.53135,-75.30898],[-100.08281,-75.37041],[-100.46343,-75.35342],[-101.03935,-75.42187],[-101.30371,-75.36582],[-101.7081,-75.12734],[-103.4249,-75.10127],[-103.90132,-75.15254],[-104.61782,-75.15625],[-104.90185,-75.11514],[-106.61885,-75.34395],[-106.93213,-75.30937],[-107.80474,-75.32158],[-108.25449,-75.25254],[-109.27217,-75.18506],[-111.1042,-75.19082],[-111.46313,-75.1334],[-110.96758,-74.95127],[-110.53193,-74.83633],[-110.30044,-74.71064],[-110.22978,-74.53633],[-110.30708,-74.3667],[-110.53394,-74.28887],[-111.18018,-74.18809],[-111.62998,-74.18144],[-111.80635,-74.26973],[-111.6959,-74.5041],[-111.78872,-74.57168],[-111.58442,-74.75088],[-111.69624,-74.79219],[-113.0915,-74.8917],[-113.93184,-74.98184],[-113.90347,-74.64443],[-113.33296,-74.4542],[-113.75327,-74.3667],[-113.5085,-74.08887],[-114.34595,-73.925],[-114.79102,-73.98857],[-115.10518,-74.45508],[-115.22261,-74.4874],[-116.43301,-74.44707],[-117.06831,-74.47324],[-118.34204,-74.38154],[-118.80293,-74.42227],[-119.02241,-74.51787],[-119.677,-74.65459],[-121.54394,-74.75],[-123.88945,-74.77305],[-124.31245,-74.73574],[-125.35342,-74.71465],[-126.38398,-74.74258],[-127.02021,-74.69785],[-127.86338,-74.71924],[-129.79082,-74.89141],[-130.1956,-74.89062],[-130.85747,-74.82598],[-131.70654,-74.81094],[-132.04936,-74.76572],[-132.99165,-74.80615],[-133.47485,-74.85185],[-134.11714,-74.82969],[-134.84038,-74.69414],[-135.36206,-74.69043],[-136.03008,-74.76533],[-136.22783,-74.83603],[-136.54951,-75.13945],[-137.09014,-75.15264],[-137.61816,-75.07559],[-139.14883,-75.16016],[-139.69116,-75.21279],[-140.70928,-75.49766],[-141.22334,-75.5459],[-140.87432,-75.7459],[-141.50571,-75.69043],[-142.32983,-75.49092],[-143.57427,-75.56357],[-144.2206,-75.73144],[-145.10552,-75.87891],[-145.98774,-75.88877],[-146.38301,-76.09971],[-145.64233,-76.32568],[-145.88574,-76.42432],[-146.81733,-76.31807],[-147.8602,-76.13086],[-148.32031,-76.10449],[-148.89482,-76.27178],[-149.65425,-76.36533],[-148.60107,-76.49326],[-147.34043,-76.43838],[-146.77666,-76.50703],[-145.75049,-76.74902],[-145.62925,-76.95371],[-145.96699,-77.06875],[-145.51572,-77.19922],[-145.80796,-77.27324],[-145.60064,-77.45527],[-146.39062,-77.47246],[-146.92759,-77.25986],[-147.73022,-77.30977],[-148.57241,-77.10508],[-148.77749,-77.125],[-148.74438,-77.34326],[-148.25981,-77.4126],[-148.33994,-77.55117],[-149.12598,-77.64268],[-149.71772,-77.79746],[-150.30557,-77.73144],[-151.71899,-77.42588],[-153.07695,-77.44248],[-153.4606,-77.41602],[-153.90996,-77.22695],[-154.81494,-77.12695],[-156.21123,-77.10566],[-156.66768,-77.21299],[-157.46538,-77.23125],[-157.84204,-77.0792],[-158.21357,-77.15713],[-158.22998,-77.49766],[-158.50039,-77.77832],[-158.28589,-77.95078],[-157.2668,-78.1998],[-155.3415,-78.19199],[-154.29302,-78.25908],[-154.71641,-78.39814],[-155.91977,-78.51035],[-156.46934,-78.63535],[-155.20991,-78.96484],[-153.51758,-79.11728],[-152.24351,-79.10273],[-152.09141,-79.2416],[-150.49062,-79.5456],[-149.05142,-79.65693],[-148.17651,-79.77588],[-148.4335,-79.92949],[-148.31714,-80.071],[-150.2207,-80.15],[-150.57539,-80.35371],[-150.13276,-80.51045],[-149.21406,-80.6042],[-149.14717,-80.71865],[-148.02344,-80.83574],[-148.12275,-80.90078],[-152.03477,-81.029],[-155.92114,-81.1334],[-156.52822,-81.1623],[-157.03252,-81.31914],[-154.90781,-81.51035],[-153.95664,-81.70019],[-154.71743,-81.94072],[-153.00986,-82.44961],[-153.82227,-82.66934],[-155.15024,-82.8584],[-155.45942,-82.98076],[-157.67949,-83.12949],[-157.02778,-83.23437],[-157.42847,-83.34639],[-159.44439,-83.54316],[-160.59473,-83.48955],[-162.19727,-83.51894],[-163.11108,-83.3291],[-164.44556,-83.46768],[-164.91562,-83.29004],[-166.21689,-83.20078],[-168.41768,-83.22881],[-169.44077,-83.096],[-171.82129,-82.84746],[-173.07114,-82.91582],[-174.06597,-82.9001],[-169.16768,-83.4498],[-167.55288,-83.81084],[-164.95088,-83.80586],[-164.08291,-83.94609],[-164.68506,-84.15459],[-163.76519,-84.32422],[-165.12515,-84.37461],[-163.56851,-84.52871],[-158.30342,-84.77803],[-156.98633,-84.81113],[-156.48965,-84.88926],[-156.98828,-84.98223],[-157.12749,-85.18564],[-160.8209,-84.98662],[-162.9334,-84.90117],[-166.91108,-84.81924],[-167.49219,-84.83369],[-168.66777,-84.68359],[-171.70366,-84.54238],[-174.66318,-84.46269],[-175.87461,-84.51035],[-176.28901,-84.41836],[-178.3895,-84.3375],[-180,-84.35156],[-180,-85.05752],[-180,-85.76338],[-180,-86.46934],[-180,-87.17519],[-180,-87.88105],[-180,-88.58701],[-180,-89.29297],[-180,-89.58291],[-180,-89.99893],[180,-89.99893],[180,-84.35156],[179.40303,-84.20615],[177.58106,-84.0749],[175.32285,-83.94004],[175.01104,-83.83906],[173.82236,-83.81016],[172.87393,-83.67315],[171.91719,-83.64404],[171.2207,-83.475],[170.33203,-83.47881],[169.83789,-83.39902],[168.11006,-83.36201],[168.60732,-83.06533],[168.0918,-82.97471],[167.23262,-82.95234],[166.95674,-82.76465],[166.4459,-82.72217],[164.74717,-82.35439],[163.26856,-82.46328],[161.2832,-82.48994],[161.1665,-82.40781],[163.68008,-82.1873],[162.82119,-81.86621],[161.99609,-81.65303],[161.58213,-81.60977],[160.90781,-81.39023],[160.46982,-81.34062],[160.7167,-81.19961],[160.7168,-80.90742],[160.26016,-80.78672],[160.83027,-80.72988],[160.52129,-80.5834],[160.54219,-80.425],[158.57363,-80.42344],[158.76748,-80.29336],[160.55879,-80.01055],[160.26484,-79.73662],[160.20918,-79.55439],[160.64609,-79.42685],[160.48272,-79.20146],[161.19053,-78.97871],[161.95147,-79.02998],[161.50176,-78.67725],[161.97451,-78.69424],[162.63945,-78.89775],[162.89512,-78.84482],[164.63477,-78.60322],[166.1168,-78.57109],[166.52461,-78.69492],[167.04902,-78.68603],[167.05801,-78.51846],[166.20859,-78.45166],[165.66299,-78.30566],[165.41758,-78.04219],[165.05059,-78.22607],[164.62813,-78.31562],[163.97764,-78.22383],[164.42969,-78.04219],[164.4209,-77.8835],[164.03643,-77.85303],[163.61914,-77.58232],[163.60762,-77.38779],[163.08691,-77.03232],[162.45029,-76.95566],[162.76279,-76.7457],[162.67461,-76.56934],[162.82461,-76.46357],[162.72754,-76.22539],[162.43652,-76.15488],[162.81572,-75.84619],[162.23906,-75.62168],[162.18965,-75.46689],[161.90352,-75.4042],[161.22734,-75.38613],[160.91074,-75.33467],[161.67959,-75.21777],[162.08779,-75.26162],[162.53359,-75.16709],[162.6041,-74.82314],[163.16738,-74.60195],[163.26553,-74.42627],[163.55654,-74.41738],[163.73525,-74.56377],[164.17402,-74.52324],[165.30283,-74.59375],[165.26309,-74.42617],[164.77568,-74.02852],[164.97988,-73.92588],[164.74961,-73.55879],[164.81299,-73.39678],[165.12949,-73.38262],[165.34697,-73.87939],[165.73369,-73.8667],[166.10606,-73.73516],[165.97061,-73.63076],[166.15938,-73.53379],[166.99609,-73.54434],[167.61582,-73.33682],[166.83398,-73.22432],[166.46699,-72.99746],[166.88281,-73.01123],[167.15566,-73.14727],[168.20449,-73.12978],[168.73594,-73.09121],[169.0334,-73.20039],[169.54502,-73.05039],[169.84482,-72.79463],[169.82861,-72.72881],[168.82002,-72.55244],[169.07236,-72.46875],[169.44033,-72.48682],[170.04775,-72.60059],[170.28584,-72.47715],[169.95352,-72.40283],[170.03008,-72.11553],[170.22402,-71.94795],[170.67539,-71.96855],[170.85908,-71.86855],[170.43574,-71.41875],[170.27686,-71.44394],[170.16231,-71.63047],[168.79785,-71.2748],[168.17266,-71.1832],[167.56943,-70.81025],[166.62695,-70.66426],[165.85391,-70.64531],[165.20938,-70.5708],[164.40322,-70.51045],[163.99844,-70.63652],[163.34873,-70.6209],[163.02647,-70.50137],[162.67481,-70.30459],[162.21602,-70.33398],[162.02197,-70.43984],[162.03965,-70.625],[162.28652,-70.96904],[161.91611,-70.90732],[161.6251,-70.91611],[161.42451,-70.82676],[161.03701,-70.31719],[160.65186,-70.08057],[160.20967,-69.9749],[160.12578,-69.73428],[159.78398,-69.52187],[159.38633,-69.46836],[158.15781,-69.20889],[157.77578,-69.20469],[157.48135,-69.30869],[157.04639,-69.17627],[156.48867,-69.18301],[156.01094,-69.07783],[155.52031,-69.02441],[154.9875,-68.84131],[154.19971,-68.41787],[153.78467,-68.34961],[153.70527,-68.72891],[153.08184,-68.85684],[152.54551,-68.72959],[151.56211,-68.69365],[151.28877,-68.81709],[151.13887,-68.76416],[151.06826,-68.38496],[150.93594,-68.3585],[150.34219,-68.43574],[149.7169,-68.41777],[148.88057,-68.43115],[148.45625,-68.46699],[147.56856,-68.3751],[147.09365,-68.36865],[146.79766,-68.27363],[146.89658,-68.12031],[146.82783,-67.96465],[145.9752,-67.62422],[145.55645,-67.59092],[145.12793,-67.62598],[144.8791,-67.7209],[144.4043,-67.79424],[144.18906,-67.8998],[143.94199,-67.79404],[144.15371,-67.64414],[144.25967,-67.47871],[144.62119,-67.14141],[144.34785,-67.01797],[143.91113,-67.09072],[143.8627,-66.93857],[143.44824,-66.87676],[142.88838,-67.0001],[142.6875,-67.01279],[142.32666,-66.94834],[141.97285,-66.80674],[141.51719,-66.79404],[141.28594,-66.83184],[140.90156,-66.75195],[139.9001,-66.71514],[139.2416,-66.57402],[138.13994,-66.54394],[137.75381,-66.40645],[137.33623,-66.34648],[136.88916,-66.33965],[136.55332,-66.43896],[136.19395,-66.29219],[135.35195,-66.12715],[134.97148,-66.33018],[134.28945,-66.47676],[134.17891,-66.27705],[133.84277,-66.15361],[133.44453,-66.08144],[133.14824,-66.09482],[132.87432,-66.17803],[132.32031,-66.16543],[131.83086,-66.23584],[130.95176,-66.19141],[130.57852,-66.20859],[130.12051,-66.2915],[129.74121,-66.46855],[129.23691,-67.0416],[128.43057,-67.11914],[127.96807,-67.02793],[127.54121,-67.05107],[126.87363,-66.75938],[126.66475,-66.49756],[125.86563,-66.36445],[125.39795,-66.42441],[125.09512,-66.64111],[124.59785,-66.7082],[124.19619,-66.60078],[123.96934,-66.6081],[123.22168,-66.74512],[122.18281,-66.85947],[121.4876,-67.09072],[120.97871,-67.13574],[120.40039,-67.23603],[119.13301,-67.3707],[118.92168,-67.31973],[119.28066,-67.19922],[119.95371,-67.07588],[119.76797,-66.9915],[118.96465,-67.14482],[118.51895,-67.16094],[118.13867,-67.08242],[117.74473,-67.12852],[117.13193,-67.11435],[116.71348,-67.04717],[116.50908,-67.10791],[115.88525,-67.20195],[115.38418,-67.23809],[115.17188,-67.30781],[114.65791,-67.38789],[114.02656,-67.44121],[113.9125,-67.36768],[113.99121,-67.21191],[114.57061,-67.1085],[115.27373,-67.02793],[115.4419,-66.95801],[115.63535,-66.77119],[115.31035,-66.56084],[115.08242,-66.49297],[114.61856,-66.46797],[114.33691,-66.36016],[113.95449,-66.06045],[113.70977,-65.92959],[113.09941,-65.7999],[111.45313,-65.96094],[110.90674,-66.07666],[110.58701,-66.3123],[110.62227,-66.52402],[110.43701,-66.62109],[109.82373,-66.83369],[109.46279,-66.90869],[108.91006,-66.86191],[108.37617,-66.76582],[108.15791,-66.63906],[107.78506,-66.66406],[107.66729,-66.58037],[107.1709,-66.47041],[106.38691,-66.41064],[105.00039,-66.16406],[104.66699,-66.13682],[103.95117,-65.98809],[103.63877,-65.99893],[103.1666,-65.91689],[102.67422,-65.86514],[102.17412,-65.9542],[101.47441,-65.95117],[101.32715,-66.10049],[100.88906,-66.35801],[100.21172,-66.47393],[99.37012,-66.64824],[98.85889,-66.6708],[98.72012,-66.55312],[98.25762,-66.46748],[97.71982,-66.60732],[97.38848,-66.57861],[97.10059,-66.49941],[96.42373,-66.59961],[95.54102,-66.63096],[94.83984,-66.50137],[94.31348,-66.64717],[93.96426,-66.68965],[93.35801,-66.58545],[93.0749,-66.57109],[92.73057,-66.62441],[92.07344,-66.50791],[91.54609,-66.57207],[91.02168,-66.60283],[90.54727,-66.73428],[89.69844,-66.82305],[88.78945,-66.79199],[88.31416,-66.81748],[87.98027,-66.78848],[87.08486,-66.94014],[86.7502,-67.03711],[86.11836,-67.05498],[85.71074,-67.16133],[84.74834,-67.10225],[84.48516,-67.11445],[84.16074,-67.24414],[83.90371,-67.29199],[83.49365,-67.44121],[83.3043,-67.60303],[82.60703,-67.61309],[82.27324,-67.6917],[82.01699,-67.69004],[80.36309,-67.94688],[79.28779,-68.11934],[78.72627,-68.27783],[78.56348,-68.39375],[78.48896,-68.62578],[78.01514,-68.8919],[77.81748,-69.06894],[77.54092,-69.17441],[77.19199,-69.20596],[76.35977,-69.49023],[76.11172,-69.4874],[75.89121,-69.57559],[75.8207,-69.72549],[75.42383,-69.89307],[75.14785,-69.85547],[74.57109,-69.87959],[73.94219,-69.74316],[73.67607,-69.82578],[73.32481,-69.84893],[72.82207,-70.0959],[72.76035,-70.3957],[72.2626,-70.65674],[71.90488,-70.70664],[71.46484,-71.15459],[71.27676,-71.62393],[71.07881,-71.73672],[70.61621,-71.84209],[70.29434,-72.05537],[69.96211,-72.13291],[69.55469,-72.37451],[68.41982,-72.51504],[67.97139,-72.75059],[67.97139,-73.08564],[67.32207,-73.30029],[66.56914,-73.20918],[66.49766,-73.12549],[66.89209,-72.94863],[67.11338,-72.64111],[67.43223,-72.00293],[68.0374,-71.39102],[68.62373,-71.18144],[68.87275,-71.03516],[69.18838,-70.70459],[69.2502,-70.43105],[69.0209,-70.32519],[68.55938,-70.4125],[67.94082,-70.42285],[67.65898,-70.32598],[67.26797,-70.27314],[67.57539,-70.08789],[68.17812,-69.8373],[68.74375,-69.92139],[69.08262,-69.8666],[69.18848,-69.65488],[68.87979,-69.46973],[68.90625,-69.37275],[69.37188,-69.33144],[69.62949,-69.23164],[69.53076,-69.02402],[69.64561,-68.93223],[69.53418,-68.73691],[69.98223,-68.46426],[69.60303,-68.04102],[69.65596,-67.86455],[69.41641,-67.74297],[68.89951,-67.86211],[68.32793,-67.88955],[67.17481,-67.76797],[66.48838,-67.76553],[64.57363,-67.62041],[63.69902,-67.5083],[63.2376,-67.52685],[62.68789,-67.64756],[62.17393,-67.57549],[61.30908,-67.54023],[60.48203,-67.38516],[59.86758,-67.40312],[59.25078,-67.48496],[58.7374,-67.22959],[57.62744,-67.01406],[57.36113,-67.05264],[56.8916,-67.05625],[56.56211,-67.11592],[56.15488,-67.26455],[55.80273,-67.19932],[56.39141,-66.97383],[56.45322,-66.77978],[56.29453,-66.60342],[56.82363,-66.71269],[57.18545,-66.61328],[56.85938,-66.42344],[56.36152,-66.37275],[55.71035,-66.07998],[55.29043,-65.9542],[54.94785,-65.91631],[53.67178,-65.85869],[52.95527,-65.94551],[52.37822,-65.96914],[51.88457,-66.02002],[50.93691,-66.31543],[50.58828,-66.35644],[50.33242,-66.44463],[50.24434,-66.60342],[50.30606,-66.75332],[50.5209,-66.82002],[50.60596,-67.15019],[50.55303,-67.19434],[50.00615,-67.17519],[49.24707,-66.9416],[48.83027,-66.93828],[48.46523,-67.04346],[48.71367,-67.21689],[49.21934,-67.22685],[49.05293,-67.35244],[48.63037,-67.5206],[48.64805,-67.79404],[48.55098,-67.92637],[48.32168,-67.91748],[48.20996,-67.69932],[47.95859,-67.66006],[47.48984,-67.72793],[47.11719,-67.57266],[47.40293,-67.40918],[46.88389,-67.2748],[46.55967,-67.26816],[46.31729,-67.40195],[46.39902,-67.61758],[45.8877,-67.65977],[45.56934,-67.73643],[44.98955,-67.76924],[44.69981,-67.9043],[43.5541,-68.0456],[43.1709,-68.05977],[42.81953,-68.12324],[42.40879,-68.35185],[41.82461,-68.43262],[41.13271,-68.5751],[40.81709,-68.72363],[40.48389,-68.73887],[40.0417,-68.86777],[39.86387,-68.96699],[39.70508,-69.42559],[39.48701,-69.60801],[38.85928,-70.00605],[38.88555,-70.17187],[38.49941,-70.05615],[38.14434,-69.82422],[37.78711,-69.72568],[37.55977,-69.71836],[37.11484,-69.81045],[36.71875,-69.65225],[36.01777,-69.66182],[35.22481,-69.6373],[35.13135,-69.48691],[34.74951,-69.16768],[34.5959,-69.09453],[33.81367,-69.09932],[33.77207,-69.02002],[34.21934,-68.79063],[34.19287,-68.70244],[33.46563,-68.6707],[33.12148,-68.68916],[32.6416,-68.86894],[32.56758,-69.07422],[32.90313,-69.37871],[32.98936,-69.62422],[32.80977,-69.90937],[32.62129,-70.00059],[31.37881,-70.22578],[31.06289,-70.22471],[30.00332,-70.3],[29.46387,-70.40625],[28.91152,-70.5831],[28.38643,-70.68203],[27.69775,-70.77246],[27.20684,-70.91094],[26.49883,-71.01953],[25.97412,-71.0374],[25.1874,-70.971],[24.75674,-70.89209],[24.38574,-70.7044],[24.38574,-70.53691],[24.23574,-70.44863],[23.80361,-70.40459],[23.66484,-70.575],[23.40684,-70.72324],[22.979,-70.81035],[22.44541,-70.73975],[22.23369,-70.64268],[22.36602,-70.4751],[21.96231,-70.30039],[21.70498,-70.2585],[21.33731,-70.49512],[21.0708,-70.84346],[20.12813,-70.91758],[19.26514,-70.90234],[19.02656,-70.67402],[19.19639,-70.29316],[18.87725,-70.20137],[18.43262,-70.28994],[18.12461,-70.54033],[16.70918,-70.39727],[16.58486,-70.20381],[16.38106,-70.14512],[16.0252,-70.19346],[15.80693,-70.32402],[15.06387,-70.29473],[14.4918,-70.29961],[13.82266,-70.34316],[13.29795,-70.22959],[13.06563,-70.05361],[12.59512,-70.11738],[12.9294,-70.21338],[12.46162,-70.37012],[12.06797,-70.6165],[11.70127,-70.7666],[11.20352,-70.72871],[10.21768,-70.50791],[9.61348,-70.26904],[9.1416,-70.18369],[8.81748,-70.39082],[8.52305,-70.47383],[7.67676,-70.35635],[7.40117,-70.49443],[6.50801,-70.58643],[5.11309,-70.65566],[3.50693,-70.84443],[2.60947,-70.9001],[1.90869,-71.00361],[0.83496,-71.20234],[0.1542,-71.39795],[-0.54316,-71.71269],[-0.75986,-71.63027],[-0.89585,-71.34922],[-1.21636,-71.28418],[-1.35425,-71.38682],[-2.0146,-71.4334],[-2.26133,-71.35713],[-2.81201,-71.321],[-3.71318,-71.37461],[-4.45015,-71.32773],[-5.95005,-71.3416],[-6.11748,-71.32598],[-6.08027,-71.1541],[-5.58789,-70.85674],[-5.69473,-70.74531],[-5.93633,-70.71269],[-6.83818,-70.84453],[-7.38813,-70.78691],[-7.75273,-70.84277],[-7.87349,-70.94033],[-7.61797,-71.12148],[-7.71372,-71.54648],[-7.91582,-71.63535],[-8.64648,-71.67275],[-8.96592,-71.36133],[-9.23066,-71.17402],[-9.88799,-71.02734],[-10.09873,-70.92637],[-10.33101,-71.02402],[-10.0335,-71.13066],[-10.52007,-71.29551],[-10.82544,-71.55332],[-11.66304,-71.33125],[-12.07368,-71.29687],[-12.35132,-71.38975],[-12.14819,-71.61367],[-11.33306,-71.78555],[-11.00923,-71.75791],[-10.9581,-71.90195],[-11.49697,-72.41289],[-12.09473,-72.49814],[-12.74692,-72.62891],[-13.20859,-72.78506],[-13.60283,-72.79209],[-14.29775,-72.73301],[-14.0001,-73.00059],[-14.321,-73.12305],[-15.00703,-73.04746],[-15.596,-73.09678],[-16.4352,-73.42568],[-16.51885,-73.64404],[-15.93564,-73.75762],[-16.22012,-73.91572],[-15.74883,-73.9456],[-14.61143,-73.85176],[-14.57383,-73.9375],[-15.28975,-74.28086],[-15.67251,-74.40732],[-16.42954,-74.32393],[-17.29902,-74.33389],[-17.92275,-74.69922],[-18.22119,-74.97451],[-18.51694,-75.05195],[-18.74922,-75.24209],[-18.51694,-75.38994],[-18.85093,-75.47021],[-19.49302,-75.53994],[-20.4875,-75.49199],[-20.7833,-75.59395],[-21.43379,-75.6831],[-22.46548,-75.66103],[-24.26958,-75.76699],[-26.05933,-75.95723],[-27.13452,-76.15732],[-28.93364,-76.37031],[-30.22197,-76.66035],[-30.48921,-76.7623],[-31.67578,-77.03311],[-32.06338,-77.15986],[-32.61406,-77.14082],[-33.59116,-77.31123],[-34.07578,-77.42539],[-34.55146,-77.72852],[-35.0876,-77.83711],[-35.50928,-78.04121],[-36.18086,-78.46836],[-36.23916,-78.77422],[-35.51597,-78.93301],[-34.99492,-78.97754],[-34.19736,-79.11025],[-32.99424,-79.22881],[-31.41279,-79.14521],[-30.64526,-79.12412],[-30.31592,-79.16309],[-30.21123,-79.48525],[-29.94932,-79.59902],[-25.25864,-79.7625],[-24.29985,-79.7708],[-23.40684,-79.85898],[-23.57446,-79.96484],[-24.24028,-80.06191],[-29.3291,-80.17207],[-31.01543,-80.3081],[-31.31211,-80.4501],[-32.25571,-80.46074],[-35.327,-80.65068],[-35.96577,-80.89092],[-36.8124,-80.97471],[-37.20928,-81.06387],[-38.77173,-80.88232],[-40.44082,-81.16514],[-40.91455,-81.17236],[-41.43384,-81.29775],[-42.04629,-81.59785],[-43.18037,-82.01719],[-43.66934,-82.27012],[-45.04375,-82.43799],[-46.17529,-82.51162],[-46.51675,-82.45459],[-46.04639,-82.15869],[-46.25806,-81.94697],[-47.36025,-82.004],[-48.36079,-81.89228],[-50.65303,-81.97549],[-52.41494,-82.13486],[-53.98608,-82.20059],[-55.29468,-82.46484],[-55.80068,-82.47842],[-57.35361,-82.84023],[-59.51602,-83.4584],[-60.9832,-83.42754],[-61.58984,-83.34121],[-61.21841,-82.9918],[-61.91699,-82.97666],[-62.73564,-82.52734],[-60.81719,-82.27578],[-62.64531,-82.26309],[-64.91958,-82.37051],[-65.91318,-82.1832],[-65.91621,-81.90225],[-64.13711,-81.86934],[-64.19019,-81.79482],[-65.48662,-81.775],[-64.69609,-81.65234],[-62.54185,-81.67832],[-62.49023,-81.55674],[-64.75015,-81.52168],[-65.57368,-81.46055],[-67.96543,-81.14824],[-68.58984,-80.96797],[-69.18159,-81.00488],[-70.23911,-80.85664],[-70.56006,-80.64658],[-71.01768,-80.61904],[-72.17358,-80.76387],[-73.02949,-80.91729],[-73.93784,-80.81592],[-74.80659,-80.88652],[-75.23652,-80.80264],[-75.70903,-80.38271],[-76.40732,-80.09492],[-77.16045,-80.15293],[-78.17607,-80.1668],[-79.6604,-79.99687],[-77.70185,-80.00957],[-76.55786,-79.90352],[-76.03159,-79.62705],[-76.21768,-79.38721],[-76.49912,-79.32568],[-79.45566,-79.30439],[-80.15117,-79.26807],[-80.48852,-79.321],[-80.53481,-79.51279],[-80.89199,-79.50186],[-81.66089,-79.0998],[-83.26001,-78.77422],[-83.76274,-78.46113],[-83.2459,-78.35703],[-83.68774,-78.14805],[-83.779,-77.98359],[-82.60845,-78.4124],[-81.9293,-78.55908],[-80.29229,-78.82275],[-78.71162,-78.75205],[-77.86914,-78.74551],[-77.54502,-78.65957],[-77.43257,-78.43467],[-77.8581,-78.35098],[-81.44102,-77.88564],[-80.60156,-77.75195],[-79.679,-77.84258],[-77.74214,-77.94033],[-76.43784,-78.04414],[-75.39844,-78.15781],[-74.81206,-78.17783],[-74.04214,-78.10937],[-73.25156,-77.89424],[-72.87515,-77.69385],[-72.85195,-77.59023],[-74.58061,-77.47803],[-75.38691,-77.47422],[-76.24858,-77.2749],[-77.16797,-76.83389],[-77.19004,-76.62978],[-76.24419,-76.58535],[-75.26836,-76.58144],[-73.87978,-76.69678],[-72.72231,-76.68906],[-71.79868,-76.75273],[-70.89502,-76.73935],[-70.09551,-76.65449],[-69.91528,-76.52197],[-69.30439,-76.35078],[-67.51821,-76.10977],[-66.37041,-76.01338],[-65.32173,-75.81514],[-65.04439,-75.7875],[-63.36338,-75.45146],[-63.30381,-75.35225],[-64.27954,-75.29287],[-63.85752,-75.20615],[-63.23105,-75.15381],[-63.33691,-75.03477],[-63.92471,-75.00449],[-63.12524,-74.84951],[-63.17812,-74.68418],[-62.7085,-74.73711],[-62.37246,-74.95215],[-61.92803,-74.86279],[-61.89443,-74.71309],[-62.22568,-74.50557],[-61.63999,-74.51357],[-61.01079,-74.47832],[-60.7043,-74.30713],[-61.33179,-74.32861],[-61.84277,-74.28965],[-61.5708,-74.19473],[-61.22685,-74.20791],[-61.04165,-74.12197],[-61.31943,-74.03594],[-61.83823,-74.03203],[-61.6917,-73.92383],[-61.20342,-73.95664],[-60.90273,-73.8706],[-60.79028,-73.71182],[-60.87886,-73.61201],[-61.40547,-73.46709],[-61.63696,-73.5002],[-61.7876,-73.25488],[-61.42842,-73.19141],[-61.08135,-73.32822],[-60.56069,-73.21143],[-60.12222,-73.27529],[-59.95684,-73.03057],[-60.38467,-73.00732],[-60.53232,-72.83213],[-60.53232,-72.67334],[-60.93916,-72.69971],[-61.28613,-72.60078],[-61.27978,-72.46826],[-60.73032,-72.42598],[-60.6646,-72.3625],[-60.71943,-72.07266],[-61.31025,-72.11269],[-61.62803,-72.05273],[-62.25664,-72.01758],[-61.93892,-71.90361],[-61.03506,-71.82002],[-60.94902,-71.74727],[-61.21357,-71.56406],[-61.56279,-71.67529],[-61.78955,-71.61602],[-61.51592,-71.4791],[-61.00308,-71.31934],[-61.01724,-71.16689],[-61.25166,-71.00225],[-61.31284,-70.86758],[-61.96108,-70.90059],[-61.99414,-70.72861],[-61.69648,-70.67578],[-61.50469,-70.49053],[-62.00078,-70.49717],[-62.37778,-70.36484],[-61.96108,-70.12012],[-62.20244,-70.02793],[-62.40713,-69.82725],[-62.45054,-69.58437],[-62.58682,-69.47725],[-62.99409,-69.32891],[-63.45596,-69.04189],[-63.34351,-68.81045],[-63.74702,-68.70459],[-63.79648,-68.46973],[-64.16924,-68.58252],[-64.07847,-68.77119],[-64.89829,-68.67334],[-65.2416,-68.5832],[-64.99648,-68.40781],[-65.3314,-68.36416],[-65.36519,-68.2875],[-64.89595,-68.16836],[-65.6395,-68.13057],[-65.46943,-68.00947],[-65.60005,-67.87568],[-65.41807,-67.65957],[-65.52344,-67.44463],[-65.44312,-67.32617],[-64.81929,-67.30732],[-64.87812,-67.02451],[-64.68628,-66.80625],[-64.04258,-66.92725],[-63.75474,-66.87295],[-63.80879,-66.76094],[-64.07773,-66.6541],[-63.75566,-66.40898],[-63.75254,-66.27773],[-63.25752,-66.26377],[-62.70478,-66.68008],[-62.61538,-66.43574],[-62.75483,-66.31016],[-62.68203,-66.23731],[-62.24126,-66.19707],[-61.87544,-66.29609],[-61.52612,-66.22568],[-61.43193,-66.14473],[-61.14976,-66.21172],[-60.90273,-66.19102],[-60.56538,-65.97939],[-60.61831,-65.9331],[-61.26611,-65.97998],[-61.35913,-66.05879],[-61.83906,-66.11953],[-62.16914,-66.03135],[-62.30503,-65.84043],[-61.99141,-65.58916],[-62.14531,-65.33174],[-61.94785,-65.19228],[-61.57744,-65.18564],[-61.73618,-65.0335],[-61.05986,-64.98125],[-60.65996,-64.7292],[-59.96309,-64.43135],[-59.57319,-64.53076],[-59.54678,-64.35879],[-59.22939,-64.44355],[-58.89546,-64.38887],[-58.83896,-64.18682],[-58.53188,-63.91543],[-58.26299,-63.76338],[-57.85674,-63.65684],[-57.46064,-63.51357],[-57.15225,-63.4791],[-57.11919,-63.63779],[-56.83477,-63.63125],[-57.02065,-63.37285]]],[[[-45.22266,-78.81074],[-45.06782,-78.66143],[-43.94722,-78.59756],[-43.80859,-78.28652],[-44.33984,-78.09287],[-45.53027,-77.88144],[-46.25786,-77.80488],[-46.82568,-77.78525],[-47.69209,-77.84014],[-49.08125,-78.04746],[-49.35415,-78.22246],[-50.21963,-78.60527],[-50.73306,-79.28271],[-50.37866,-79.33818],[-50.33926,-79.47949],[-51.71133,-79.98984],[-52.29717,-80.14121],[-53.48232,-80.18896],[-54.04492,-80.4875],[-54.34717,-80.56943],[-54.1625,-80.87012],[-49.77305,-80.78418],[-49.1875,-80.64277],[-43.52793,-80.19141],[-43.7582,-80.02051],[-43.26728,-79.97861],[-42.98999,-79.80127],[-42.96538,-79.47705],[-43.54434,-78.90195],[-43.72207,-78.81846],[-45.22266,-78.81074]]],[[[-59.73394,-80.34414],[-59.49814,-80.11504],[-59.78779,-80.10098],[-59.70635,-79.87529],[-59.87334,-79.77695],[-60.57881,-79.74102],[-61.34311,-79.88682],[-61.68418,-80.01973],[-61.69434,-80.13438],[-61.31284,-80.30654],[-62.5188,-80.37334],[-65.98008,-80.38447],[-66.37695,-80.22227],[-66.77114,-80.29385],[-66.18374,-80.44199],[-64.26826,-80.74853],[-64.06504,-80.65039],[-63.14399,-80.59482],[-62.94038,-80.76582],[-62.02334,-80.88906],[-60.58281,-80.94814],[-59.82549,-80.7333],[-59.73394,-80.34414]]],[[[-70.05112,-69.18906],[-70.10547,-68.95937],[-70.41699,-68.78896],[-71.39155,-68.87353],[-71.86899,-68.94102],[-72.13789,-69.11455],[-72.08066,-69.26719],[-71.74292,-69.42275],[-71.71821,-69.52402],[-71.852,-69.80703],[-71.85361,-69.96934],[-71.69609,-70.06777],[-71.12051,-70.19648],[-70.71953,-70.13945],[-70.32764,-70.15967],[-69.97529,-70.36016],[-70.32808,-70.36123],[-71.06108,-70.53711],[-71.19004,-70.65957],[-71.04941,-70.76211],[-70.29868,-70.83613],[-69.83042,-70.91367],[-69.83511,-71.09258],[-70.26768,-70.96475],[-71.19404,-70.98477],[-71.71851,-71.14512],[-72.35635,-71.0748],[-73.0604,-71.12695],[-72.90547,-71.22314],[-72.43008,-71.275],[-72.62158,-71.38838],[-73.39741,-71.32119],[-73.60449,-71.35078],[-73.54536,-71.57305],[-74.18721,-71.38301],[-74.42539,-71.45693],[-74.3918,-71.63818],[-74.86313,-71.54336],[-75.29258,-71.61494],[-75.35308,-71.87842],[-74.78584,-72.06357],[-74.4293,-72.05557],[-74.20894,-72.14228],[-73.89927,-72.15234],[-73.53711,-72.02236],[-73.82988,-71.87021],[-73.63291,-71.83496],[-72.92764,-71.92168],[-72.41221,-71.6623],[-72.25908,-71.64121],[-71.81616,-71.82188],[-71.35498,-71.83643],[-70.821,-71.90654],[-71.10664,-72.04707],[-71.89756,-72.1208],[-71.66147,-72.2498],[-71.41255,-72.28447],[-70.64141,-72.16963],[-70.20601,-72.22773],[-70.42769,-72.32256],[-70.87261,-72.36641],[-72.13496,-72.33135],[-72.61821,-72.2751],[-73.08638,-72.40781],[-72.88765,-72.54668],[-72.36748,-72.66973],[-71.84614,-72.63935],[-70.73135,-72.62295],[-70.54346,-72.66445],[-69.20933,-72.53418],[-69.14927,-72.42656],[-68.64004,-72.20977],[-68.24102,-71.82217],[-68.27793,-71.09707],[-68.33599,-70.85605],[-68.73057,-70.40811],[-69.09126,-70.09033],[-69.41694,-69.5832],[-69.70757,-69.3209],[-70.05112,-69.18906]]],[[[-98.09111,-71.9125],[-98.18916,-71.82002],[-98.61543,-71.76377],[-99.2541,-71.97217],[-99.56309,-71.94492],[-99.8332,-72.04609],[-100.08462,-71.83691],[-102.12812,-71.98545],[-102.26479,-72.13525],[-102.02212,-72.18496],[-101.60195,-72.17568],[-100.35742,-72.27812],[-100.19521,-72.27266],[-99.14883,-72.47197],[-98.64067,-72.48975],[-98.40781,-72.54766],[-97.82832,-72.55703],[-97.25029,-72.5209],[-96.05176,-72.57725],[-96.07817,-72.45381],[-95.57539,-72.40996],[-95.53105,-72.24873],[-95.60937,-72.06846],[-96.79873,-72.25947],[-96.71494,-72.13164],[-96.29819,-72.04512],[-96.125,-71.89551],[-96.38335,-71.83633],[-96.86943,-71.85098],[-97.08872,-71.94404],[-97.24199,-72.13184],[-97.58198,-72.09512],[-97.47349,-72.00029],[-97.81602,-71.91885],[-97.92314,-72.1166],[-98.16797,-72.12305],[-98.09111,-71.9125]]],[[[-120.55625,-73.75605],[-121.49731,-73.73281],[-122.43569,-73.68164],[-123.11216,-73.68223],[-123.03467,-73.8376],[-122.62471,-73.96553],[-122.88076,-74.09902],[-122.76475,-74.21865],[-122.85908,-74.34268],[-122.28662,-74.40312],[-121.0624,-74.3373],[-120.9895,-74.15703],[-120.27246,-73.98916],[-120.55625,-73.75605]]],[[[-126.32988,-73.28623],[-127.26763,-73.304],[-127.41435,-73.51631],[-127.23291,-73.58555],[-126.49609,-73.70019],[-126.47168,-73.81211],[-124.873,-74.2083],[-123.83672,-74.22568],[-123.80044,-74.07627],[-124.15181,-73.94424],[-124.12852,-73.83398],[-124.53999,-73.73975],[-124.99341,-73.82978],[-125.67441,-73.82217],[-125.82842,-73.71836],[-125.27607,-73.69053],[-125.73579,-73.40566],[-126.32988,-73.28623]]],[[[-159.05293,-79.80742],[-158.99658,-79.73516],[-159.68408,-79.40244],[-161.64297,-78.90098],[-162.39004,-78.76016],[-163.2561,-78.72207],[-164.12554,-78.99531],[-164.22578,-79.3208],[-163.7124,-79.44199],[-161.86553,-79.70352],[-160.3021,-79.84453],[-159.05293,-79.80742]]],[[[167.08408,-77.32168],[166.98731,-77.18652],[166.41309,-77.25195],[166.62637,-77.37676],[166.23682,-77.54746],[166.729,-77.85098],[167.39228,-77.64863],[168.32256,-77.68252],[168.75459,-77.65332],[169.35273,-77.52471],[169.27559,-77.45469],[168.45078,-77.38613],[167.46094,-77.39434],[167.08408,-77.32168]]],[[[-31.11885,-79.79844],[-31.60488,-79.64473],[-32.00029,-79.73242],[-31.82412,-79.84951],[-30.42212,-80.01084],[-29.61445,-79.90957],[-29.8709,-79.82324],[-30.66016,-79.7331],[-31.11885,-79.79844]]],[[[-33.93418,-79.32041],[-34.3915,-79.22295],[-35.53467,-79.09004],[-36.4813,-79.29404],[-34.04995,-79.35713],[-33.93418,-79.32041]]],[[[-70.33408,-79.67988],[-69.73174,-79.61836],[-69.68647,-79.44336],[-69.25088,-79.21035],[-68.63794,-79.01318],[-67.48096,-78.68242],[-66.72808,-78.38369],[-67.03813,-78.31572],[-67.47852,-78.3625],[-69.39824,-78.68613],[-70.54399,-78.88369],[-71.25449,-79.05967],[-71.66748,-79.2457],[-71.78354,-79.44434],[-71.52578,-79.62363],[-70.33408,-79.67988]]],[[[-57.846,-64.05391],[-57.77949,-63.86826],[-57.92568,-63.80605],[-58.2748,-63.91621],[-58.42495,-64.06777],[-58.14707,-64.09736],[-58.13769,-64.20615],[-58.30444,-64.31455],[-57.70332,-64.29326],[-57.58076,-64.35039],[-57.32764,-64.23779],[-57.24946,-64.09707],[-57.59292,-63.96709],[-57.846,-64.05391]]],[[[-55.52803,-63.17353],[-55.58965,-63.12832],[-56.04219,-63.15713],[-56.38511,-63.23408],[-56.50532,-63.33428],[-56.37852,-63.4373],[-55.75019,-63.29668],[-55.15679,-63.35312],[-55.15625,-63.20478],[-55.52803,-63.17353]]],[[[-57.97842,-61.91191],[-58.39946,-61.93828],[-58.68359,-62.0082],[-58.95522,-62.16426],[-58.59404,-62.24775],[-58.46665,-62.13721],[-58.14756,-62.06348],[-57.96274,-62.07754],[-57.67656,-61.94209],[-57.97842,-61.91191]]],[[[-63.18057,-64.46953],[-63.33359,-64.26621],[-63.6831,-64.34277],[-63.67441,-64.42139],[-64.17109,-64.58193],[-64.27207,-64.69756],[-64.00708,-64.76856],[-63.64687,-64.80303],[-63.55845,-64.73418],[-63.27544,-64.71738],[-63.02559,-64.61094],[-63.18057,-64.46953]]],[[[-62.32578,-64.42441],[-62.18569,-64.36885],[-62.0585,-64.13809],[-62.54497,-64.0457],[-62.47974,-64.21064],[-62.74683,-64.47168],[-62.32578,-64.42441]]],[[[-67.98848,-67.47441],[-68.17515,-67.34414],[-67.68784,-67.14736],[-67.96841,-67.03223],[-67.93237,-66.84453],[-67.68115,-66.70898],[-67.83052,-66.62432],[-68.33594,-66.80205],[-68.81992,-67.23359],[-69.08242,-67.40312],[-69.09756,-67.60273],[-68.90137,-67.74424],[-68.58042,-67.73281],[-68.3813,-67.55537],[-67.98848,-67.47441]]],[[[-73.70664,-70.63516],[-74.03833,-70.55293],[-74.45615,-70.58672],[-74.46865,-70.72666],[-75.00747,-70.60889],[-75.21001,-70.77256],[-76.03457,-70.83594],[-76.50024,-70.94141],[-76.42148,-71.09043],[-76.17632,-71.13242],[-74.80581,-71.0123],[-74.20503,-70.92412],[-73.55034,-70.72344],[-73.70664,-70.63516]]],[[[-74.98711,-69.72783],[-75.26455,-69.74932],[-75.33994,-69.84023],[-75.68135,-69.88164],[-75.81294,-69.98398],[-75.72676,-70.09609],[-74.84883,-70.1793],[-74.67178,-70.13174],[-74.43799,-69.94961],[-74.81016,-69.75244],[-74.98711,-69.72783]]],[[[-74.35444,-73.09844],[-74.22388,-72.99707],[-74.47388,-72.89375],[-75.37686,-72.82041],[-75.73105,-72.8793],[-75.43945,-72.99424],[-76.01768,-73.08545],[-76.05312,-73.25469],[-75.90083,-73.33262],[-74.57466,-73.61133],[-74.36611,-73.46426],[-74.66768,-73.27529],[-74.35444,-73.09844]]],[[[-91.16069,-73.18223],[-90.77559,-72.99297],[-90.80713,-72.61065],[-91.30352,-72.54736],[-91.67002,-72.62373],[-91.35688,-72.90947],[-91.51084,-73.19551],[-91.16069,-73.18223]]],[[[167.64277,-78.14141],[167.42236,-78.00644],[166.86367,-78.19639],[166.11113,-78.08965],[166.12187,-78.27461],[167.37695,-78.24902],[167.64277,-78.14141]]],[[[100.98145,-65.67754],[101.23838,-65.56455],[101.22061,-65.47227],[100.8834,-65.37812],[100.40938,-65.46562],[100.27031,-65.60332],[100.54688,-65.70127],[100.98145,-65.67754]]],[[[26.85723,-70.38115],[26.68623,-70.11445],[26.30107,-70.07246],[25.98252,-70.1999],[26.00537,-70.37295],[26.47022,-70.44795],[26.85723,-70.38115]]],[[[-5.89409,-70.55225],[-6.06826,-70.40469],[-6.43799,-70.45264],[-6.1561,-70.61152],[-5.89409,-70.55225]]],[[[-3.28022,-70.53379],[-2.73804,-70.50703],[-2.71352,-70.32021],[-2.9499,-70.27969],[-3.28745,-70.34404],[-3.49683,-70.48838],[-3.28022,-70.53379]]],[[[-66.17363,-80.07783],[-65.50444,-79.9543],[-65.57925,-79.7708],[-66.01416,-79.62441],[-66.97891,-79.56865],[-67.71914,-79.62021],[-67.07725,-79.76182],[-66.9042,-79.90889],[-66.17363,-80.07783]]],[[[-67.26191,-79.45264],[-67.06865,-79.26846],[-68.03257,-79.22715],[-68.54893,-79.4374],[-67.43433,-79.50117],[-67.26191,-79.45264]]],[[[-55.16543,-61.22041],[-55.05762,-61.16865],[-55.38701,-61.07266],[-55.29702,-61.24853],[-55.16543,-61.22041]]],[[[-55.87256,-63.53564],[-55.85791,-63.40732],[-56.20986,-63.43691],[-56.17837,-63.51328],[-55.87256,-63.53564]]],[[[-57.24048,-64.5668],[-56.99102,-64.46797],[-57.02256,-64.35234],[-57.4459,-64.45986],[-57.24048,-64.5668]]],[[[-56.05996,-63.07852],[-56.06177,-63.01269],[-56.48857,-62.98223],[-56.61416,-63.04512],[-56.3541,-63.16885],[-56.05996,-63.07852]]],[[[-61.99761,-69.72187],[-61.80718,-69.51465],[-61.81597,-69.37617],[-62.11792,-69.21475],[-62.44214,-69.146],[-62.49624,-69.28818],[-62.21602,-69.49492],[-62.17192,-69.63662],[-61.99761,-69.72187]]],[[[-60.625,-62.56006],[-60.73184,-62.49102],[-61.06333,-62.67891],[-60.37803,-62.6165],[-60.22095,-62.74541],[-60.00273,-62.61846],[-60.13989,-62.54873],[-60.625,-62.56006]]],[[[-71.98535,-69.69844],[-72.33115,-69.4918],[-72.72617,-69.41309],[-72.95732,-69.5291],[-72.77676,-69.64502],[-72.20205,-69.74014],[-71.98535,-69.69844]]],[[[-95.02705,-72.66504],[-94.42602,-72.6126],[-94.51387,-72.4917],[-95.21562,-72.59941],[-95.02705,-72.66504]]],[[[-104.53794,-73.16631],[-104.97241,-72.94102],[-105.13179,-72.9915],[-104.88096,-73.20059],[-104.53794,-73.16631]]],[[[-119.54893,-74.11025],[-119.05859,-73.99766],[-118.95928,-73.80947],[-119.51636,-73.7749],[-119.80259,-73.81465],[-119.54893,-74.11025]]],[[[-127.36582,-74.62266],[-127.14517,-74.48018],[-127.85298,-74.33184],[-128.09624,-74.46621],[-127.81709,-74.57461],[-127.36582,-74.62266]]],[[[-161.9938,-83.11875],[-161.63516,-83.02695],[-162.79849,-82.86484],[-163.79595,-82.84268],[-163.04653,-83.09678],[-161.9938,-83.11875]]],[[[-160.46714,-81.58945],[-160.93789,-81.46348],[-162.45649,-81.31328],[-163.20063,-81.28145],[-163.86899,-81.32402],[-163.76606,-81.44482],[-163.25308,-81.48242],[-160.46714,-81.58945]]],[[[169.84365,-73.60498],[169.96035,-73.51435],[169.7832,-73.32422],[169.47949,-73.53945],[169.84365,-73.60498]]],[[[96.6127,-66.03584],[96.39883,-66.08018],[96.39453,-66.225],[96.93398,-66.20078],[96.93164,-66.0584],[96.6127,-66.03584]]],[[[103.39727,-65.44531],[103.18613,-65.33057],[103.13682,-65.19062],[102.89287,-65.12969],[102.78877,-65.23594],[103.11279,-65.31201],[103.13848,-65.43506],[103.39727,-65.44531]]],[[[92.60137,-65.8083],[92.63379,-65.73066],[92.30147,-65.70674],[92.33301,-65.80723],[92.60137,-65.8083]]],[[[85.82236,-66.95332],[85.9377,-66.89414],[85.80625,-66.77461],[85.34033,-66.72334],[85.35879,-66.8543],[85.61738,-66.95088],[85.82236,-66.95332]]],[[[72.00225,-70.63262],[72,-70.45684],[71.65938,-70.49746],[72.00225,-70.63262]]],[[[16.22266,-70.00762],[16.31543,-69.84443],[16.62549,-69.75029],[16.24688,-69.70498],[15.69902,-69.77324],[15.61387,-69.93906],[16.15928,-70.07197],[16.22266,-70.00762]]],[[[3.03691,-70.59736],[3.25986,-70.44883],[3.07217,-70.38164],[2.63145,-70.50039],[2.69775,-70.62353],[3.03691,-70.59736]]],[[[1.29932,-70.25518],[1.46094,-70.13564],[1.41221,-70.04072],[1.02676,-70.04981],[0.99033,-70.22432],[1.29932,-70.25518]]],[[[-2.53281,-70.76777],[-2.7498,-70.69414],[-3.53706,-70.6833],[-3.00698,-70.85146],[-2.80054,-70.98223],[-2.82515,-71.11269],[-2.60674,-71.14111],[-2.36894,-71.04443],[-2.09228,-70.8209],[-2.53281,-70.76777]]],[[[4.52588,-70.47871],[4.61758,-70.36865],[4.49502,-70.25137],[4.06973,-70.29023],[4.12959,-70.41699],[4.52588,-70.47871]]],[[[-20.60742,-73.88662],[-20.58022,-73.61924],[-20.86704,-73.67666],[-21.02451,-73.88008],[-21.28828,-73.98935],[-21.93037,-74.05664],[-21.16655,-74.13262],[-20.97676,-74.2251],[-20.84565,-74.43779],[-20.48901,-74.49268],[-20.42334,-74.31738],[-20.65425,-74.10498],[-20.60742,-73.88662]]],[[[-16.10449,-72.6791],[-16.30288,-72.47803],[-16.51655,-72.53086],[-16.45303,-72.65234],[-16.10449,-72.6791]]],[[[-12.50889,-72.17334],[-12.78887,-72.00654],[-12.96328,-72.06445],[-12.72017,-72.1877],[-12.50889,-72.17334]]],[[[-60.74062,-70.71055],[-60.48769,-70.64668],[-60.55366,-70.50879],[-60.88389,-70.51758],[-60.97554,-70.59912],[-60.74062,-70.71055]]],[[[-65.84526,-65.84248],[-65.81387,-65.68662],[-65.96831,-65.571],[-66.17529,-65.8665],[-65.84526,-65.84248]]],[[[-67.34893,-67.76621],[-67.14941,-67.65019],[-67.55674,-67.60449],[-67.74326,-67.66123],[-67.69336,-67.76348],[-67.34893,-67.76621]]],[[[-73.87842,-73.35684],[-73.54243,-73.12383],[-73.83213,-73.11328],[-74.14663,-73.31543],[-73.87842,-73.35684]]],[[[-116.73862,-74.16504],[-116.60864,-74.06855],[-116.15498,-73.91045],[-116.3813,-73.86553],[-117.37646,-74.08281],[-117.23032,-74.19277],[-116.73862,-74.16504]]],[[[-131.0667,-74.58379],[-130.9811,-74.41406],[-131.76269,-74.32383],[-132.16265,-74.42578],[-131.84087,-74.54258],[-131.0667,-74.58379]]],[[[-145.23809,-75.71123],[-145.41738,-75.58799],[-145.76079,-75.51387],[-146.04277,-75.61191],[-145.23809,-75.71123]]],[[[-146.60674,-76.96133],[-146.24438,-76.8831],[-147.08667,-76.8373],[-146.98144,-77.00566],[-146.60674,-76.96133]]],[[[-149.33325,-76.71738],[-148.98389,-76.84531],[-148.38418,-76.74443],[-149.33325,-76.71738]]],[[[-146.69014,-76.24639],[-146.94902,-76.09814],[-147.34541,-76.14668],[-146.69014,-76.24639]]],[[[-150.39707,-77.36914],[-151.02153,-77.22002],[-151.34448,-77.29629],[-150.39707,-77.36914]]],[[[-153.93047,-80.0333],[-155.67427,-79.76553],[-155.75117,-79.82959],[-154.94165,-79.96631],[-153.93047,-80.0333]]],[[[-149.23066,-77.12051],[-149.87061,-76.875],[-150.39331,-76.89873],[-150.78852,-76.98164],[-150.46182,-77.07568],[-149.23066,-77.12051]]]]},"properties":{"ADMIN":"Antarctica","NAME_EN":"Antarctica","ISO_A2_EH":"AQ","ISO_A2":"AQ","LABEL_X":35.885455,"LABEL_Y":-79.843222,"MIN_LABEL":4,"LABELRANK":4,"TINY":-99,"TYPE":"Indeterminate"}},
{"type":"Feature","geometry":{"type":"Polygon","coordinates":[[[-63.12305,18.06895],[-63.02305,18.01919],[-63.01118,18.06895],[-63.12305,18.06895]]]},"properties":{"ADMIN":"Sint Maarten","NAME_EN":"Sint Maarten","ISO_A2_EH":"SX","ISO_A2":"SX","LABEL_X":-63.070133,"LABEL_Y":18.04088,"MIN_LABEL":5,"LABELRANK":6,"TINY":4,"TYPE":"Country"}},
{"type":"Feature","geometry":{"type":"Polygon","coordinates":[[[179.21367,-8.52422],[179.21162,-8.48809],[179.19795,-8.48867],[179.20088,-8.51211],[179.21367,-8.52422]]]},"properties":{"ADMIN":"Tuvalu","NAME_EN":"Tuvalu","ISO_A2_EH":"TV","ISO_A2":"TV","LABEL_X":179.209587,"LABEL_Y":-8.513717,"MIN_LABEL":5,"LABELRANK":6,"TINY":5,"TYPE":"Sovereign country"}}
]}